step,loss_cls,loss_box,loss_ctr,loss_total
0,0.5253857374191284,1.6794501543045044,0.3205539286136627,2.5253898203372955
1,0.6024500727653503,1.8980039358139038,0.36770129203796387,2.868155300617218
2,0.5465476512908936,1.7958614826202393,0.333373486995697,2.67578262090683
3,0.6113764047622681,1.8908370733261108,0.3732398450374603,2.8754533231258392
4,0.6860659122467041,2.119750738143921,0.4183783233165741,3.224194973707199
5,0.7189221382141113,2.3019254207611084,0.4385150671005249,3.4593626260757446
6,0.7577884793281555,2.3409621715545654,0.46169599890708923,3.56044664978981
7,0.7016420364379883,2.185030698776245,0.42826858162879944,3.314941316843033
8,0.9125688076019287,2.7849857807159424,0.5560916066169739,4.253646194934845
9,1.0435497760772705,3.1744301319122314,0.6355344653129578,4.85351437330246
10,1.0475788116455078,3.3200924396514893,0.6401954293251038,5.007866680622101
11,0.8410037159919739,2.626368284225464,0.5134177803993225,3.9807897806167603
12,0.828554630279541,2.623089075088501,0.5058361291885376,3.9574798345565796
13,1.0327165126800537,3.0485634803771973,0.6295920014381409,4.710871994495392
14,0.9205527901649475,2.7493538856506348,0.5607657432556152,4.2306724190711975
15,0.8798408508300781,2.583446502685547,0.5356650352478027,3.9989523887634277
16,1.2198271751403809,3.62784743309021,0.7455562949180603,5.593230903148651
17,0.9807840585708618,2.732595920562744,0.597862720489502,4.311242699623108
18,0.8567118048667908,2.2278380393981934,0.5265076756477356,3.6110575199127197
19,0.730718731880188,1.5796328783035278,0.4509252607822418,2.7612768709659576
20,0.9729899764060974,1.9669878482818604,0.6227646470069885,3.5627424716949463
21,0.9331212043762207,2.5489144325256348,0.6079329252243042,4.08996856212616
22,0.6527637839317322,1.2412337064743042,0.4297329783439636,2.32373046875
23,1.0097709894180298,1.925440788269043,0.6904726624488831,3.625684440135956
24,1.0575484037399292,2.4152679443359375,0.6870664954185486,4.159882843494415
25,0.8631321787834167,1.8893437385559082,0.5528340339660645,3.3053099513053894
26,1.1545177698135376,2.1529500484466553,0.7542991042137146,4.0617669224739075
27,1.0649235248565674,1.8526784181594849,0.6972611546516418,3.614863097667694
28,0.7089381814002991,1.6745359897613525,0.5572580695152283,2.94073224067688
29,0.7981446981430054,2.0149011611938477,0.6344208121299744,3.4474666714668274
30,0.7601502537727356,1.5830992460250854,0.5626072883605957,2.9058567881584167
31,0.8608705997467041,1.9339828491210938,0.6042998433113098,3.3991532921791077
32,1.1758500337600708,2.880735397338867,0.8844279050827026,4.941013336181641
33,0.6969108581542969,1.5694721937179565,0.5583873987197876,2.824770450592041
34,0.8597738146781921,1.9257147312164307,0.7083659768104553,3.493854522705078
35,0.8002439737319946,1.665221095085144,0.635666012763977,3.1011310815811157
36,0.9062132239341736,1.8283815383911133,0.6545993685722351,3.389194130897522
37,0.59822016954422,1.4843226671218872,0.5661115646362305,2.6486544013023376
38,0.8456968665122986,1.7926257848739624,0.6465859413146973,3.2849085927009583
39,0.8859152793884277,1.9799729585647583,0.7283477783203125,3.5942360162734985
40,0.840955913066864,1.8897860050201416,0.7663623094558716,3.497104227542877
41,0.911937415599823,1.757594347000122,0.7229149341583252,3.3924466967582703
42,0.7479094862937927,1.617091417312622,0.6453841328620911,3.010385036468506
43,0.8010355234146118,1.8157461881637573,0.6933550238609314,3.3101367354393005
44,1.0284770727157593,1.9835079908370972,0.7821275591850281,3.7941126227378845
45,0.7325541973114014,1.5543044805526733,0.6401200890541077,2.9269787669181824
46,0.9212507605552673,1.8768330812454224,0.7365133762359619,3.5345972180366516
47,0.7815446853637695,1.6564316749572754,0.6640753746032715,3.1020517349243164
48,0.7593729496002197,1.8010300397872925,0.721724271774292,3.282127261161804
49,0.6894214153289795,1.4903440475463867,0.623390793800354,2.80315625667572
50,0.5653489828109741,1.39572274684906,0.5346438884735107,2.495715618133545
51,0.6406456828117371,1.6799644231796265,0.7148022651672363,3.0354123711586
52,0.7590934634208679,1.5559357404708862,0.6748766899108887,2.989905893802643
53,0.7778259515762329,1.840056300163269,0.7821040749549866,3.3999863266944885
54,0.6326645612716675,1.473873257637024,0.6482403874397278,2.754778206348419
55,0.574055016040802,1.3736789226531982,0.6033814549446106,2.551115393638611
56,0.7538769841194153,1.8950159549713135,0.8053999543190002,3.454292893409729
57,0.6309613585472107,1.502819538116455,0.6512095928192139,2.7849904894828796
58,0.7319638133049011,1.6699048280715942,0.6815802454948425,3.083448886871338
59,0.6329171657562256,1.6084507703781128,0.6813989877700806,2.922766923904419
60,0.6714246869087219,1.8142507076263428,0.6921976208686829,3.1778730154037476
61,0.5251718759536743,1.4218491315841675,0.5888685584068298,2.5358895659446716
62,0.5538408756256104,1.3464478254318237,0.5791296362876892,2.4794183373451233
63,0.5572114586830139,1.3360103368759155,0.5876871347427368,2.4809089303016663
64,0.6154198050498962,1.5424774885177612,0.6553682088851929,2.8132655024528503
65,0.6980044841766357,1.6695586442947388,0.7222021222114563,3.089765250682831
66,0.6178414821624756,1.2818894386291504,0.5771504044532776,2.4768813252449036
67,0.6171901226043701,1.3699474334716797,0.6367524266242981,2.623889982700348
68,0.576392412185669,1.517399787902832,0.6464753746986389,2.74026757478714
69,0.6256226301193237,1.4531948566436768,0.6513524055480957,2.730169892311096
70,0.6451508402824402,1.5952664613723755,0.6354436278343201,2.8758609294891357
71,0.6181501746177673,1.4874985218048096,0.6309399008750916,2.7365885972976685
72,0.7531677484512329,1.5378271341323853,0.6656820774078369,2.956676959991455
73,0.5912439823150635,1.3745934963226318,0.5702245831489563,2.5360620617866516
74,0.7898216247558594,1.6708050966262817,0.7192543745040894,3.1798810958862305
75,0.6662905812263489,1.3394489288330078,0.6140661835670471,2.619805693626404
76,0.7042196989059448,1.629196047782898,0.7155898213386536,3.0490055680274963
77,0.6491092443466187,1.6290007829666138,0.7381804585456848,3.0162904858589172
78,0.5716244578361511,1.4244641065597534,0.6263962984085083,2.622484862804413
79,0.639975905418396,1.5900331735610962,0.6896563768386841,2.9196654558181763
80,0.5246164202690125,1.3765263557434082,0.619073748588562,2.5202165246009827
81,0.7076177000999451,1.7482928037643433,0.7629977464675903,3.2189082503318787
82,0.6427997946739197,1.654421091079712,0.7175397872924805,3.014760673046112
83,0.5154920220375061,1.3791944980621338,0.6169716119766235,2.5116581320762634
84,0.5676645040512085,1.465527892112732,0.633167564868927,2.6663599610328674
85,0.42987969517707825,1.015985131263733,0.4616474509239197,1.9075122773647308
86,0.6192011833190918,1.7090171575546265,0.7146318554878235,3.0428501963615417
87,0.5552836060523987,1.4878398180007935,0.5832566022872925,2.6263800263404846
88,0.5772188305854797,1.460581660270691,0.6552543044090271,2.6930547952651978
89,0.7208296060562134,1.7238404750823975,0.7465061545372009,3.1911762356758118
90,0.5922959446907043,1.4859793186187744,0.6561842560768127,2.7344595193862915
91,0.5423722863197327,1.2850325107574463,0.5420415997505188,2.3694463968276978
92,0.5608267188072205,1.395336389541626,0.5787313580513,2.5348944664001465
93,0.4781216084957123,1.209519386291504,0.5600358247756958,2.247676819562912
94,0.7111689448356628,1.5941106081008911,0.7437066435813904,3.0489861965179443
95,0.5693089962005615,1.4024797677993774,0.6373956799507141,2.609184443950653
96,0.6476971507072449,1.3441516160964966,0.6186312437057495,2.610480010509491
97,0.5682491660118103,1.5661031007766724,0.6249430775642395,2.759295344352722
98,0.4722484052181244,1.029782772064209,0.5073753595352173,2.0094065368175507
99,0.6701412796974182,1.8909034729003906,0.7608636021614075,3.3219083547592163
100,0.6396468281745911,1.3405324220657349,0.6585843563079834,2.6387636065483093
101,0.662347137928009,1.562293529510498,0.7305551767349243,2.9551958441734314
102,0.590003490447998,1.218508243560791,0.6358104944229126,2.4443222284317017
103,0.6435204148292542,1.5584748983383179,0.7215540409088135,2.9235493540763855
104,0.702400803565979,1.8486260175704956,0.8012198805809021,3.3522467017173767
105,0.6660788059234619,1.7640295028686523,0.7962398529052734,3.2263481616973877
106,0.5944141149520874,1.5454031229019165,0.626076877117157,2.765894114971161
107,0.6079057455062866,1.393713355064392,0.6005295515060425,2.602148652076721
108,0.6163141131401062,1.2571707963943481,0.6202192306518555,2.49370414018631
109,0.7514664530754089,1.720528483390808,0.750277578830719,3.222272515296936
110,0.6361162066459656,1.4603756666183472,0.7217621207237244,2.818253993988037
111,0.8475570678710938,1.8277623653411865,0.6690185070037842,3.3443379402160645
112,0.7801273465156555,1.5645326375961304,0.6708105802536011,3.015470564365387
113,0.8080649375915527,1.466821312904358,0.5741577744483948,2.8490440249443054
114,0.9734904170036316,1.5305317640304565,0.6610292196273804,3.1650514006614685
115,0.9291565418243408,1.3685030937194824,0.6250745058059692,2.9227341413497925
116,0.8583583235740662,1.3655369281768799,0.6052616834640503,2.8291569352149963
117,0.9328189492225647,1.344925880432129,0.6526854038238525,2.930430233478546
118,0.8766850829124451,1.4268324375152588,0.6530741453170776,2.9565916657447815
119,1.1142048835754395,2.140923023223877,0.8692969083786011,4.1244248151779175
120,1.1777762174606323,0.910638153553009,0.45140722393989563,2.539821594953537
121,0.9609088897705078,1.348288893699646,0.6049765348434448,2.9141743183135986
122,0.9594098925590515,1.4705592393875122,0.586401104927063,3.0163702368736267
123,0.8540118336677551,1.249213695526123,0.5116065144538879,2.614832043647766
124,1.1519650220870972,1.7443307638168335,0.6872724890708923,3.583568274974823
125,1.3617881536483765,2.0467629432678223,0.8163426518440247,4.224893748760223
126,1.2436201572418213,1.940846562385559,0.7523247003555298,3.93679141998291
127,1.1986362934112549,1.7012064456939697,0.7249828577041626,3.624825596809387
128,0.8923904299736023,1.3704053163528442,0.536201536655426,2.7989972829818726
129,0.9770616292953491,1.354947566986084,0.5817290544509888,2.913738250732422
130,1.051350712776184,1.3294621706008911,0.621944010257721,3.002756893634796
131,1.0273528099060059,1.552362084388733,0.6352620720863342,3.214976966381073
132,1.187453031539917,1.6478639841079712,0.7298134565353394,3.5651304721832275
133,1.1663305759429932,1.6927911043167114,0.7221639156341553,3.58128559589386
134,1.1600580215454102,1.7527397871017456,0.7563196420669556,3.6691174507141113
135,0.8895711302757263,1.5883758068084717,0.5751022100448608,3.053049147129059
136,0.6493681073188782,1.018654704093933,0.4704539477825165,2.1384767591953278
137,0.8307712078094482,1.166106939315796,0.5208994746208191,2.5177776217460632
138,0.8406135439872742,1.3917958736419678,0.6090407371520996,2.8414501547813416
139,0.742394745349884,1.1019744873046875,0.5558921694755554,2.400261402130127
140,0.8522356152534485,1.475027322769165,0.5841130018234253,2.911375939846039
141,1.0280036926269531,1.751589059829712,0.7435014843940735,3.5230942368507385
142,0.8713927268981934,1.5990686416625977,0.6442717909812927,3.1147331595420837
143,0.9175640344619751,1.332197666168213,0.6806100010871887,2.9303717017173767
144,0.9017036557197571,1.6023128032684326,0.5965821743011475,3.100598633289337
145,0.9225719571113586,1.4314916133880615,0.6225992441177368,2.976662814617157
146,0.8840417265892029,1.3861814737319946,0.5920297503471375,2.862252950668335
147,1.1310120820999146,1.7471741437911987,0.8107264041900635,3.6889126300811768
148,0.7215539216995239,0.994931697845459,0.5110621452331543,2.227547764778137
149,0.7692344188690186,1.40766441822052,0.5668861865997314,2.74378502368927
150,1.0362582206726074,1.5118910074234009,0.7764487266540527,3.324597954750061
151,0.7905735969543457,1.4269537925720215,0.5677360892295837,2.785263478755951
152,1.1329127550125122,1.9227349758148193,0.8044858574867249,3.8601335883140564
153,0.8273491263389587,1.2976605892181396,0.5993708372116089,2.7243805527687073
154,0.7351289987564087,1.3233987092971802,0.530752420425415,2.589280128479004
155,0.792922854423523,1.6997592449188232,0.7446245551109314,3.2373066544532776
156,0.5999143123626709,1.0333633422851562,0.49211522936820984,2.125392884016037
157,0.8020923733711243,1.3681447505950928,0.6209584474563599,2.791195571422577
158,0.8344401717185974,1.5501222610473633,0.6886810064315796,3.0732434391975403
159,0.5462989211082458,1.1501333713531494,0.5528855919837952,2.2493178844451904
160,0.7125524282455444,1.4215292930603027,0.6118506193161011,2.7459323406219482
161,0.6832448840141296,1.2534635066986084,0.6303446888923645,2.5670530796051025
162,0.8503922820091248,1.3122494220733643,0.6336981654167175,2.7963398694992065
163,0.6631481647491455,1.2845313549041748,0.6457614898681641,2.5934410095214844
164,0.6621817350387573,1.145462155342102,0.5884206295013428,2.396064519882202
165,0.9282061457633972,1.616123914718628,0.7428062558174133,3.2871363162994385
166,0.728727400302887,1.735364556312561,0.8008594512939453,3.2649514079093933
167,0.8495250344276428,1.752258062362671,0.7896679043769836,3.3914510011672974
168,0.5893993377685547,1.2137621641159058,0.6059035658836365,2.409065067768097
169,0.6545868515968323,1.322414755821228,0.6076236963272095,2.5846253037452698
170,0.7455485463142395,1.4895853996276855,0.7235093712806702,2.958643317222595
171,0.6896299719810486,1.3473647832870483,0.633920431137085,2.670915186405182
172,0.6207659244537354,1.176276445388794,0.5948472023010254,2.3918895721435547
173,0.7777678966522217,1.5500160455703735,0.8229185938835144,3.1507025361061096
174,0.723353922367096,1.3820998668670654,0.6370829343795776,2.742536723613739
175,0.6021443009376526,1.278896450996399,0.5664101243019104,2.447450876235962
176,0.5099257826805115,0.9784509539604187,0.4632219672203064,1.9515987038612366
177,0.5962421894073486,1.3618748188018799,0.6184602379798889,2.5765772461891174
178,0.5273396372795105,1.2481497526168823,0.6158802509307861,2.391369640827179
179,0.38013672828674316,0.9391862154006958,0.4193766713142395,1.7386996150016785
180,0.5783365964889526,1.3097667694091797,0.6583756804466248,2.546479046344757
181,0.6573348045349121,1.526080846786499,0.6704937219619751,2.8539093732833862
182,0.5447155237197876,1.0335732698440552,0.5439690351486206,2.1222578287124634
183,0.7415236830711365,1.6146538257598877,0.727272093296051,3.083449602127075
184,0.6447544693946838,1.3626312017440796,0.6833268404006958,2.6907125115394592
185,0.497687429189682,1.1094285249710083,0.4971240758895874,2.1042400300502777
186,0.554621696472168,1.1971157789230347,0.5922054648399353,2.343942940235138
187,0.5407731533050537,1.1658107042312622,0.561565637588501,2.268149495124817
188,0.649158775806427,1.233742117881775,0.5908010005950928,2.4737018942832947
189,0.7423473596572876,1.6909372806549072,0.8317344188690186,3.2650190591812134
190,0.46279963850975037,0.9738092422485352,0.5186309814453125,1.955239862203598
191,0.5850802659988403,1.4359371662139893,0.6683173775672913,2.689334809780121
192,0.573771059513092,1.1915414333343506,0.6102157831192017,2.3755282759666443
193,0.6281457543373108,1.2184827327728271,0.6205348372459412,2.467163324356079
194,0.41390714049339294,0.9410696625709534,0.5107892751693726,1.8657660782337189
195,0.5691056847572327,1.1951348781585693,0.6095640659332275,2.3738046288490295
196,0.6276818513870239,1.3729708194732666,0.6981871724128723,2.698839843273163
197,0.6157727241516113,1.4493364095687866,0.7418498992919922,2.80695903301239
198,0.6444038152694702,1.2700178623199463,0.6773799061775208,2.5918015837669373
199,0.5403550267219543,1.187195897102356,0.6113957166671753,2.3389466404914856
200,0.6167778372764587,1.2873350381851196,0.655368983745575,2.5594818592071533
201,0.6586852073669434,1.510421872138977,0.7427412271499634,2.911848306655884
202,0.5418501496315002,1.0902354717254639,0.6035875082015991,2.2356731295585632
203,0.6336917281150818,1.4768866300582886,0.6955979466438293,2.8061763048171997
204,0.5804925560951233,1.27216374874115,0.6157633662223816,2.468419671058655
205,0.6781393885612488,1.5407615900039673,0.6928619742393494,2.9117629528045654
206,0.603694498538971,1.1224539279937744,0.5977026224136353,2.3238510489463806
207,0.4983711540699005,1.1172796487808228,0.5184265971183777,2.134077399969101
208,0.5899472832679749,1.2995848655700684,0.6764566898345947,2.565988838672638
209,0.5998018980026245,1.4459254741668701,0.6430574655532837,2.6887848377227783
210,0.6744474768638611,1.593505859375,0.7419434189796448,3.009896755218506
211,0.5073614120483398,1.163038730621338,0.6055880784988403,2.275988221168518
212,0.48097342252731323,1.1605033874511719,0.5671977400779724,2.2086745500564575
213,0.6135942339897156,1.411989688873291,0.7614399194717407,2.7870238423347473
214,0.5309184789657593,1.2658917903900146,0.6114122271537781,2.408222496509552
215,0.5894984602928162,1.4375200271606445,0.654227077960968,2.6812455654144287
216,0.6053935885429382,1.2221335172653198,0.6396812200546265,2.4672083258628845
217,0.5451755523681641,1.235213279724121,0.6454787254333496,2.4258675575256348
218,0.4414677321910858,1.1754169464111328,0.5555146336555481,2.1723993122577667
219,0.4617365896701813,1.0751183032989502,0.5442491173744202,2.0811040103435516
220,0.5362607836723328,1.2036398649215698,0.5585482120513916,2.298448860645294
221,0.5347150564193726,1.1599204540252686,0.6245806217193604,2.3192161321640015
222,0.6248224377632141,1.2504910230636597,0.6707863807678223,2.546099841594696
223,0.5086883306503296,0.9843387007713318,0.5319651961326599,2.0249922275543213
224,0.508117139339447,1.0096871852874756,0.5989968180656433,2.116801142692566
225,0.5266987681388855,1.1512645483016968,0.6045399904251099,2.282503306865692
226,0.5234459042549133,1.2163201570510864,0.602004885673523,2.3417709469795227
227,0.524431049823761,1.1472368240356445,0.5969958901405334,2.268663763999939
228,0.5072777271270752,1.1274776458740234,0.5856415629386902,2.220396935939789
229,0.5247184634208679,1.2282910346984863,0.6240013837814331,2.3770108819007874
230,0.4847097098827362,1.0900715589523315,0.5361001491546631,2.110881417989731
231,0.5722883343696594,1.308444857597351,0.6787142753601074,2.559447467327118
232,0.5110872387886047,1.0672721862792969,0.5747604370117188,2.1531198620796204
233,0.6086074709892273,1.4428434371948242,0.6834613084793091,2.7349122166633606
234,0.4970402121543884,1.278626561164856,0.7110881209373474,2.486754894256592
235,0.46738553047180176,1.1619515419006348,0.59319007396698,2.2225271463394165
236,0.5909021496772766,1.1417768001556396,0.6516819000244141,2.3843608498573303
237,0.45531415939331055,1.2127065658569336,0.5860191583633423,2.2540398836135864
238,0.6273224949836731,1.5336191654205322,0.7269068360328674,2.8878484964370728
239,0.6215134263038635,1.188947319984436,0.6906782984733582,2.5011390447616577
240,0.42710158228874207,1.2882723808288574,0.580062747001648,2.2954367101192474
241,0.5415583252906799,1.1556779146194458,0.6062898635864258,2.3035261034965515
242,0.43331459164619446,0.889548659324646,0.443094402551651,1.7659576535224915
243,0.5887383818626404,1.5879597663879395,0.6842607259750366,2.8609588742256165
244,0.4892140328884125,1.0350836515426636,0.5533286333084106,2.0776263177394867
245,0.6457014083862305,1.713660717010498,0.6603944301605225,3.019756555557251
246,0.6393684148788452,1.3280665874481201,0.7159664630889893,2.6834014654159546
247,0.6355036497116089,1.3586126565933228,0.6330803632736206,2.6271966695785522
248,0.5015161037445068,1.1654255390167236,0.5340512990951538,2.2009929418563843
249,0.5501724481582642,1.1921967267990112,0.5672332048416138,2.309602379798889
250,0.7743484973907471,0.9266971945762634,0.556536853313446,2.2575825452804565
251,0.7539140582084656,1.6690467596054077,0.7167624831199646,3.139723300933838
252,0.7306608557701111,1.0720080137252808,0.6132398247718811,2.415908694267273
253,0.8423315286636353,1.1320102214813232,0.6087565422058105,2.583098292350769
254,0.7797338366508484,1.4862533807754517,0.621842086315155,2.887829303741455
255,0.6226990222930908,0.9174320101737976,0.478729784488678,2.0188608169555664
256,0.9162771105766296,1.5086839199066162,0.7328236699104309,3.1577847003936768
257,0.7140060067176819,1.1643800735473633,0.6352022886276245,2.5135883688926697
258,0.7400552034378052,1.4392317533493042,0.7103915214538574,2.889678478240967
259,0.7081384658813477,1.1531436443328857,0.6192731857299805,2.480555295944214
260,0.8539172410964966,1.2414448261260986,0.694898247718811,2.7902603149414062
261,0.7976780533790588,1.705534815788269,0.7849165201187134,3.2881293892860413
262,0.7658345699310303,1.4616748094558716,0.7765358090400696,3.0040451884269714
263,0.6256162524223328,1.287685751914978,0.6158841848373413,2.529186189174652
264,0.6141698956489563,1.155545711517334,0.5852644443511963,2.3549800515174866
265,0.6429749131202698,1.2410356998443604,0.6114721298217773,2.4954827427864075
266,0.687945544719696,1.4155404567718506,0.741873025894165,2.8453590273857117
267,0.5909692645072937,1.3817013502120972,0.6948564052581787,2.6675270199775696
268,0.6479796171188354,1.271639347076416,0.6553840637207031,2.5750030279159546
269,0.525102972984314,1.5686836242675781,0.6489652395248413,2.7427518367767334
270,0.5428911447525024,1.0395325422286987,0.5695205926895142,2.1519442796707153
271,0.6487888693809509,1.2820967435836792,0.6511058807373047,2.581991493701935
272,0.5662142038345337,1.0859318971633911,0.6122111082077026,2.2643572092056274
273,0.5951271057128906,1.1019536256790161,0.5825371742248535,2.2796179056167603
274,0.5993340015411377,1.3815690279006958,0.6397870779037476,2.620690107345581
275,0.5319126844406128,1.2436538934707642,0.631537914276123,2.4071044921875
276,0.7380843758583069,2.0174944400787354,0.8340805768966675,3.5896593928337097
277,0.38726574182510376,0.8456660509109497,0.43882274627685547,1.671754539012909
278,0.5139513611793518,1.246110200881958,0.5815601944923401,2.34162175655365
279,0.47131410241127014,1.1841100454330444,0.5656082630157471,2.2210324108600616
280,0.40621426701545715,0.9607542157173157,0.49500665068626404,1.8619751334190369
281,0.6866682767868042,1.4635907411575317,0.6759078502655029,2.826166868209839
282,0.6281033158302307,1.7897417545318604,0.7885493636131287,3.2063944339752197
283,0.6341965198516846,1.4253346920013428,0.7385285496711731,2.7980597615242004
284,0.6833683848381042,1.5061599016189575,0.7081663012504578,2.8976945877075195
285,0.4362488090991974,0.8628556728363037,0.5235236883163452,1.8226281702518463
286,0.4757390022277832,0.9971128702163696,0.5727241039276123,2.045575976371765
287,0.5772725343704224,1.02915358543396,0.6158419251441956,2.222268044948578
288,0.524266242980957,1.1309921741485596,0.6138231754302979,2.2690815925598145
289,0.651453971862793,1.3153960704803467,0.7034856081008911,2.6703356504440308
290,0.5403354167938232,1.234598994255066,0.711269736289978,2.486204147338867
291,0.6710240840911865,1.4336591958999634,0.738346517086029,2.843029797077179
292,0.49786195158958435,1.0265363454818726,0.5499553084373474,2.0743536055088043
293,0.3690800666809082,0.8140438795089722,0.4644707143306732,1.6475946605205536
294,0.4187256693840027,0.9110736846923828,0.5028624534606934,1.8326618075370789
295,0.47462525963783264,0.9886147379875183,0.5802998542785645,2.0435398519039154
296,0.49596771597862244,0.8962224721908569,0.532534122467041,1.9247243106365204
297,0.4986376166343689,1.0667051076889038,0.5701116919517517,2.1354544162750244
298,0.6147087812423706,1.5560734272003174,0.7192240953445435,2.8900063037872314
299,0.4699177145957947,1.0574123859405518,0.6198186278343201,2.1471487283706665
300,0.5363269448280334,1.2393280267715454,0.6332511305809021,2.408906102180481
301,0.49695485830307007,1.0789399147033691,0.5684926509857178,2.144387423992157
302,0.5499117374420166,1.0874375104904175,0.6117928624153137,2.249142110347748
303,0.5178223252296448,1.0928045511245728,0.5778743028640747,2.1885011792182922
304,0.6290998458862305,1.3546236753463745,0.7688863277435303,2.7526098489761353
305,0.42432647943496704,0.9689155220985413,0.48594173789024353,1.8791837394237518
306,0.44024717807769775,1.1254607439041138,0.548244297504425,2.1139522194862366
307,0.5763181447982788,1.2826511859893799,0.7214686274528503,2.580437958240509
308,0.4757247567176819,1.0523961782455444,0.5381889343261719,2.066309869289398
309,0.6365451216697693,1.4494329690933228,0.7738615274429321,2.859839618206024
310,0.4709733724594116,1.0306437015533447,0.5788962244987488,2.080513298511505
311,0.4511440098285675,1.0934141874313354,0.5091972351074219,2.053755432367325
312,0.5144985914230347,1.371646761894226,0.7161508798599243,2.602296233177185
313,0.336193323135376,0.937889575958252,0.4637131690979004,1.7377960681915283
314,0.479425311088562,0.9492325186729431,0.5565646886825562,1.9852225184440613
315,0.4809549152851105,1.1656289100646973,0.6306524872779846,2.2772363126277924
316,0.41291552782058716,0.8563894033432007,0.5279251933097839,1.7972301244735718
317,0.47602754831314087,1.0968204736709595,0.5798199772834778,2.152667999267578
318,0.5106537938117981,1.0656834840774536,0.6008812189102173,2.177218496799469
319,0.5579152703285217,1.0713967084884644,0.6112095713615417,2.240521550178528
320,0.466411828994751,1.0355937480926514,0.6192837953567505,2.121289372444153
321,0.5182863473892212,1.1164590120315552,0.5689190030097961,2.2036643624305725
322,0.6269109845161438,1.4541447162628174,0.7214955687522888,2.80255126953125
323,0.6449472308158875,1.503496527671814,0.7760648727416992,2.9245086312294006
324,0.6293157339096069,1.517810344696045,0.7762200236320496,2.9233461022377014
325,0.5308720469474792,1.0372697114944458,0.5831258296966553,2.1512675881385803
326,0.47152358293533325,0.9315103888511658,0.5792093276977539,1.982243299484253
327,0.5966789722442627,1.429328203201294,0.7047215104103088,2.7307286858558655
328,0.5277962684631348,1.0922290086746216,0.6164330840110779,2.2364583611488342
329,0.49454259872436523,1.015700101852417,0.5677952766418457,2.078037977218628
330,0.6033139228820801,1.3792078495025635,0.7910102605819702,2.7735320329666138
331,0.5766369700431824,1.1124749183654785,0.6224356889724731,2.311547577381134
332,0.40970152616500854,1.205810785293579,0.5548652410507202,2.170377552509308
333,0.38929638266563416,0.7565312385559082,0.44530341029167175,1.5911310315132141
334,0.5405687093734741,1.0649436712265015,0.6010600924491882,2.206572473049164
335,0.5568930506706238,1.2069200277328491,0.5978355407714844,2.3616486191749573
336,0.32726964354515076,0.7016245126724243,0.4126962423324585,1.4415903985500336
337,0.48487645387649536,1.2988852262496948,0.6507574319839478,2.434519112110138
338,0.5298694968223572,1.0773760080337524,0.6401927471160889,2.2474382519721985
339,0.46226367354393005,0.8902866840362549,0.5189821124076843,1.8715324699878693
340,0.6280717849731445,1.4091143608093262,0.7142968773841858,2.7514830231666565
341,0.5681785941123962,1.1310256719589233,0.6724133491516113,2.371617615222931
342,0.40553438663482666,0.6930646300315857,0.4807526171207428,1.5793516337871552
343,0.450943261384964,1.0394808053970337,0.5775129795074463,2.067937046289444
344,0.47202184796333313,0.885006308555603,0.5395388603210449,1.896567016839981
345,0.5591588616371155,1.1339908838272095,0.5759377479553223,2.269087493419647
346,0.612957239151001,1.5066455602645874,0.8253626227378845,2.944965422153473
347,0.39356857538223267,0.7576692700386047,0.5044218897819519,1.6556597352027893
348,0.536716103553772,1.090327262878418,0.6517468690872192,2.278790235519409
349,0.4907408356666565,0.9036194086074829,0.5876097679138184,1.9819700121879578
350,0.5448775291442871,1.048156499862671,0.6073113679885864,2.2003453969955444
351,0.3703596293926239,0.7560858130455017,0.502187192440033,1.6286326348781586
352,0.4765224754810333,1.0901683568954468,0.5947397351264954,2.1614305675029755
353,0.5111647844314575,1.0826711654663086,0.6776195764541626,2.2714555263519287
354,0.5431698560714722,1.2092262506484985,0.714489221572876,2.4668853282928467
355,0.5218746066093445,1.2295445203781128,0.6656264662742615,2.4170455932617188
356,0.4910123944282532,1.0428168773651123,0.6038599610328674,2.137689232826233
357,0.5072125196456909,1.3316619396209717,0.64174485206604,2.4806193113327026
358,0.5512019991874695,1.279585838317871,0.727415919303894,2.5582037568092346
359,0.4747786223888397,1.048607587814331,0.5881354808807373,2.111521691083908
360,0.5461218357086182,1.2810159921646118,0.6887823343276978,2.5159201622009277
361,0.46477144956588745,1.0005961656570435,0.6054480075836182,2.070815622806549
362,0.5279849767684937,1.2999869585037231,0.6915009617805481,2.519472897052765
363,0.4624987244606018,0.8869300484657288,0.5785406231880188,1.9279693961143494
364,0.43262994289398193,0.9184446930885315,0.5048474073410034,1.8559220433235168
365,0.5211707949638367,1.1130125522613525,0.667955219745636,2.302138566970825
366,0.5881615281105042,1.1989333629608154,0.6255863308906555,2.412681221961975
367,0.6157701015472412,1.2201108932495117,0.7225381135940552,2.558419108390808
368,0.48434317111968994,1.0024323463439941,0.5920470952987671,2.078822612762451
369,0.4514829218387604,0.9093078970909119,0.5537109375,1.9145017564296722
370,0.5497777462005615,1.3777716159820557,0.7487159371376038,2.676265299320221
371,0.42293745279312134,1.0133881568908691,0.6020098924636841,2.0383355021476746
372,0.5690779089927673,1.1183595657348633,0.6378633379936218,2.3253008127212524
373,0.5153145790100098,1.245237946510315,0.6239585876464844,2.384511113166809
374,0.5228416919708252,1.2797574996948242,0.6436229944229126,2.446222186088562
375,0.4373384118080139,0.9637788534164429,0.5438494682312012,1.944966733455658
376,0.3733823597431183,1.1398892402648926,0.5336200594902039,2.0468916594982147
377,0.4495650827884674,0.8642683029174805,0.5442087650299072,1.858042150735855
378,0.49896031618118286,1.0781441926956177,0.6173245906829834,2.194429099559784
379,0.5759116411209106,1.3324203491210938,0.6695466637611389,2.5778786540031433
380,0.4932662844657898,0.9578555226325989,0.5302320122718811,1.9813538193702698
381,0.47309932112693787,1.0026026964187622,0.5934985876083374,2.0692006051540375
382,0.4802185595035553,1.1170647144317627,0.5957835912704468,2.1930668652057648
383,0.4715389907360077,1.0492348670959473,0.5973928570747375,2.1181667149066925
384,0.478277325630188,0.9194614291191101,0.5977792739868164,1.9955180287361145
385,0.5066836476325989,1.0258349180221558,0.580663800239563,2.1131823658943176
386,0.5031766295433044,1.2359375953674316,0.6215840578079224,2.3606982827186584
387,0.49367138743400574,0.9841732382774353,0.5322955846786499,2.010140210390091
388,0.5389793515205383,1.248745322227478,0.6771738529205322,2.4648985266685486
389,0.45551517605781555,1.2550362348556519,0.5619479417800903,2.2724993526935577
390,0.5282444953918457,1.177619218826294,0.6708913445472717,2.3767550587654114
391,0.46380120515823364,1.3202356100082397,0.7038784623146057,2.487915277481079
392,0.4259181618690491,1.158834457397461,0.5911041498184204,2.1758567690849304
393,0.5258221626281738,1.1787968873977661,0.6386818289756775,2.3433008790016174
394,0.42411816120147705,1.2131104469299316,0.5831246376037598,2.2203532457351685
395,0.5329188704490662,1.2474006414413452,0.7127764225006104,2.4930959343910217
396,0.48688939213752747,1.175289273262024,0.6704497933387756,2.332628458738327
397,0.38833555579185486,1.0466101169586182,0.5777450203895569,2.01269069314003
398,0.4623936414718628,0.9817328453063965,0.600565493106842,2.0446919798851013
399,0.3784720003604889,0.649566113948822,0.43583187460899353,1.4638699889183044
400,0.4668043553829193,1.1460464000701904,0.6794849038124084,2.292335659265518
401,0.41203048825263977,0.8185507655143738,0.5436293482780457,1.7742106020450592
402,0.5010550022125244,1.0470257997512817,0.6288684010505676,2.176949203014374
403,0.5501292943954468,1.1864522695541382,0.7104671597480774,2.4470487236976624
404,0.4966874420642853,1.0863507986068726,0.621243953704834,2.204282194375992
405,0.3508289158344269,0.7685011029243469,0.5101256966590881,1.629455715417862
406,0.4135647416114807,0.848955512046814,0.5451812148094177,1.8077014684677124
407,0.37264910340309143,0.8318963050842285,0.5348477959632874,1.7393932044506073
408,0.5489969253540039,1.1552306413650513,0.707019567489624,2.411247134208679
409,0.4101089835166931,1.1295193433761597,0.6030907034873962,2.142719030380249
410,0.5316954255104065,1.0792111158370972,0.5861412286758423,2.197047770023346
411,0.4861447811126709,1.1746547222137451,0.6093582510948181,2.270157754421234
412,0.38190650939941406,0.8214142322540283,0.477352112531662,1.6806728541851044
413,0.49438703060150146,1.2306276559829712,0.7199020385742188,2.4449167251586914
414,0.4667540490627289,0.9976939558982849,0.6200587749481201,2.084506779909134
415,0.4933500289916992,1.156895399093628,0.6987262964248657,2.348971724510193
416,0.46419769525527954,0.9113683104515076,0.608198881149292,1.983764886856079
417,0.46924635767936707,1.0636066198349,0.6833832263946533,2.2162362039089203
418,0.5513500571250916,1.4071768522262573,0.773916482925415,2.732443392276764
419,0.5199555158615112,1.2729229927062988,0.7649545669555664,2.5578330755233765
420,0.3963536024093628,0.9653339385986328,0.6040306687355042,1.9657182097434998
421,0.4657748341560364,0.9816805124282837,0.5791032910346985,2.0265586376190186
422,0.4217616319656372,1.0385236740112305,0.590020477771759,2.0503057837486267
423,0.49124807119369507,1.2389620542526245,0.7274386882781982,2.457648813724518
424,0.46651211380958557,1.2453925609588623,0.6882238388061523,2.4001285135746
425,0.47690266370773315,1.0729591846466064,0.6414097547531128,2.1912716031074524
426,0.4438987970352173,1.0547927618026733,0.630895733833313,2.1295872926712036
427,0.4234830141067505,1.017624855041504,0.553591251373291,1.9946991205215454
428,0.46440526843070984,0.9821319580078125,0.6423559188842773,2.0888931453227997
429,0.433085173368454,1.0278891324996948,0.6079663038253784,2.068940609693527
430,0.514918327331543,1.2991920709609985,0.576452374458313,2.3905627727508545
431,0.501716673374176,1.3464800119400024,0.6328648924827576,2.481061577796936
432,0.42907968163490295,1.06802237033844,0.6310901045799255,2.1281921565532684
433,0.5956644415855408,1.7341840267181396,0.8326011896133423,3.1624496579170227
434,0.33340445160865784,0.6152178645133972,0.42389053106307983,1.3725128471851349
435,0.4217958152294159,1.0118365287780762,0.586600661277771,2.020233005285263
436,0.44557106494903564,1.0493149757385254,0.5646530985832214,2.0595391392707825
437,0.3338359296321869,0.8944534659385681,0.490388423204422,1.718677818775177
438,0.5343693494796753,1.370177149772644,0.6650881171226501,2.5696346163749695
439,0.5258054137229919,1.4140280485153198,0.7801958918571472,2.720029354095459
440,0.49624377489089966,1.3101979494094849,0.7209727764129639,2.5274145007133484
441,0.5121709704399109,1.1364083290100098,0.6822084784507751,2.330787777900696
442,0.41722506284713745,0.786597728729248,0.5143740773200989,1.7181968688964844
443,0.4929066598415375,0.9708740711212158,0.5539489984512329,2.017729729413986
444,0.48473286628723145,0.8376426696777344,0.5917953848838806,1.9141709208488464
445,0.4663047790527344,0.920310914516449,0.6016525626182556,1.988268256187439
446,0.6724382638931274,1.1315840482711792,0.6946654319763184,2.498687744140625
447,0.49497300386428833,1.1632245779037476,0.6989904046058655,2.3571879863739014
448,0.5883634686470032,1.2790685892105103,0.7263493537902832,2.5937814116477966
449,0.5035077333450317,0.9278351664543152,0.5407193303108215,1.9720622301101685
450,0.3905181586742401,0.6979382634162903,0.4464613199234009,1.5349177420139313
451,0.39277127385139465,0.7946158647537231,0.49436479806900024,1.681751936674118
452,0.41082000732421875,0.9115594029426575,0.5757134556770325,1.8980928659439087
453,0.4775350093841553,0.7830066084861755,0.5317195653915405,1.7922611832618713
454,0.467202752828598,0.9032666087150574,0.5578500032424927,1.928319364786148
455,0.6077109575271606,1.2438691854476929,0.7018343210220337,2.553414463996887
456,0.4914676249027252,0.9573270678520203,0.6074040532112122,2.0561987459659576
457,0.4851154088973999,0.9130380749702454,0.6215837597846985,2.0197372436523438
458,0.4484924077987671,0.80726158618927,0.5599161982536316,1.8156701922416687
459,0.518708348274231,0.9800783395767212,0.6026215553283691,2.1014082431793213
460,0.48923224210739136,0.884921669960022,0.5595555305480957,1.933709442615509
461,0.5622990727424622,1.4347363710403442,0.75881427526474,2.7558497190475464
462,0.3908662497997284,0.655978798866272,0.47988179326057434,1.5267268419265747
463,0.3850316107273102,0.8944827914237976,0.5394731760025024,1.8189875781536102
464,0.493811696767807,1.1796079874038696,0.7051940560340881,2.3786137402057648
465,0.3977111876010895,0.9060454964637756,0.5319071412086487,1.8356638252735138
466,0.555635392665863,1.2650117874145508,0.766342043876648,2.5869892239570618
467,0.38966211676597595,0.8815885186195374,0.5723616480827332,1.8436122834682465
468,0.3666050136089325,0.8423342108726501,0.5038148164749146,1.7127540409564972
469,0.42889514565467834,1.200768232345581,0.7110825777053833,2.3407459557056427
470,0.2941853702068329,0.7844969630241394,0.4649733901023865,1.5436557233333588
471,0.40703850984573364,0.8591284155845642,0.5515472888946533,1.8177142143249512
472,0.4184359312057495,0.979665994644165,0.6222267746925354,2.02032870054245
473,0.3407476246356964,0.6411242485046387,0.5211369395256042,1.5030088126659393
474,0.38842156529426575,0.9792213439941406,0.5738664269447327,1.941509336233139
475,0.414888858795166,0.8979109525680542,0.595750629901886,1.9085504412651062
476,0.4896872937679291,1.0735081434249878,0.6064664721488953,2.169661909341812
477,0.37992537021636963,0.9245362877845764,0.6176696419715881,1.9221312999725342
478,0.4462849199771881,0.9212406277656555,0.5641412138938904,1.931666761636734
479,0.4857414662837982,1.303625464439392,0.7145510911941528,2.503918021917343
480,0.4779837131500244,1.3153661489486694,0.764987587928772,2.558337450027466
481,0.5565701127052307,1.3752769231796265,0.7707369327545166,2.702583968639374
482,0.433395653963089,0.9653151035308838,0.5839928984642029,1.9827036559581757
483,0.41602542996406555,0.8715077042579651,0.5716352462768555,1.859168380498886
484,0.5074560046195984,1.2179087400436401,0.6892200112342834,2.414584755897522
485,0.44101133942604065,1.1646901369094849,0.6153552532196045,2.22105672955513
486,0.4373110830783844,0.877260684967041,0.5598158240318298,1.8743875920772552
487,0.5109491944313049,1.2746796607971191,0.7867363691329956,2.5723652243614197
488,0.4575176239013672,1.204315185546875,0.6218589544296265,2.2836917638778687
489,0.32868653535842896,0.9380912780761719,0.5446106791496277,1.8113884925842285
490,0.40764400362968445,0.668643057346344,0.44213154911994934,1.5184186100959778
491,0.4188380539417267,1.0480583906173706,0.5990378856658936,2.065934330224991
492,0.48259642720222473,0.9331647753715515,0.5853046178817749,2.001065820455551
493,0.28839778900146484,0.6636150479316711,0.4081255793571472,1.3601384162902832
494,0.5373254418373108,1.3172714710235596,0.6447120904922485,2.499309003353119
495,0.47671666741371155,1.2466100454330444,0.6367716193199158,2.3600983321666718
496,0.3888031840324402,0.8032459020614624,0.5127770900726318,1.7048261761665344
497,0.5476905107498169,1.2988002300262451,0.7056906819343567,2.5521814227104187
498,0.5356443524360657,1.2271263599395752,0.668215274810791,2.430985987186432
499,0.4057483375072479,0.7001382112503052,0.4777791202068329,1.583665668964386
500,0.40326258540153503,0.8900172710418701,0.5661047101020813,1.8593845665454865
501,0.42187047004699707,0.8015214204788208,0.5330498218536377,1.7564417123794556
502,0.5128401517868042,0.9873108863830566,0.5683234333992004,2.0684744715690613
503,0.5989155769348145,1.3571629524230957,0.8178932070732117,2.773971736431122
504,0.35879138112068176,0.6692193150520325,0.4965203106403351,1.5245310068130493
505,0.4946099817752838,0.9810882210731506,0.6431201696395874,2.118818372488022
506,0.45731326937675476,0.8703743815422058,0.5802456140518188,1.9079332649707794
507,0.45588815212249756,0.8397001624107361,0.5980669856071472,1.8936553001403809
508,0.3197728395462036,0.7205603718757629,0.49951401352882385,1.5398472249507904
509,0.48830047249794006,0.9543358683586121,0.5909969806671143,2.0336333215236664
510,0.5175625085830688,0.9975296258926392,0.6754757761955261,2.190567910671234
511,0.5150243639945984,1.1483715772628784,0.7094219326972961,2.372817873954773
512,0.46380019187927246,0.995559811592102,0.6550601720809937,2.114420175552368
513,0.41664502024650574,0.9388154745101929,0.5935985445976257,1.9490590393543243
514,0.4891946613788605,0.9893330335617065,0.6317931413650513,2.1103208363056183
515,0.5094376802444458,1.1744778156280518,0.7158403992652893,2.399755895137787
516,0.39956796169281006,0.8974383473396301,0.5843591690063477,1.8813654780387878
517,0.4814660847187042,1.0239661931991577,0.681191623210907,2.186623901128769
518,0.4428984820842743,0.8960765600204468,0.6006346940994263,1.9396097362041473
519,0.4495660960674286,1.1651129722595215,0.6787341237068176,2.2934131920337677
520,0.42888909578323364,0.8053139448165894,0.5748114585876465,1.8090144991874695
521,0.3572762608528137,0.7561565637588501,0.4995864927768707,1.6130193173885345
522,0.4099690318107605,0.9609873294830322,0.6573029160499573,2.02825927734375
523,0.47851061820983887,0.9772306680679321,0.6127460598945618,2.0684873461723328
524,0.5167819261550903,1.1337131261825562,0.7167873978614807,2.367282450199127
525,0.3908745348453522,0.8937883377075195,0.5895335078239441,1.8741963803768158
526,0.38287031650543213,0.7168808579444885,0.5533839464187622,1.6531351208686829
527,0.4889594614505768,1.1958831548690796,0.748128354549408,2.4329709708690643
528,0.3922278583049774,0.8879992365837097,0.5971689224243164,1.8773960173130035
529,0.45396026968955994,1.057039737701416,0.6357616186141968,2.1467616260051727
530,0.43186384439468384,0.9817584156990051,0.6159059405326843,2.0295282006263733
531,0.42494770884513855,1.1553722620010376,0.6331531405448914,2.2134731113910675
532,0.35292792320251465,0.8652814626693726,0.5403623580932617,1.758571743965149
533,0.32420551776885986,0.8713091015815735,0.5324670672416687,1.727981686592102
534,0.39970532059669495,1.1133893728256226,0.5486237406730652,2.0617184340953827
535,0.3987661898136139,0.9125046730041504,0.6106501221656799,1.9219209849834442
536,0.4922157824039459,1.2248878479003906,0.6660150289535522,2.383118659257889
537,0.39831602573394775,1.0605552196502686,0.5351472496986389,1.9940184950828552
538,0.38008052110671997,1.2778946161270142,0.6045072078704834,2.2624823451042175
539,0.42517679929733276,1.085908055305481,0.6006624102592468,2.1117472648620605
540,0.4067145884037018,0.9885349273681641,0.5879140496253967,1.9831635653972626
541,0.3654167652130127,1.1414719820022583,0.5794060230255127,2.0862947702407837
542,0.398788183927536,0.9902693629264832,0.5805721879005432,1.9696297347545624
543,0.4358319938182831,1.0138700008392334,0.6163180470466614,2.066020041704178
544,0.4541216492652893,1.011492371559143,0.5288824439048767,1.994496464729309
545,0.5186414122581482,1.6444875001907349,0.675622820854187,2.83875173330307
546,0.38402777910232544,1.3567540645599365,0.5656833052635193,2.3064651489257812
547,0.4976426362991333,1.3118972778320312,0.6696313619613647,2.4791712760925293
548,0.4042207598686218,1.2658852338790894,0.700107216835022,2.370213210582733
549,0.37765395641326904,1.1692745685577393,0.5851877331733704,2.1321162581443787
550,0.4696686863899231,1.0973292589187622,0.6384618878364563,2.2054598331451416
551,0.37200504541397095,0.9195374846458435,0.5739014148712158,1.8654439449310303
552,0.48284995555877686,1.2624149322509766,0.7121865749359131,2.4574514627456665
553,0.4509775936603546,1.0548315048217773,0.6740403771400452,2.179849475622177
554,0.3550351560115814,0.933630645275116,0.5688498616218567,1.857515662908554
555,0.4168052077293396,0.9531285166740417,0.5974234342575073,1.9673571586608887
556,0.32822468876838684,0.6228511333465576,0.43842580914497375,1.3895016312599182
557,0.398343026638031,1.127994418144226,0.6773196458816528,2.20365709066391
558,0.3667958378791809,0.8110456466674805,0.5394018888473511,1.7172433733940125
559,0.39844807982444763,0.9373276233673096,0.6245424151420593,1.9603181183338165
560,0.48416897654533386,1.185777187347412,0.716630220413208,2.386576384305954
561,0.4345972239971161,0.9907352924346924,0.6167953610420227,2.042127877473831
562,0.2973538637161255,0.7296636700630188,0.510807454586029,1.5378249883651733
563,0.3939873278141022,0.8151370286941528,0.5455643534660339,1.754688709974289
564,0.32882535457611084,0.7384957075119019,0.5418004393577576,1.6091215014457703
565,0.4757225215435028,0.9919990301132202,0.7103948593139648,2.178116410970688
566,0.36130619049072266,0.856360673904419,0.605051577091217,1.8227184414863586
567,0.4955753684043884,0.9376728534698486,0.5807246565818787,2.0139728784561157
568,0.41079434752464294,1.0219051837921143,0.6000188589096069,2.032718390226364
569,0.32172659039497375,0.6618025302886963,0.4697478115558624,1.4532769322395325
570,0.4324195683002472,1.1613355875015259,0.7155974507331848,2.309352606534958
571,0.4218147397041321,0.9839891791343689,0.6187680959701538,2.024572014808655
572,0.4466504454612732,0.986962080001831,0.6986008882522583,2.1322134137153625
573,0.3944198787212372,0.9233869314193726,0.6154706478118896,1.9332774579524994
574,0.4329476058483124,1.073387622833252,0.6836990714073181,2.1900343000888824
575,0.4520140588283539,1.2407170534133911,0.766514778137207,2.459245890378952
576,0.45062151551246643,1.298799753189087,0.7657446265220642,2.5151658952236176
577,0.3437577784061432,1.0403598546981812,0.6112661361694336,1.995383769273758
578,0.38482412695884705,1.0432236194610596,0.5892025828361511,2.0172503292560577
579,0.3974868655204773,0.9456280469894409,0.5840736627578735,1.9271885752677917
580,0.4316699504852295,1.306925654411316,0.7172030210494995,2.455798625946045
581,0.4432052969932556,1.0944007635116577,0.6841195225715637,2.221725583076477
582,0.4390084445476532,1.0785510540008545,0.6330218315124512,2.150581330060959
583,0.37605366110801697,1.1367528438568115,0.6257699728012085,2.138576477766037
584,0.3486538231372833,0.9847261905670166,0.5516247153282166,1.8850047290325165
585,0.4255111515522003,0.9759886264801025,0.6423203945159912,2.043820172548294
586,0.35579508543014526,1.0238032341003418,0.6208403706550598,2.000438690185547
587,0.4677197337150574,0.8989938497543335,0.5817527770996094,1.9484663605690002
588,0.4250454008579254,0.9587681889533997,0.6286822557449341,2.012495845556259
589,0.40389755368232727,0.9522415399551392,0.6235677599906921,1.9797068536281586
590,0.5780619978904724,1.4369945526123047,0.8225641250610352,2.8376206755638123
591,0.3870985507965088,0.590360164642334,0.41962307691574097,1.3970817923545837
592,0.4088924527168274,0.8240143656730652,0.5760388374328613,1.808945655822754
593,0.3768578767776489,0.8265546560287476,0.5522814393043518,1.7556939721107483
594,0.30580613017082214,0.7642735838890076,0.4847376346588135,1.5548173487186432
595,0.5242410898208618,1.101705551147461,0.6571729183197021,2.283119559288025
596,0.5183773040771484,1.3101576566696167,0.7758761644363403,2.6044111251831055
597,0.5224871039390564,1.0447741746902466,0.7069759964942932,2.274237275123596
598,0.4790895879268646,0.978748083114624,0.6782960295677185,2.136133700609207
599,0.36266154050827026,0.6861065626144409,0.5090268850326538,1.557794988155365
600,0.3987845778465271,0.7605640888214111,0.5429633855819702,1.7023120522499084
601,0.4577845633029938,0.7283719778060913,0.5823230743408203,1.7684796154499054
602,0.3940555155277252,0.9121705293655396,0.6035512089729309,1.9097772538661957
603,0.49215468764305115,0.9587770104408264,0.6799790263175964,2.130910724401474
604,0.45538777112960815,1.0611361265182495,0.688281774520874,2.2048056721687317
605,0.5021710991859436,1.1611350774765015,0.7140178084373474,2.3773239850997925
606,0.3987415134906769,0.7842984795570374,0.5357816815376282,1.7188216745853424
607,0.33119189739227295,0.7221285104751587,0.4464043974876404,1.499724805355072
608,0.36970654129981995,0.7173393964767456,0.48987457156181335,1.576920509338379
609,0.331002801656723,0.7581961750984192,0.5683509111404419,1.657549887895584
610,0.44895827770233154,0.7112656235694885,0.5201112031936646,1.6803351044654846
611,0.45287442207336426,0.8065152168273926,0.5552794337272644,1.8146690726280212
612,0.5430888533592224,1.0545450448989868,0.6965025067329407,2.29413640499115
613,0.4013707637786865,0.8691267967224121,0.6032527685165405,1.8737503290176392
614,0.4427539110183716,0.9031723141670227,0.618864893913269,1.9647911190986633
615,0.41723692417144775,0.8199397921562195,0.5645711421966553,1.8017478585243225
616,0.4369505047798157,0.9529209733009338,0.5999933481216431,1.9898648262023926
617,0.3852847218513489,0.8400495052337646,0.5532107353210449,1.7785449624061584
618,0.5338722467422485,1.2231961488723755,0.7531243562698364,2.5101927518844604
619,0.34674257040023804,0.6426741480827332,0.4719177484512329,1.461334466934204
620,0.3326805830001831,0.8905864953994751,0.5403235554695129,1.7635906338691711
621,0.42494997382164,1.0663913488388062,0.7011551260948181,2.1924964487552643
622,0.37177059054374695,0.8009819984436035,0.5255310535430908,1.6982836425304413
623,0.518259584903717,1.2866686582565308,0.7607041597366333,2.565632402896881
624,0.33999103307724,0.8419273495674133,0.5642677545547485,1.7461861371994019
625,0.3462759554386139,0.7557370662689209,0.4916341304779053,1.59364715218544
626,0.397937536239624,1.1004996299743652,0.7039605975151062,2.2023977637290955
627,0.26297473907470703,0.6494131684303284,0.4592832922935486,1.371671199798584
628,0.3898526430130005,0.8429544568061829,0.5540629029273987,1.786870002746582
629,0.3801974654197693,0.9612821340560913,0.625188410282135,1.9666680097579956
630,0.27735552191734314,0.6807196140289307,0.5181764364242554,1.4762515723705292
631,0.34968218207359314,0.9590483903884888,0.5661535263061523,1.8748840987682343
632,0.3606122136116028,0.889435350894928,0.5868395566940308,1.8368871212005615
633,0.43240630626678467,0.8162779211997986,0.5970426201820374,1.8457268476486206
634,0.33821120858192444,0.7551857829093933,0.6174969673156738,1.7108939588069916
635,0.4240550696849823,0.8591519594192505,0.5659628510475159,1.8491698801517487
636,0.475462943315506,1.1619895696640015,0.7039502859115601,2.3414027988910675
637,0.48739349842071533,1.14424467086792,0.7593604922294617,2.390998661518097
638,0.5242276191711426,1.339638352394104,0.7674428820610046,2.631308853626251
639,0.42034029960632324,0.8030601143836975,0.5783954858779907,1.8017958998680115
640,0.37119466066360474,0.938930869102478,0.5753241777420044,1.8854497075080872
641,0.46538791060447693,1.218654990196228,0.6955475807189941,2.379590481519699
642,0.4267406165599823,0.940839946269989,0.6150979995727539,1.9826785624027252
643,0.3978569209575653,1.1245437860488892,0.5647180676460266,2.087118774652481
644,0.47770190238952637,1.354874849319458,0.7806170582771301,2.6131938099861145
645,0.4343664348125458,1.0547844171524048,0.6161051392555237,2.1052559912204742
646,0.30545493960380554,1.0322452783584595,0.5428579449653625,1.8805581629276276
647,0.3125772774219513,0.8242857456207275,0.44648364186286926,1.583346664905548
648,0.37931352853775024,1.0970128774642944,0.5951275825500488,2.0714539885520935
649,0.3799164891242981,1.0809110403060913,0.5950025320053101,2.0558300614356995
650,0.2318343073129654,0.6002123951911926,0.42146798968315125,1.2535146921873093
651,0.39602410793304443,1.1772801876068115,0.6655009984970093,2.2388052940368652
652,0.3855871558189392,1.0205676555633545,0.6332801580429077,2.0394349694252014
653,0.3680116534233093,0.7395144701004028,0.5090795755386353,1.6166056990623474
654,0.5433474779129028,1.2717636823654175,0.711267352104187,2.5263785123825073
655,0.48597612977027893,1.124096393585205,0.671734631061554,2.281807154417038
656,0.2999412417411804,0.6417458057403564,0.4842135012149811,1.425900548696518
657,0.34694474935531616,0.8741871118545532,0.5686586499214172,1.7897905111312866
658,0.40518173575401306,0.9152379035949707,0.5265503525733948,1.8469699919223785
659,0.4603549838066101,0.8236297369003296,0.5696130990982056,1.8535978198051453
660,0.4950481057167053,1.2454923391342163,0.8080341815948486,2.5485746264457703
661,0.3053556978702545,0.6716201901435852,0.495360791683197,1.4723366796970367
662,0.41324087977409363,1.0329474210739136,0.6424970030784607,2.088685303926468
663,0.42092251777648926,0.8484112024307251,0.577359139919281,1.8466928601264954
664,0.4204925298690796,0.7749531269073486,0.601810097694397,1.7972557544708252
665,0.34155628085136414,0.6799861192703247,0.5097922682762146,1.5313346683979034
666,0.430850088596344,0.8536911606788635,0.5849686861038208,1.8695099353790283
667,0.4475669264793396,0.9957785606384277,0.6658831834793091,2.1092286705970764
668,0.44933852553367615,1.0923341512680054,0.7010216116905212,2.2426942884922028
669,0.4234788715839386,0.886479377746582,0.6550136804580688,1.9649719297885895
670,0.4010292887687683,0.8329334855079651,0.5877655148506165,1.8217282891273499
671,0.40833884477615356,0.952476441860199,0.6276645064353943,1.9884797930717468
672,0.44155222177505493,1.0878653526306152,0.7099470496177673,2.2393646240234375
673,0.37541285157203674,0.7376559972763062,0.5793987512588501,1.692467600107193
674,0.42894646525382996,0.9638117551803589,0.671995222568512,2.064753443002701
675,0.42328956723213196,0.8230935335159302,0.5958026647567749,1.842185765504837
676,0.4187369644641876,1.0671803951263428,0.672420859336853,2.1583382189273834
677,0.36767229437828064,0.7462106943130493,0.5712422728538513,1.6851252615451813
678,0.3327539563179016,0.6918224096298218,0.4925563633441925,1.517132729291916
679,0.37004703283309937,1.0175330638885498,0.6529907584190369,2.040570855140686
680,0.42364904284477234,0.8552988767623901,0.6035424470901489,1.8824903666973114
681,0.47653767466545105,1.00289785861969,0.7073243856430054,2.1867599189281464
682,0.3437696397304535,0.8074761033058167,0.5838658213615417,1.735111564397812
683,0.34178435802459717,0.6526329517364502,0.544755756855011,1.5391730666160583
684,0.4481499195098877,1.1176486015319824,0.7353066205978394,2.3011051416397095
685,0.35620933771133423,0.8427078127861023,0.5908900499343872,1.7898072004318237
686,0.4167885184288025,0.9034437537193298,0.623421847820282,1.9436541199684143
687,0.3847218453884125,0.85113126039505,0.6141987442970276,1.8500518500804901
688,0.3723824918270111,0.9815700650215149,0.6285315752029419,1.982484132051468
689,0.3012077808380127,0.7697133421897888,0.5347465872764587,1.6056677103042603
690,0.29642829298973083,0.7808650732040405,0.52217698097229,1.5994703471660614
691,0.35019928216934204,0.7643768191337585,0.5331799387931824,1.647756040096283
692,0.36151906847953796,1.0408289432525635,0.6103934645652771,2.0127414762973785
693,0.4319542944431305,1.1185355186462402,0.6534861922264099,2.2039760053157806
694,0.36342620849609375,0.738386332988739,0.520305871963501,1.6221184134483337
695,0.3204271197319031,1.109586238861084,0.5910261273384094,2.0210394859313965
696,0.38419580459594727,1.1876237392425537,0.5933305025100708,2.1651500463485718
697,0.34212884306907654,1.0395185947418213,0.586795449256897,1.9684428870677948
698,0.34501802921295166,0.9820483922958374,0.5809333324432373,1.9079997539520264
699,0.3576129972934723,0.8952938318252563,0.5741399526596069,1.8270467817783356
700,0.3623998463153839,1.2353107929229736,0.6202802062034607,2.2179908454418182
701,0.358251690864563,0.9133760333061218,0.5340408086776733,1.8056685328483582
702,0.4430577754974365,1.0682564973831177,0.6638945937156677,2.175208866596222
703,0.30634942650794983,0.9984298944473267,0.5626687407493591,1.8674480617046356
704,0.4273962676525116,1.3077579736709595,0.6623168587684631,2.397471100091934
705,0.33805379271507263,1.2477755546569824,0.6972891092300415,2.2831184566020966
706,0.31715795397758484,0.96150141954422,0.5898317694664001,1.868491142988205
707,0.45007002353668213,0.9159517884254456,0.629959762096405,1.9959815740585327
708,0.37451276183128357,0.9225676655769348,0.5708561539649963,1.8679365813732147
709,0.42626020312309265,1.150334358215332,0.708247721195221,2.2848422825336456
710,0.3792697489261627,0.9070689082145691,0.6667699217796326,1.9531085789203644
711,0.30469492077827454,0.823439359664917,0.5679238438606262,1.6960581243038177
712,0.41991961002349854,0.9060465693473816,0.5981441736221313,1.9241103529930115
713,0.31373441219329834,0.6352565884590149,0.4283008277416229,1.3772918283939362
714,0.4448457956314087,1.0820649862289429,0.670651376247406,2.1975621581077576
715,0.348154753446579,0.7796393632888794,0.5385199189186096,1.666314035654068
716,0.36983248591423035,0.884891152381897,0.6206644773483276,1.875388115644455
717,0.4577246308326721,1.105309247970581,0.7116290330886841,2.2746629118919373
718,0.4112154543399811,0.9455273747444153,0.6262332797050476,1.982976108789444
719,0.2716499865055084,0.6160783767700195,0.5003970265388489,1.3881253898143768
720,0.3696444034576416,0.6777210831642151,0.5369216799736023,1.584287166595459
721,0.318464070558548,0.9404018521308899,0.5379775762557983,1.7968434989452362
722,0.4485178291797638,1.3635554313659668,0.714113712310791,2.5261869728565216
723,0.3234770894050598,1.0728553533554077,0.6080476641654968,2.0043801069259644
724,0.4783554971218109,0.9133104085922241,0.5973135828971863,1.9889794886112213
725,0.38633736968040466,1.1306164264678955,0.607764482498169,2.124718278646469
726,0.3101974427700043,1.0313559770584106,0.4705621898174286,1.8121156096458435
727,0.4036784768104553,1.2896308898925781,0.7129789590835571,2.4062883257865906
728,0.3775789737701416,0.9091173410415649,0.6168779134750366,1.9035742282867432
729,0.3949364125728607,1.246465802192688,0.6907830238342285,2.332185238599777
730,0.3945057988166809,1.2605044841766357,0.609646201133728,2.2646564841270447
731,0.4272291362285614,1.1909557580947876,0.6867979168891907,2.3049828112125397
732,0.4097091257572174,1.3803398609161377,0.7729137539863586,2.5629627406597137
733,0.4190235137939453,1.4056929349899292,0.771169126033783,2.5958855748176575
734,0.3499447703361511,1.0868545770645142,0.6071175932884216,2.043916940689087
735,0.3428482115268707,1.0026915073394775,0.5726611018180847,1.918200820684433
736,0.3613734841346741,0.9446427822113037,0.5860182642936707,1.8920345306396484
737,0.42960768938064575,1.1782811880111694,0.7153603434562683,2.3232492208480835
738,0.38248786330223083,1.0834059715270996,0.6795890927314758,2.1454829275608063
739,0.3899904489517212,0.9825798869132996,0.633912205696106,2.0064825415611267
740,0.36559686064720154,0.9809727072715759,0.6256400942802429,1.9722096621990204
741,0.3259291350841522,0.7590500116348267,0.5508556365966797,1.6358347833156586
742,0.3639456331729889,0.8861533999443054,0.6251999735832214,1.8752990067005157
743,0.34511011838912964,0.8766844868659973,0.610992968082428,1.832787573337555
744,0.4426974058151245,0.8901037573814392,0.5773414969444275,1.9101426601409912
745,0.40881821513175964,0.9224754571914673,0.6319988369941711,1.963292509317398
746,0.3621710240840912,0.8570082187652588,0.6252909302711487,1.8444701731204987
747,0.459270179271698,1.1923290491104126,0.811471164226532,2.4630703926086426
748,0.3171663284301758,0.5642001628875732,0.41732150316238403,1.298687994480133
749,0.3604566752910614,0.8608905076980591,0.5708652138710022,1.7922123968601227
750,0.35558173060417175,0.7916827201843262,0.5474010109901428,1.6946654617786407
751,0.2778751850128174,0.7276595234870911,0.487336128950119,1.4928708374500275
752,0.41618189215660095,0.9924030303955078,0.6637734174728394,2.072358340024948
753,0.4704064130783081,1.2054648399353027,0.7750557661056519,2.4509270191192627
754,0.41407161951065063,0.9918677806854248,0.7132279872894287,2.119167387485504
755,0.40765637159347534,0.8756645321846008,0.6711073517799377,1.954428255558014
756,0.32689884305000305,0.7373501658439636,0.5117884278297424,1.576037436723709
757,0.3994387686252594,0.7937830686569214,0.5563400387763977,1.7495618760585785
758,0.42833611369132996,0.7443653345108032,0.5945766568183899,1.767278105020523
759,0.3385273218154907,0.8814452290534973,0.6079844832420349,1.827957034111023
760,0.4717099070549011,1.03018319606781,0.6904841661453247,2.192377269268036
761,0.39936602115631104,0.9518647789955139,0.6880056262016296,2.0392364263534546
762,0.4516146183013916,1.048681616783142,0.7135096788406372,2.213805913925171
763,0.34280940890312195,0.8929532170295715,0.5341607332229614,1.769923359155655
764,0.27249670028686523,0.7222918272018433,0.44562092423439026,1.4404094517230988
765,0.3359232246875763,0.7119200229644775,0.49071356654167175,1.5385568141937256
766,0.3037778437137604,0.8259032964706421,0.574370265007019,1.7040514051914215
767,0.37321388721466064,0.6615555882453918,0.5270066857337952,1.5617761611938477
768,0.4240694046020508,0.7571771740913391,0.556670606136322,1.737917184829712
769,0.4863094389438629,1.0958508253097534,0.694709062576294,2.2768693268299103
770,0.3757146894931793,0.8885648846626282,0.5963414311408997,1.8606210052967072
771,0.36585813760757446,0.7840182185173035,0.6118558645248413,1.7617322206497192
772,0.36446234583854675,0.8564693927764893,0.5538237690925598,1.7747555077075958
773,0.3980354964733124,0.9512736201286316,0.5992323160171509,1.9485414326190948
774,0.40298745036125183,0.7525542974472046,0.5532122850418091,1.7087540328502655
775,0.4839266538619995,1.1538503170013428,0.7555548548698425,2.393331825733185
776,0.3005208969116211,0.7485764622688293,0.47677385807037354,1.525871217250824
777,0.3087840974330902,0.9048121571540833,0.5427747964859009,1.7563710510730743
778,0.38321027159690857,1.043030858039856,0.7005720138549805,2.126813143491745
779,0.33071449398994446,0.7459246516227722,0.5274451971054077,1.6040843427181244
780,0.48237380385398865,1.0624115467071533,0.7543334364891052,2.299118787050247
781,0.3329470157623291,0.9037222862243652,0.577899158000946,1.8145684599876404
782,0.2966211140155792,0.698847234249115,0.4928421676158905,1.4883105158805847
783,0.3487889766693115,1.0502612590789795,0.7037255167961121,2.102775752544403
784,0.24339783191680908,0.7065805792808533,0.4596715271472931,1.4096499383449554
785,0.358140766620636,0.7849204540252686,0.5466678738594055,1.68972909450531
786,0.34588348865509033,0.8438524007797241,0.6172475814819336,1.806983470916748
787,0.267027348279953,0.6034013628959656,0.5148211121559143,1.3852498233318329
788,0.31525132060050964,0.8403060436248779,0.5670626163482666,1.7226199805736542
789,0.33260378241539,0.7856174111366272,0.5837993025779724,1.7020204961299896
790,0.3961434066295624,0.8789509534835815,0.5940797328948975,1.8691740930080414
791,0.31801220774650574,0.7534865140914917,0.6083981990814209,1.6798969209194183
792,0.3445497453212738,0.7954773902893066,0.55519700050354,1.6952241361141205
793,0.3831334114074707,1.070180058479309,0.7013273239135742,2.154640793800354
794,0.3537774980068207,1.0889129638671875,0.7516196370124817,2.19431009888649
795,0.45382213592529297,1.1706863641738892,0.7544450759887695,2.3789535760879517
796,0.3584975004196167,0.8902807831764221,0.5695310235023499,1.8183093070983887
797,0.32271498441696167,0.7317161560058594,0.5596328377723694,1.6140639781951904
798,0.40359532833099365,0.9914815425872803,0.6762208938598633,2.071297764778137
799,0.3749668598175049,0.8827006220817566,0.6014798879623413,1.8591473698616028
800,0.36464643478393555,0.8691153526306152,0.5560517311096191,1.78981351852417
801,0.4066699743270874,1.0950894355773926,0.7794005274772644,2.2811599373817444
802,0.3598214089870453,0.8311581611633301,0.607901930809021,1.7988815009593964
803,0.28489965200424194,0.8162992000579834,0.5430662631988525,1.6442651152610779
804,0.2726270854473114,0.5796734094619751,0.43804991245269775,1.2903504073619843
805,0.30661264061927795,0.8290378451347351,0.5895983576774597,1.7252488434314728
806,0.3434326648712158,0.8689614534378052,0.5783488750457764,1.7907429933547974
807,0.1970280259847641,0.49381062388420105,0.40311121940612793,1.093949869275093
808,0.3432314097881317,0.882975697517395,0.6335910558700562,1.8597981631755829
809,0.32991892099380493,0.8714779019355774,0.6242629289627075,1.8256597518920898
810,0.3311576843261719,0.578829824924469,0.502851665019989,1.4128391742706299
811,0.455944687128067,0.947851836681366,0.6954272389411926,2.0992237627506256
812,0.4024987816810608,0.9346474409103394,0.6596411466598511,1.9967873692512512
813,0.2589976191520691,0.552965521812439,0.4696405827999115,1.2816037237644196
814,0.32466718554496765,0.6902738213539124,0.5565774440765381,1.571518450975418
815,0.3611125648021698,0.7618414759635925,0.5273146629333496,1.650268703699112
816,0.3776169419288635,0.7379128932952881,0.5576965808868408,1.6732264161109924
817,0.4386821687221527,1.193757176399231,0.799170196056366,2.4316095411777496
818,0.2558083236217499,0.5062734484672546,0.4902181923389435,1.252299964427948
819,0.34919869899749756,0.8393704295158386,0.6370524168014526,1.8256215453147888
820,0.37043312191963196,0.7812879681587219,0.5762712359428406,1.7279923260211945
821,0.36993712186813354,0.7593097686767578,0.5895546078681946,1.718801498413086
822,0.30798807740211487,0.601956844329834,0.4921300411224365,1.4020749628543854
823,0.37721529603004456,0.7592736482620239,0.5777733325958252,1.7142622768878937
824,0.3798690438270569,1.0191724300384521,0.6707331538200378,2.069774627685547
825,0.38040030002593994,0.9156344532966614,0.6951020956039429,1.9911368489265442
826,0.3632671535015106,0.8278722763061523,0.6461328268051147,1.8372722566127777
827,0.32444503903388977,0.9112797975540161,0.586905300617218,1.822630137205124
828,0.3476203978061676,0.9814851880073547,0.6255489587783813,1.9546545445919037
829,0.37215957045555115,1.0610030889511108,0.7080693244934082,2.14123198390007
830,0.31236961483955383,0.6787724494934082,0.5707889795303345,1.5619310438632965
831,0.3952489495277405,0.9826388359069824,0.6663047671318054,2.0441925525665283
832,0.3756560981273651,0.8594679832458496,0.5928241014480591,1.8279481828212738
833,0.37189197540283203,0.9040239453315735,0.6681026220321655,1.944018542766571
834,0.30949142575263977,0.7508972883224487,0.56551593542099,1.6259046494960785
835,0.2924685776233673,0.7445831894874573,0.48940593004226685,1.5264576971530914
836,0.3475872576236725,0.9779664278030396,0.6471070051193237,1.9726606905460358
837,0.3751566410064697,0.8482591509819031,0.6043850779533386,1.8278008699417114
838,0.4436797797679901,0.9843568205833435,0.7051848769187927,2.1332214772701263
839,0.30375126004219055,0.7253025770187378,0.5819137692451477,1.610967606306076
840,0.2986275851726532,0.6005646586418152,0.5397845506668091,1.4389767944812775
841,0.39605283737182617,0.9982390999794006,0.7319152355194092,2.126207172870636
842,0.32936206459999084,0.6958063244819641,0.5858283638954163,1.6109967529773712
843,0.38470742106437683,0.8585236072540283,0.613440215587616,1.8566712439060211
844,0.3539924621582031,0.8882291316986084,0.6064956784248352,1.8487172722816467
845,0.3468977212905884,0.9018516540527344,0.6272589564323425,1.8760083317756653
846,0.2907871603965759,0.6376397609710693,0.5280069708824158,1.456433892250061
847,0.26426762342453003,0.7231964468955994,0.5192441940307617,1.5067082643508911
848,0.322831928730011,0.8116341233253479,0.5320748686790466,1.6665409207344055
849,0.3584348261356354,0.8769792914390564,0.6060367822647095,1.8414508998394012
850,0.4075522720813751,0.8985610008239746,0.6469800472259521,1.9530933201313019
851,0.34226277470588684,0.8579342365264893,0.5146450400352478,1.714842051267624
852,0.30121877789497375,0.9172648787498474,0.5860932469367981,1.8045769035816193
853,0.3578468859195709,0.7844641804695129,0.5822001695632935,1.7245112359523773
854,0.30934736132621765,0.7502807974815369,0.5769832134246826,1.6366113722324371
855,0.28532764315605164,0.8252703547477722,0.578233003616333,1.6888310015201569
856,0.3167910873889923,0.8942762017250061,0.5728020071983337,1.7838692963123322
857,0.3382493555545807,0.9212157130241394,0.6100119352340698,1.86947700381279
858,0.3107236623764038,0.7282281517982483,0.5189942717552185,1.5579460859298706
859,0.3710060119628906,1.1128228902816772,0.6617715358734131,2.145600438117981
860,0.3216014802455902,0.7900339365005493,0.5519956946372986,1.663631111383438
861,0.3679056465625763,0.8696499466896057,0.648741602897644,1.886297196149826
862,0.3092351257801056,0.9642829298973083,0.6892797350883484,1.9627977907657623
863,0.2821563482284546,0.8889871835708618,0.5732098817825317,1.7443534135818481
864,0.4224928617477417,0.9225670695304871,0.6288459300994873,1.973905861377716
865,0.30722537636756897,0.7807875871658325,0.5646438002586365,1.652656763792038
866,0.401345819234848,1.035858154296875,0.7048356533050537,2.1420396268367767
867,0.3561737537384033,1.0800784826278687,0.6627870202064514,2.0990392565727234
868,0.2864645719528198,0.8963794708251953,0.5631823539733887,1.7460263967514038
869,0.3515251576900482,0.7539820075035095,0.5891200304031372,1.694627195596695
870,0.2990022301673889,0.4650214612483978,0.42418012022972107,1.1882038116455078
871,0.36684098839759827,1.0765751600265503,0.675652801990509,2.1190689504146576
872,0.2962217926979065,0.8201210498809814,0.5402319431304932,1.656574785709381
873,0.31396347284317017,0.9254155158996582,0.6181604862213135,1.8575394749641418
874,0.3742275536060333,1.0969749689102173,0.6992841958999634,2.170486718416214
875,0.3541388213634491,0.8464171886444092,0.6061397790908813,1.8066957890987396
876,0.25672873854637146,0.6875548958778381,0.4988437592983246,1.4431273937225342
877,0.29521721601486206,0.8667736053466797,0.5389449596405029,1.7009357810020447
878,0.2901744842529297,0.7177755832672119,0.5288886427879333,1.536838710308075
879,0.3614366054534912,0.9240565299987793,0.6901575326919556,1.975650668144226
880,0.27242612838745117,0.9494096636772156,0.5903719067573547,1.8122076988220215
881,0.4274352192878723,0.993231475353241,0.5796683430671692,2.0003350377082825
882,0.3637393116950989,1.0954294204711914,0.5965617299079895,2.05573046207428
883,0.31779181957244873,0.7554144859313965,0.4745097756385803,1.5477160811424255
884,0.3681415915489197,0.948645293712616,0.7090350389480591,2.0258219242095947
885,0.3197175860404968,1.0532811880111694,0.6115319132804871,1.9845306873321533
886,0.34142428636550903,0.9697486758232117,0.6823140382766724,1.993487000465393
887,0.3225494921207428,0.8421743512153625,0.5972710251808167,1.761994868516922
888,0.36426547169685364,0.9334191679954529,0.6765949130058289,1.9742795526981354
889,0.38675686717033386,1.149732232093811,0.7632279992103577,2.2997170984745026
890,0.3842774033546448,0.9944859743118286,0.7534856200218201,2.1322489976882935
891,0.3146929144859314,0.7977010607719421,0.5938390493392944,1.706233024597168
892,0.3323889970779419,0.7528245449066162,0.5650948882102966,1.6503084301948547
893,0.31650301814079285,0.738410472869873,0.5777469277381897,1.6326604187488556
894,0.3777424097061157,0.9035390019416809,0.706291675567627,1.9875730872154236
895,0.3640163838863373,0.8786773085594177,0.6709357500076294,1.9136294424533844
896,0.35469353199005127,0.7883738279342651,0.6241390109062195,1.7672063708305359
897,0.29496410489082336,0.7964609265327454,0.6173096895217896,1.7087347209453583
898,0.28288033604621887,0.6866759657859802,0.5417226552963257,1.5112789571285248
899,0.34046438336372375,0.7187795639038086,0.6172118782997131,1.6764558255672455
900,0.3086543679237366,0.7759059071540833,0.5947887301445007,1.6793490052223206
901,0.35184067487716675,0.6658219695091248,0.5595276951789856,1.577190339565277
902,0.33388185501098633,0.766157865524292,0.6170710325241089,1.7171107530593872
903,0.304485023021698,0.7211534380912781,0.6125089526176453,1.6381474137306213
904,0.4252501428127289,1.0017895698547363,0.7985884547233582,2.2256281673908234
905,0.2676639258861542,0.4494030773639679,0.410826176404953,1.127893179655075
906,0.31847286224365234,0.7026603817939758,0.5637123584747314,1.5848456025123596
907,0.2919277250766754,0.6559768319129944,0.5411425232887268,1.4890470802783966
908,0.22557584941387177,0.6517107486724854,0.47514471411705017,1.3524313122034073
909,0.4115322232246399,0.9425159692764282,0.6497633457183838,2.003811538219452
910,0.4009280502796173,1.1014471054077148,0.7655192017555237,2.267894357442856
911,0.3365844488143921,0.8731260895729065,0.6955348253250122,1.9052453637123108
912,0.3521212935447693,0.8749646544456482,0.6674417853355408,1.8945277333259583
913,0.2936939597129822,0.7076495885848999,0.5056864023208618,1.507029950618744
914,0.3458300232887268,0.8028881549835205,0.5424187183380127,1.69113689661026
915,0.42575734853744507,0.7263810038566589,0.5783069133758545,1.7304452657699585
916,0.2879619300365448,0.8031414151191711,0.5973491668701172,1.6884525120258331
917,0.3753996193408966,0.9308582544326782,0.6739540696144104,1.9802119433879852
918,0.32826006412506104,0.9104844331741333,0.6785743236541748,1.9173188209533691
919,0.4105883836746216,1.0571599006652832,0.707467794418335,2.1752160787582397
920,0.31686773896217346,0.6806960105895996,0.5298580527305603,1.5274218022823334
921,0.22026346623897552,0.5990321040153503,0.4395648241043091,1.258860394358635
922,0.2782127261161804,0.7437655925750732,0.4883342385292053,1.510312557220459
923,0.27527931332588196,0.8366705775260925,0.5637319087982178,1.6756817996501923
924,0.3342382311820984,0.7060919404029846,0.5141815543174744,1.5545117259025574
925,0.35134848952293396,0.7343041896820068,0.5501746535301208,1.6358273327350616
926,0.3798394203186035,1.0583853721618652,0.6967911124229431,2.135015904903412
927,0.31727835536003113,0.8440411686897278,0.6028326153755188,1.7641521394252777
928,0.3093160390853882,0.7071089148521423,0.6105432510375977,1.6269682049751282
929,0.34030449390411377,0.7466151714324951,0.5516009330749512,1.63852059841156
930,0.33750396966934204,0.740567147731781,0.5892260670661926,1.6672971844673157
931,0.32618147134780884,0.649807333946228,0.5432384610176086,1.5192272663116455
932,0.41636916995048523,1.1226838827133179,0.7518382668495178,2.290891319513321
933,0.26256564259529114,0.5949093103408813,0.4707350730895996,1.328210026025772
934,0.27346399426460266,0.7073128819465637,0.5294481515884399,1.5102250277996063
935,0.31948521733283997,0.9524430632591248,0.6932072043418884,1.9651354849338531
936,0.31136423349380493,0.6800245046615601,0.519548237323761,1.510936975479126
937,0.41470620036125183,0.9445676803588867,0.747846245765686,2.1071201264858246
938,0.26449909806251526,0.7068915367126465,0.5561554431915283,1.52754607796669
939,0.23965169489383698,0.6510499715805054,0.486387699842453,1.3770893663167953
940,0.32053008675575256,0.9815636873245239,0.6925318241119385,1.994625598192215
941,0.20579107105731964,0.6630257964134216,0.4587976038455963,1.3276144713163376
942,0.3152614235877991,0.6324985027313232,0.5425615310668945,1.4903214573860168
943,0.3194137215614319,0.8727248311042786,0.6150344014167786,1.807172954082489
944,0.23089037835597992,0.6496121883392334,0.5126639008522034,1.3931664675474167
945,0.2719314396381378,0.7826473712921143,0.5626864433288574,1.6172652542591095
946,0.2959529757499695,0.7591584920883179,0.5823326110839844,1.6374440789222717
947,0.3762735426425934,0.789145290851593,0.5906705856323242,1.7560894191265106
948,0.28126034140586853,0.8689263463020325,0.6147333383560181,1.764920026063919
949,0.3304801881313324,0.7401860356330872,0.5559850335121155,1.626651257276535
950,0.3232743740081787,0.9045092463493347,0.6934193968772888,1.9212030172348022
951,0.3054828345775604,0.9364715814590454,0.7443516850471497,1.9863061010837555
952,0.3793494403362274,1.1179720163345337,0.7516496181488037,2.248971074819565
953,0.31808826327323914,0.7757988572120667,0.5688998103141785,1.6627869307994843
954,0.29215753078460693,0.6720175743103027,0.5568326115608215,1.5210077166557312
955,0.35226601362228394,0.927200973033905,0.6738077402114868,1.9532747268676758
956,0.32315921783447266,0.7787827849388123,0.5955502390861511,1.697492241859436
957,0.2962607145309448,0.7609266638755798,0.5518810749053955,1.6090684533119202
958,0.3770167827606201,0.9678361415863037,0.769653856754303,2.114506781101227
959,0.3364461362361908,0.7587918639183044,0.6041660308837891,1.6994040310382843
960,0.2616567313671112,0.6971760392189026,0.5360007286071777,1.4948334991931915
961,0.25011786818504333,0.5453000664710999,0.4385944902896881,1.2340124249458313
962,0.27588900923728943,0.7379212379455566,0.5839498043060303,1.5977600514888763
963,0.30374401807785034,0.7865460515022278,0.5751162171363831,1.6654062867164612
964,0.18882782757282257,0.4991947114467621,0.4034717381000519,1.0914942771196365
965,0.3066149652004242,0.8696003556251526,0.633039116859436,1.8092544376850128
966,0.2857213020324707,0.803708016872406,0.6198088526725769,1.7092381715774536
967,0.2798234820365906,0.6108852028846741,0.4972951114177704,1.388003796339035
968,0.4363941252231598,0.9388816952705383,0.6918741464614868,2.067149966955185
969,0.36563384532928467,0.8354192972183228,0.6519799828529358,1.8530331254005432
970,0.23411333560943604,0.4803219735622406,0.46588364243507385,1.1803189516067505
971,0.2727030813694,0.6950775384902954,0.552823007106781,1.5206036269664764
972,0.33094334602355957,0.5552521347999573,0.5167248249053955,1.4029203057289124
973,0.35087403655052185,0.6878142952919006,0.5523697137832642,1.5910580456256866
974,0.4075809121131897,1.127463459968567,0.799140453338623,2.3341848254203796
975,0.22991865873336792,0.5207589268684387,0.49186569452285767,1.2425432801246643
976,0.30214327573776245,0.7897635698318481,0.6318042874336243,1.7237111330032349
977,0.3266715109348297,0.6468397974967957,0.5722140073776245,1.5457253158092499
978,0.3211275041103363,0.6284216642379761,0.5860318541526794,1.5355810225009918
979,0.26368990540504456,0.5779114961624146,0.48594656586647034,1.3275479674339294
980,0.36115357279777527,0.7902107834815979,0.5757433772087097,1.7271077334880829
981,0.37182408571243286,0.830976665019989,0.6564381718635559,1.8592389225959778
982,0.32525569200515747,0.9133685231208801,0.6930761337280273,1.931700348854065
983,0.33613595366477966,0.8810121417045593,0.6441888213157654,1.8613369166851044
984,0.28518766164779663,0.7646808624267578,0.5833301544189453,1.6331986784934998
985,0.3197188377380371,0.7591965198516846,0.6180715560913086,1.6969869136810303
986,0.3686619997024536,0.9774091243743896,0.7007572650909424,2.0468283891677856
987,0.28404805064201355,0.8592613339424133,0.5687304139137268,1.7120397984981537
988,0.3571934998035431,0.9920394420623779,0.6644662022590637,2.0136991441249847
989,0.342603862285614,0.7827988266944885,0.5908191204071045,1.716221809387207
990,0.36472222208976746,0.8424676656723022,0.65796959400177,1.8651594817638397
991,0.2876740097999573,0.8514782786369324,0.5644572973251343,1.703609585762024
992,0.254966139793396,0.6972072124481201,0.4869979918003082,1.4391713440418243
993,0.32230955362319946,0.8396906852722168,0.6415619254112244,1.8035621643066406
994,0.33073732256889343,0.7176408171653748,0.5972732901573181,1.6456514298915863
995,0.38560181856155396,0.981309711933136,0.700385332107544,2.067296862602234
996,0.274073988199234,0.7769065499305725,0.5805510878562927,1.6315316259860992
997,0.2792418897151947,0.6589837670326233,0.5383509397506714,1.4765765964984894
998,0.2999148666858673,1.002679705619812,0.7263004779815674,2.0288950502872467
999,0.2732528746128082,0.6909202933311462,0.5772729516029358,1.5414461195468903
1000,0.3557114601135254,0.7504916787147522,0.6124969124794006,1.7187000513076782
1001,0.3115399181842804,0.7341388463973999,0.6035635471343994,1.6492423117160797
1002,0.29807156324386597,0.8227460384368896,0.6255516409873962,1.7463692426681519
1003,0.24721454083919525,0.663536787033081,0.5280782580375671,1.4388295859098434
1004,0.25674891471862793,0.7121959328651428,0.5195919275283813,1.488536775112152
1005,0.2870476245880127,0.7213281393051147,0.5280853509902954,1.5364611148834229
1006,0.2940537929534912,0.8121491074562073,0.598632276058197,1.7048351764678955
1007,0.35081616044044495,0.870048999786377,0.6428444385528564,1.8637095987796783
1008,0.3279164731502533,0.6439003348350525,0.5127163529396057,1.4845331609249115
1009,0.2777821123600006,0.7629774212837219,0.5773574113845825,1.618116945028305
1010,0.3176259994506836,0.9110107421875,0.5806324481964111,1.8092691898345947
1011,0.287013977766037,0.9534376263618469,0.5801874995231628,1.8206391036510468
1012,0.258780300617218,0.747426450252533,0.5734962821006775,1.5797030329704285
1013,0.28226438164711,0.6853484511375427,0.5650594830513,1.5326723158359528
1014,0.30073440074920654,0.8464929461479187,0.6033881306648254,1.7506154775619507
1015,0.2651503384113312,0.7330236434936523,0.5157471895217896,1.513921171426773
1016,0.34021466970443726,1.123918890953064,0.6598449945449829,2.123978555202484
1017,0.25417062640190125,0.8170249462127686,0.5540350079536438,1.6252305805683136
1018,0.3217943608760834,0.8397011756896973,0.6433834433555603,1.804878979921341
1019,0.26691341400146484,0.9257590770721436,0.6834158897399902,1.8760883808135986
1020,0.24182651937007904,0.7809848785400391,0.5679893493652344,1.5908007472753525
1021,0.3464660942554474,0.8115965723991394,0.6189528703689575,1.7770155370235443
1022,0.2521819472312927,0.627934992313385,0.5603591203689575,1.4404760599136353
1023,0.3395966589450836,0.8240997195243835,0.6927563548088074,1.8564527332782745
1024,0.3208984136581421,0.8287553787231445,0.661453366279602,1.8111071586608887
1025,0.24737870693206787,0.6798421740531921,0.5597192049026489,1.486940085887909
1026,0.2911789119243622,0.7421333193778992,0.5837875604629517,1.617099791765213
1027,0.2666047513484955,0.5159366726875305,0.4305249750614166,1.2130663990974426
1028,0.30811429023742676,0.8235687017440796,0.660386860370636,1.7920698523521423
1029,0.26273810863494873,0.5694473385810852,0.5317205786705017,1.3639060258865356
1030,0.2864275574684143,0.7410558462142944,0.6067639589309692,1.634247362613678
1031,0.32058659195899963,1.0009711980819702,0.6918254494667053,2.013383239507675
1032,0.3028613030910492,0.8235036730766296,0.6026700735092163,1.7290350496768951
1033,0.20499172806739807,0.6133642196655273,0.49483686685562134,1.3131928145885468
1034,0.2498794049024582,0.6617006659507751,0.5302916169166565,1.4418716877698898
1035,0.2398005872964859,0.6049243807792664,0.522578239440918,1.3673032075166702
1036,0.33879247307777405,0.8831034302711487,0.6875001192092896,1.9093960225582123
1037,0.23101413249969482,0.7377423644065857,0.5842629671096802,1.5530194640159607
1038,0.36335182189941406,0.6765413284301758,0.5664344429969788,1.6063275933265686
1039,0.3011258840560913,0.7931172251701355,0.5848472714424133,1.6790903806686401
1040,0.24915239214897156,0.6300124526023865,0.47356343269348145,1.3527282774448395
1041,0.33493196964263916,0.8835322856903076,0.7060244083404541,1.9244886636734009
1042,0.32356563210487366,0.741899847984314,0.6063398718833923,1.67180535197258
1043,0.31215664744377136,0.8275501132011414,0.6743566393852234,1.814063400030136
1044,0.27619031071662903,0.6713398098945618,0.5864089727401733,1.5339390933513641
1045,0.3142922520637512,0.8176815509796143,0.6711381077766418,1.8031119108200073
1046,0.3364703059196472,1.1291834115982056,0.7654153108596802,2.231069028377533
1047,0.3414418697357178,0.9056294560432434,0.7449288368225098,1.992000162601471
1048,0.2733159363269806,0.8263665437698364,0.5880643129348755,1.6877467930316925
1049,0.2888709604740143,0.8486381769180298,0.5620660781860352,1.6995752155780792
1050,0.310894638299942,0.8682702779769897,0.5761536955833435,1.7553186118602753
1051,0.3317776918411255,0.8875551819801331,0.7039110660552979,1.9232439398765564
1052,0.34359487891197205,0.8196054100990295,0.6644542813301086,1.8276545703411102
1053,0.3130079209804535,0.9143101572990417,0.6220223903656006,1.8493404686450958
1054,0.27143988013267517,0.9499574899673462,0.6144795417785645,1.8358769118785858
1055,0.2415175586938858,0.6753627061843872,0.5374128222465515,1.4542930871248245
1056,0.2880892753601074,0.6835058927536011,0.6125338077545166,1.584128975868225
1057,0.28457677364349365,0.7598737478256226,0.5930584073066711,1.6375089287757874
1058,0.3183766007423401,0.7462279796600342,0.5582141280174255,1.6228187084197998
1059,0.2962215840816498,0.857421875,0.6156008243560791,1.7692442834377289
1060,0.2618132531642914,0.8116036057472229,0.6095578074455261,1.6829746663570404
1061,0.3586248755455017,1.1122636795043945,0.7973036766052246,2.268192231655121
1062,0.23752009868621826,0.4823640286922455,0.4101450443267822,1.130029171705246
1063,0.27237141132354736,0.6521074771881104,0.5629361271858215,1.4874150156974792
1064,0.26342320442199707,0.6179861426353455,0.5403304100036621,1.4217397570610046
1065,0.1944420039653778,0.5883305668830872,0.47238102555274963,1.2551535964012146
1066,0.3344155550003052,0.8724472522735596,0.6434739828109741,1.8503367900848389
1067,0.3415850102901459,1.0378508567810059,0.7606096267700195,2.1400454938411713
1068,0.29782941937446594,0.9347665309906006,0.6836683750152588,1.9162643253803253
1069,0.32920005917549133,0.8489997982978821,0.6624429225921631,1.8406427800655365
1070,0.25400638580322266,0.5814765691757202,0.5017156004905701,1.337198555469513
1071,0.2954333424568176,0.7190132737159729,0.5382749438285828,1.5527215600013733
1072,0.3675055503845215,0.7310789823532104,0.5749992728233337,1.6735838055610657
1073,0.25570377707481384,0.8529295325279236,0.5913379192352295,1.699971228837967
1074,0.38883110880851746,1.0149458646774292,0.6777070760726929,2.0814840495586395
1075,0.2935817837715149,0.9926178455352783,0.6809670329093933,1.9671666622161865
1076,0.36565980315208435,1.104907512664795,0.7122546434402466,2.182821959257126
1077,0.2862183749675751,0.7332522869110107,0.5284944772720337,1.5479651391506195
1078,0.2248295098543167,0.5193129181861877,0.43638208508491516,1.1805245131254196
1079,0.26020127534866333,0.6514103412628174,0.4811496436595917,1.3927612602710724
1080,0.2559632360935211,0.752826988697052,0.5586704015731812,1.5674606263637543
1081,0.28097274899482727,0.7260448932647705,0.5126507878303528,1.5196684300899506
1082,0.3175508677959442,0.7992485165596008,0.5463439226150513,1.6631433069705963
1083,0.32070958614349365,1.0135055780410767,0.6883313655853271,2.0225465297698975
1084,0.29200828075408936,0.8021554350852966,0.5963311791419983,1.6904948949813843
1085,0.2892618179321289,0.772275447845459,0.6118559837341309,1.6733932495117188
1086,0.29591435194015503,0.7816901206970215,0.5490556359291077,1.6266601085662842
1087,0.3222735822200775,0.8486064672470093,0.5905700922012329,1.7614501416683197
1088,0.31815671920776367,0.6490189433097839,0.5362865924835205,1.5034622550010681
1089,0.3522755205631256,0.9949406385421753,0.7382351756095886,2.0854513347148895
1090,0.2521452009677887,0.5583528876304626,0.4629431366920471,1.2734412252902985
1091,0.24081383645534515,0.6693732142448425,0.5248910188674927,1.4350780695676804
1092,0.31649479269981384,0.9491495490074158,0.6904526948928833,1.956097036600113
1093,0.28561508655548096,0.6995559930801392,0.51711505651474,1.50228613615036
1094,0.3668004870414734,0.8639086484909058,0.7438476085662842,1.9745567440986633
1095,0.2567015290260315,0.6948543190956116,0.5552716255187988,1.506827473640442
1096,0.2308574616909027,0.575675368309021,0.4849071502685547,1.2914399802684784
1097,0.337920218706131,0.8480151891708374,0.6862543821334839,1.8721897900104523
1098,0.2081570029258728,0.6315189003944397,0.4668866991996765,1.306562602519989
1099,0.29459819197654724,0.7204585671424866,0.542922854423523,1.5579796135425568
1100,0.316478431224823,0.7535004019737244,0.6176884174346924,1.6876672506332397
1101,0.20106789469718933,0.5008112788200378,0.5119475722312927,1.21382674574852
1102,0.2392502725124359,0.6916236877441406,0.5611536502838135,1.49202761054039
1103,0.2660168409347534,0.7401905655860901,0.5824946761131287,1.5887020826339722
1104,0.34784752130508423,0.766837477684021,0.5917403697967529,1.7064253687858582
1105,0.3148498237133026,0.6709480881690979,0.6034683585166931,1.5892662703990936
1106,0.300597608089447,0.6724334359169006,0.5485571026802063,1.521588146686554
1107,0.3447382152080536,0.8797407746315002,0.6828625202178955,1.9073415100574493
1108,0.32102012634277344,1.1016870737075806,0.7425990700721741,2.165306270122528
1109,0.3327445685863495,0.9802718162536621,0.7443273067474365,2.057343691587448
1110,0.3159124255180359,0.6308640241622925,0.5619000196456909,1.5086764693260193
1111,0.2616524398326874,0.6975764632225037,0.5516262054443359,1.510855108499527
1112,0.3319662809371948,1.0699807405471802,0.6724619269371033,2.0744089484214783
1113,0.3049037754535675,0.8064603805541992,0.5943081378936768,1.7056722939014435
1114,0.27828848361968994,0.67936772108078,0.5463391542434692,1.5039953589439392
1115,0.36463847756385803,0.872582733631134,0.7627243399620056,1.9999455511569977
1116,0.299633264541626,0.7697056531906128,0.5969619750976562,1.666300892829895
1117,0.2455621361732483,0.7637397646903992,0.5358916521072388,1.5451935529708862
1118,0.23066028952598572,0.5169540643692017,0.43227604031562805,1.1798903942108154
1119,0.2398914247751236,0.671917736530304,0.5800102949142456,1.4918194562196732
1120,0.2749519646167755,0.7234472632408142,0.5737742185592651,1.5721734464168549
1121,0.17919959127902985,0.4578476548194885,0.3990602493286133,1.0361074954271317
1122,0.2905636727809906,0.7873591184616089,0.6241711378097534,1.702093929052353
1123,0.26639822125434875,0.7764569520950317,0.6157436966896057,1.6585988700389862
1124,0.2753574252128601,0.6317067742347717,0.500113844871521,1.4071780443191528
1125,0.37141111493110657,0.7297548651695251,0.6822059154510498,1.7833718955516815
1126,0.34334060549736023,0.8048221468925476,0.6494154334068298,1.7975781857967377
1127,0.21284708380699158,0.4446740746498108,0.46504566073417664,1.122566819190979
1128,0.25193220376968384,0.6040788292884827,0.5465087890625,1.4025198221206665
1129,0.2633567750453949,0.6066274046897888,0.5155653357505798,1.3855495154857635
1130,0.30004897713661194,0.6803644895553589,0.549983561038971,1.5303970277309418
1131,0.37295442819595337,0.9566398859024048,0.7932950258255005,2.1228893399238586
1132,0.2133832722902298,0.47787758708000183,0.48837554454803467,1.1796364039182663
1133,0.2623906433582306,0.7323954105377197,0.624031662940979,1.6188177168369293
1134,0.3042513430118561,0.6546365022659302,0.5717806220054626,1.530668467283249
1135,0.27722975611686707,0.686343252658844,0.581751823425293,1.545324832201004
1136,0.21760272979736328,0.5638142228126526,0.48205775022506714,1.263474702835083
1137,0.32996946573257446,0.637990415096283,0.5712324380874634,1.5391923189163208
1138,0.364522784948349,0.7105154395103455,0.6560146808624268,1.7310529053211212
1139,0.29621830582618713,0.8287720680236816,0.6904122233390808,1.8154025971889496
1140,0.3105785548686981,0.7434288859367371,0.6381242871284485,1.6921317279338837
1141,0.2727019190788269,0.7810849547386169,0.5795193910598755,1.6333062648773193
1142,0.3090108633041382,0.8823860883712769,0.6178414225578308,1.8092383742332458
1143,0.37615731358528137,0.9888983964920044,0.7030267715454102,2.068082481622696
1144,0.2795064449310303,0.705905020236969,0.5659563541412354,1.5513678193092346
1145,0.3286961317062378,0.9093959331512451,0.6620038151741028,1.9000958800315857
1146,0.32853418588638306,0.8221816420555115,0.5884612798690796,1.7391771078109741
1147,0.3695627748966217,0.9573051929473877,0.6581108570098877,1.984978824853897
1148,0.28994762897491455,0.7341949343681335,0.5635975003242493,1.5877400636672974
1149,0.2645217776298523,0.6222196221351624,0.4849700927734375,1.3717114925384521
1150,0.3046141266822815,0.8546860218048096,0.6386334896087646,1.7979336380958557
1151,0.34865304827690125,0.7881411910057068,0.5971047282218933,1.7338989675045013
1152,0.38310742378234863,0.857410728931427,0.6952680945396423,1.935786247253418
1153,0.2729627788066864,0.6656102538108826,0.5800106525421143,1.5185836851596832
1154,0.25426170229911804,0.6137922406196594,0.5361924171447754,1.4042463600635529
1155,0.29194384813308716,1.040858268737793,0.7333571314811707,2.066159248352051
1156,0.25164124369621277,0.6969051957130432,0.5835867524147034,1.5321331918239594
1157,0.3251352310180664,0.8423078656196594,0.6132417321205139,1.7806848287582397
1158,0.28719568252563477,0.7369953393936157,0.6011106967926025,1.625301718711853
1159,0.280285120010376,0.8316765427589417,0.6234860420227051,1.7354477047920227
1160,0.23448336124420166,0.6831123232841492,0.5324860215187073,1.450081706047058
1161,0.22089248895645142,0.6645938754081726,0.5220869779586792,1.4075733423233032
1162,0.25655364990234375,0.6278225183486938,0.5297083854675293,1.414084553718567
1163,0.26291632652282715,0.7494767904281616,0.598563015460968,1.6109561324119568
1164,0.33408015966415405,0.8855350613594055,0.6422284245491028,1.8618436455726624
1165,0.2688235342502594,0.7300722599029541,0.5127597451210022,1.5116555392742157
1166,0.24771451950073242,0.8584600687026978,0.5761082172393799,1.68228280544281
1167,0.3014121651649475,0.7859626412391663,0.5746549963951111,1.6620298027992249
1168,0.28256675601005554,0.6906083226203918,0.5750303864479065,1.5482054650783539
1169,0.22263485193252563,0.7039362788200378,0.5685800313949585,1.495151162147522
1170,0.2670513987541199,0.9178305864334106,0.5662104487419128,1.7510924339294434
1171,0.28454920649528503,0.7953331470489502,0.5986546277999878,1.678536981344223
1172,0.2426990568637848,0.6145200133323669,0.512088418006897,1.3693074882030487
1173,0.2921295762062073,0.8491809368133545,0.6540763974189758,1.7953869104385376
1174,0.22503021359443665,0.7334924340248108,0.5527832508087158,1.5113058984279633
1175,0.2966780364513397,0.8956965208053589,0.6457774639129639,1.8381520211696625
1176,0.247096449136734,0.8842225074768066,0.678764283657074,1.8100832402706146
1177,0.23716001212596893,0.7407099604606628,0.5680725574493408,1.5459425300359726
1178,0.33471348881721497,0.7497883439064026,0.619945228099823,1.7044470608234406
1179,0.24551333487033844,0.7047691345214844,0.5567431449890137,1.5070256143808365
1180,0.3180452287197113,0.9574946761131287,0.6922650337219238,1.9678049385547638
1181,0.3009903132915497,0.7677426934242249,0.6573082804679871,1.7260412871837616
1182,0.24419941008090973,0.5965039134025574,0.5551266670227051,1.3958299905061722
1183,0.269823282957077,0.5983662605285645,0.5799400806427002,1.4481296241283417
1184,0.23719555139541626,0.4540348947048187,0.42102527618408203,1.112255722284317
1185,0.2912983298301697,0.8432896733283997,0.6577931642532349,1.7923811674118042
1186,0.2437681406736374,0.583189845085144,0.5266247987747192,1.3535827845335007
1187,0.2734014093875885,0.6852354407310486,0.6048529148101807,1.5634897649288177
1188,0.3010886311531067,0.7471293210983276,0.6921682357788086,1.740386188030243
1189,0.288254976272583,0.6756091713905334,0.6017886996269226,1.565652847290039
1190,0.20066989958286285,0.5063908100128174,0.4907156229019165,1.1977763324975967
1191,0.21485887467861176,0.5801393985748291,0.5246289372444153,1.3196272104978561
1192,0.21135438978672028,0.5470908284187317,0.5186626315116882,1.2771078497171402
1193,0.31126633286476135,0.827124297618866,0.6835444569587708,1.821935087442398
1194,0.21301652491092682,0.6870655417442322,0.5825130939483643,1.4825951606035233
1195,0.34151047468185425,0.6258567571640015,0.5629465579986572,1.530313789844513
1196,0.26926201581954956,0.6741307973861694,0.5785551071166992,1.5219479203224182
1197,0.21205316483974457,0.4791707396507263,0.4621579945087433,1.1533818989992142
1198,0.29297709465026855,0.7424865365028381,0.7011931538581848,1.7366567850112915
1199,0.26731616258621216,0.6335655450820923,0.6025906801223755,1.50347238779068
1200,0.3234045207500458,0.8073791265487671,0.6733932495117188,1.8041768968105316
1201,0.26669201254844666,0.6849449276924133,0.5855406522750854,1.5371775925159454
1202,0.30286264419555664,0.7698598504066467,0.6659184694290161,1.7386409640312195
1203,0.29501786828041077,0.9631457328796387,0.7516201138496399,2.0097837150096893
1204,0.32162073254585266,0.9644008278846741,0.7465720772743225,2.0325936377048492
1205,0.296139657497406,0.6447917222976685,0.5854321718215942,1.5263635516166687
1206,0.2847232520580292,0.7156391739845276,0.5592713356018066,1.5596337616443634
1207,0.25502756237983704,0.7784085273742676,0.5700179934501648,1.6034540832042694
1208,0.28138551115989685,0.951792299747467,0.6996758580207825,1.9328536689281464
1209,0.29339054226875305,0.9780218601226807,0.6644483208656311,1.9358607232570648
1210,0.31289374828338623,0.815960168838501,0.6153904795646667,1.744244396686554
1211,0.2529793381690979,0.7882941961288452,0.6103870272636414,1.6516605615615845
1212,0.22606204450130463,0.661280632019043,0.5362809300422668,1.4236236065626144
1213,0.30401891469955444,0.7676666378974915,0.6116808652877808,1.6833664178848267
1214,0.28340861201286316,0.8253747224807739,0.5906466245651245,1.6994299590587616
1215,0.2708253562450409,0.6185698509216309,0.5519176721572876,1.4413128793239594
1216,0.27304771542549133,0.6701204776763916,0.6148871183395386,1.5580553114414215
1217,0.2439451366662979,0.7388244867324829,0.6049617528915405,1.5877313762903214
1218,0.3586168587207794,1.0770137310028076,0.7923819422721863,2.2280125319957733
1219,0.21514654159545898,0.4781593382358551,0.40750133991241455,1.1008072197437286
1220,0.2709985375404358,0.6675524115562439,0.5571214556694031,1.4956724047660828
1221,0.2554776966571808,0.6496133208274841,0.5371378064155579,1.4422288239002228
1222,0.1797124147415161,0.5781112909317017,0.4721808433532715,1.2300045490264893
1223,0.32510942220687866,0.8665866851806641,0.636206865310669,1.8279029726982117
1224,0.32557302713394165,1.0245285034179688,0.7532902956008911,2.1033918261528015
1225,0.28082260489463806,0.8159688115119934,0.6802400350570679,1.7770314514636993
1226,0.3021993041038513,0.8575171232223511,0.6593910455703735,1.819107472896576
1227,0.2474047690629959,0.6350795030593872,0.5019360780715942,1.3844203501939774
1228,0.2685328722000122,0.6439542770385742,0.5379469990730286,1.450434148311615
1229,0.3197605609893799,0.718329668045044,0.5737931728363037,1.6118834018707275
1230,0.23316511511802673,0.766869306564331,0.5876331925392151,1.5876676142215729
1231,0.338568776845932,0.8512045741081238,0.6702091693878174,1.8599825203418732
1232,0.3068581223487854,0.8234542012214661,0.6721778512001038,1.8024901747703552
1233,0.3380647301673889,0.8813713788986206,0.7012097835540771,1.9206458926200867
1234,0.294551819562912,0.7165334820747375,0.5271920561790466,1.5382773578166962
1235,0.18841524422168732,0.6215689182281494,0.439044326543808,1.2490284889936447
1236,0.24916894733905792,0.707404375076294,0.48798659443855286,1.4445599168539047
1237,0.247849240899086,0.6831858158111572,0.5571145415306091,1.4881495982408524
1238,0.2765933871269226,0.5006433725357056,0.5081119537353516,1.2853487133979797
1239,0.2880973517894745,0.6481606960296631,0.5398634672164917,1.4761215150356293
1240,0.31502383947372437,0.9235080480575562,0.6812295317649841,1.9197614192962646
1241,0.3117407262325287,0.9039559364318848,0.5906873941421509,1.8063840568065643
1242,0.29190725088119507,0.907738447189331,0.6092414259910583,1.8088871240615845
1243,0.29066675901412964,0.7850261330604553,0.5468475222587585,1.6225404143333435
1244,0.31631287932395935,0.6784652471542358,0.5898052453994751,1.5845833718776703
1245,0.31618645787239075,0.5546796321868896,0.5332056283950806,1.404071718454361
1246,0.3367275595664978,1.110127329826355,0.7382446527481079,2.1850995421409607
1247,0.24241143465042114,0.6602190732955933,0.4645448625087738,1.3671753704547882
1248,0.2302515059709549,0.6819921135902405,0.5228607058525085,1.435104325413704
1249,0.2761062979698181,0.8600771427154541,0.6831550598144531,1.8193385004997253
1250,0.25767841935157776,0.660932719707489,0.5128068327903748,1.4314179718494415
1251,0.3490707576274872,0.9393442273139954,0.740591287612915,2.0290062725543976
1252,0.25668099522590637,0.7584636807441711,0.5525670647621155,1.567711740732193
1253,0.215002179145813,0.6244134306907654,0.4836276173591614,1.3230432271957397
1254,0.33844974637031555,0.9066146612167358,0.683749794960022,1.9288142025470734
1255,0.20611466467380524,0.6319757103919983,0.46016788482666016,1.2982582598924637
1256,0.2824966609477997,0.5690202116966248,0.5397768020629883,1.3912936747074127
1257,0.2846088707447052,0.7672666907310486,0.6061468720436096,1.6580224335193634
1258,0.19915294647216797,0.6130304336547852,0.5131378173828125,1.3253211975097656
1259,0.2574976086616516,0.7400221228599548,0.5595684051513672,1.5570881366729736
1260,0.2273561805486679,0.6414884924888611,0.5789958834648132,1.4478405565023422
1261,0.32328277826309204,0.7026622295379639,0.5845231413841248,1.6104681491851807
1262,0.26794978976249695,0.688734233379364,0.6058579683303833,1.5625419914722443
1263,0.27245643734931946,0.6994709968566895,0.5452665090560913,1.5171939432621002
1264,0.3497942090034485,0.8441100120544434,0.6804854869842529,1.8743897080421448
1265,0.34954312443733215,0.9935974478721619,0.7439583539962769,2.087098926305771
1266,0.34186986088752747,0.8760108947753906,0.7389689087867737,1.9568496644496918
1267,0.2957775592803955,0.6575310230255127,0.5655239820480347,1.5188325643539429
1268,0.26093965768814087,0.5919456481933594,0.5494264364242554,1.4023117423057556
1269,0.33064427971839905,0.8150531649589539,0.6670286059379578,1.8127260506153107
1270,0.3513515293598175,0.6305924654006958,0.590311586856842,1.5722555816173553
1271,0.2506868541240692,0.6014400124549866,0.5437619090080261,1.395888775587082
1272,0.3400663137435913,0.8446366190910339,0.7592365145683289,1.943939447402954
1273,0.32768434286117554,0.6893048286437988,0.5985751748085022,1.6155643463134766
1274,0.2729550004005432,0.5871339440345764,0.5285972356796265,1.388686180114746
1275,0.22463971376419067,0.4280761778354645,0.42843154072761536,1.0811474323272705
1276,0.27640339732170105,0.5991231203079224,0.5788300037384033,1.4543565213680267
1277,0.2854822278022766,0.7471848130226135,0.5722799897193909,1.604947030544281
1278,0.1734781712293625,0.40826454758644104,0.3965148329734802,0.9782575517892838
1279,0.27464884519577026,0.7006185054779053,0.6206539273262024,1.595921277999878
1280,0.28467532992362976,0.6770399808883667,0.6105888485908508,1.5723041594028473
1281,0.30323922634124756,0.6037082672119141,0.49597057700157166,1.4029180705547333
1282,0.31802764534950256,0.7328349947929382,0.681629478931427,1.7324921190738678
1283,0.3235276937484741,0.7024173140525818,0.6439163088798523,1.6698613166809082
1284,0.2198210507631302,0.41110968589782715,0.4628758132457733,1.0938065499067307
1285,0.2894868850708008,0.5342057943344116,0.5443766713142395,1.368069350719452
1286,0.29269057512283325,0.5101386308670044,0.5115137696266174,1.314342975616455
1287,0.3445010781288147,0.6160532832145691,0.5476548671722412,1.508209228515625
1288,0.3827870190143585,0.9866616129875183,0.7847492694854736,2.1541979014873505
1289,0.21082422137260437,0.49662238359451294,0.48688554763793945,1.1943321526050568
1290,0.2623633146286011,0.6528009176254272,0.6211175322532654,1.5362817645072937
1291,0.2966938614845276,0.5558090209960938,0.5666040778160095,1.4191069602966309
1292,0.282184362411499,0.6167752742767334,0.5795586705207825,1.478518307209015
1293,0.1943042129278183,0.5714710354804993,0.480193555355072,1.2459688037633896
1294,0.32010418176651,0.6665661334991455,0.5674397349357605,1.554110050201416
1295,0.3493466377258301,0.6572806239128113,0.651348888874054,1.6579761505126953
1296,0.2983644902706146,0.7360985279083252,0.6819208264350891,1.716383844614029
1297,0.3422378599643707,0.6520026922225952,0.6379685997962952,1.632209151983261
1298,0.27115780115127563,0.7710540890693665,0.5770164132118225,1.6192283034324646
1299,0.31746265292167664,0.8778023719787598,0.6146953701972961,1.8099603950977325
1300,0.3345482647418976,1.0227515697479248,0.6995489597320557,2.056848794221878
1301,0.2812969386577606,0.6615695953369141,0.5629661679267883,1.505832701921463
1302,0.3456214666366577,0.8012548089027405,0.6580610871315002,1.8049373626708984
1303,0.30381280183792114,0.6966778635978699,0.5898832678794861,1.590373933315277
1304,0.324841171503067,0.8809557557106018,0.6597089767456055,1.8655059039592743
1305,0.2498265504837036,0.7243696451187134,0.5663846135139465,1.5405808091163635
1306,0.24975432455539703,0.6303213238716125,0.4884023368358612,1.3684779852628708
1307,0.35408928990364075,0.8500760197639465,0.6428494453430176,1.8470147550106049
1308,0.3454858660697937,0.8211012482643127,0.6006940007209778,1.7672811150550842
1309,0.378420352935791,0.9401271343231201,0.6991625428199768,2.017710030078888
1310,0.2581340968608856,0.7066494822502136,0.5816863775253296,1.5464699566364288
1311,0.27131807804107666,0.5590742826461792,0.5373737215995789,1.3677660822868347
1312,0.2907094657421112,0.8438634276390076,0.7218801975250244,1.8564530909061432
1313,0.22845742106437683,0.5800474882125854,0.5771443843841553,1.3856492936611176
1314,0.31071504950523376,0.8248231410980225,0.6075999736785889,1.743138164281845
1315,0.26444363594055176,0.6716187000274658,0.5948705077171326,1.5309328436851501
1316,0.29929035902023315,0.7539423704147339,0.6167440414428711,1.6699767708778381
1317,0.24449171125888824,0.632030725479126,0.5267936587333679,1.4033160954713821
1318,0.21085071563720703,0.5865732431411743,0.5147668719291687,1.31219083070755
1319,0.244484543800354,0.5117180347442627,0.5220016837120056,1.2782042622566223
1320,0.28200989961624146,0.6328460574150085,0.5968937277793884,1.5117496848106384
1321,0.3313102126121521,0.7345938086509705,0.6378914713859558,1.7037954926490784
1322,0.26351237297058105,0.5559136867523193,0.5055303573608398,1.3249564170837402
1323,0.21468152105808258,0.6905447840690613,0.5741404294967651,1.479366734623909
1324,0.2855319678783417,0.6856651306152344,0.5730840563774109,1.544281154870987
1325,0.24955902993679047,0.6474254727363586,0.57243812084198,1.469422623515129
1326,0.2119942009449005,0.56343674659729,0.5656587481498718,1.3410896956920624
1327,0.23473848402500153,0.6564509868621826,0.5608393549919128,1.452028825879097
1328,0.27630460262298584,0.7069190740585327,0.5961604118347168,1.5793840885162354
1329,0.24777710437774658,0.6683124899864197,0.510089635848999,1.4261792302131653
1330,0.31233397126197815,0.8105509281158447,0.6510674357414246,1.7739523351192474
1331,0.23618455231189728,0.5411834716796875,0.5433647036552429,1.3207327276468277
1332,0.28743141889572144,0.6872067451477051,0.6374273896217346,1.6120655536651611
1333,0.23379692435264587,0.8482462167739868,0.6737664341926575,1.7558095753192902
1334,0.20633456110954285,0.6951349973678589,0.563551127910614,1.4650206863880157
1335,0.28008872270584106,0.7626013159751892,0.6172479391098022,1.6599379777908325
1336,0.2302345484495163,0.6616752743721008,0.5587021112442017,1.4506119340658188
1337,0.32203415036201477,0.8154479265213013,0.691326916217804,1.82880899310112
1338,0.2846689224243164,0.7068665623664856,0.652408242225647,1.643943727016449
1339,0.2092728465795517,0.7542057633399963,0.5556458830833435,1.5191244930028915
1340,0.26486271619796753,0.8206585645675659,0.5798854827880859,1.6654067635536194
1341,0.23615621030330658,0.49103373289108276,0.4209268391132355,1.1481167823076248
1342,0.3018062114715576,0.8113571405410767,0.6555963754653931,1.7687597274780273
1343,0.24215321242809296,0.5301727652549744,0.5268647074699402,1.2991906851530075
1344,0.25498443841934204,0.730448305606842,0.6023140549659729,1.587746798992157
1345,0.28619375824928284,0.8817592859268188,0.6880184412002563,1.855971485376358
1346,0.2495594173669815,0.7376227378845215,0.5952970385551453,1.5824791938066483
1347,0.21736213564872742,0.5789368152618408,0.4898570477962494,1.2861559987068176
1348,0.21663999557495117,0.594388484954834,0.525763750076294,1.336792230606079
1349,0.22026313841342926,0.541063129901886,0.5170093774795532,1.2783356457948685
1350,0.3302021026611328,0.7275429964065552,0.6790481209754944,1.7367932200431824
1351,0.218549907207489,0.6896644830703735,0.582844614982605,1.4910590052604675
1352,0.3098595142364502,0.6738603115081787,0.5626640319824219,1.5463838577270508
1353,0.24777531623840332,0.6637392640113831,0.5771009922027588,1.4886155724525452
1354,0.23499266803264618,0.44559553265571594,0.45979321002960205,1.1403814107179642
1355,0.35202455520629883,0.6984726786613464,0.6998995542526245,1.7503967881202698
1356,0.2371026873588562,0.5842524170875549,0.6001031994819641,1.4214583039283752
1357,0.2577427327632904,0.723936140537262,0.6694377660751343,1.6511166393756866
1358,0.2506692707538605,0.6817153096199036,0.5861712694168091,1.5185558497905731
1359,0.32178807258605957,0.7236922979354858,0.6653708815574646,1.71085125207901
1360,0.3491542935371399,0.9259525537490845,0.7508680820465088,2.025974929332733
1361,0.3354305624961853,0.8151155114173889,0.7391103506088257,1.8896564245224
1362,0.25551730394363403,0.6286280751228333,0.5818060040473938,1.465951383113861
1363,0.23585717380046844,0.5916737914085388,0.557067334651947,1.3845982998609543
1364,0.2721327841281891,0.6373899579048157,0.5700212121009827,1.4795439541339874
1365,0.3134750425815582,0.7813082337379456,0.695484459400177,1.7902677357196808
1366,0.27282431721687317,0.7540064454078674,0.6593605279922485,1.6861912906169891
1367,0.2770856022834778,0.7332409024238586,0.6149078607559204,1.6252343654632568
1368,0.23969514667987823,0.7250624895095825,0.6066548824310303,1.571412518620491
1369,0.2311025708913803,0.5674871802330017,0.5359112024307251,1.3345009535551071
1370,0.28229954838752747,0.60532546043396,0.6061312556266785,1.493756264448166
1371,0.2895885407924652,0.6746833920478821,0.5846294164657593,1.5489013493061066
1372,0.26436737179756165,0.584699809551239,0.5473098754882812,1.396377056837082
1373,0.3409248888492584,0.6648914813995361,0.6050174236297607,1.6108337938785553
1374,0.2470519095659256,0.6702696681022644,0.6008465886116028,1.5181681662797928
1375,0.3205614984035492,0.8573001623153687,0.7829703092575073,1.9608319699764252
1376,0.19634070992469788,0.3915565013885498,0.4049185812473297,0.9928157925605774
1377,0.25111499428749084,0.6853658556938171,0.5563521385192871,1.492832988500595
1378,0.2567279636859894,0.6987407207489014,0.5373290181159973,1.492797702550888
1379,0.16434621810913086,0.6016905903816223,0.47143295407295227,1.2374697625637054
1380,0.3993343412876129,0.8537035584449768,0.6350772380828857,1.8881151378154755
1381,0.32055407762527466,0.9776148796081543,0.7528552412986755,2.0510241985321045
1382,0.3585498034954071,0.8369833827018738,0.6872337460517883,1.8827669322490692
1383,0.3398086130619049,0.8646121025085449,0.6618231534957886,1.8662438690662384
1384,0.25632044672966003,0.5951627492904663,0.49960601329803467,1.351089209318161
1385,0.2347981482744217,0.6045619249343872,0.528928279876709,1.3682883530855179
1386,0.3269275426864624,0.6635821461677551,0.5709149241447449,1.5614246129989624
1387,0.25686711072921753,0.6561827659606934,0.5835769176483154,1.4966267943382263
1388,0.35146090388298035,0.7989128232002258,0.6739599108695984,1.8243336379528046
1389,0.2761065661907196,0.8376448154449463,0.6736479997634888,1.7873993813991547
1390,0.38563624024391174,0.8721387386322021,0.705583930015564,1.9633589088916779
1391,0.27783021330833435,0.6624146103858948,0.5252259969711304,1.4654708206653595
1392,0.2228034883737564,0.5151534676551819,0.43291428685188293,1.1708712428808212
1393,0.2704421281814575,0.5829674601554871,0.48411399126052856,1.3375235795974731
1394,0.2363574355840683,0.7290178537368774,0.5534700751304626,1.5188453644514084
1395,0.25948649644851685,0.5460663437843323,0.5090099573135376,1.3145627975463867
1396,0.2551732659339905,0.6348133683204651,0.5443399548530579,1.4343265891075134
1397,0.2868703305721283,0.839668333530426,0.6858523488044739,1.8123910129070282
1398,0.2538290321826935,0.650631844997406,0.585695743560791,1.4901566207408905
1399,0.23398199677467346,0.7077704071998596,0.6019429564476013,1.5436953604221344
1400,0.25469252467155457,0.7233772277832031,0.5407446622848511,1.5188144147396088
1401,0.27360859513282776,0.7692718505859375,0.5876657962799072,1.6305462419986725
1402,0.25777667760849,0.694900631904602,0.535600483417511,1.488277792930603
1403,0.3002479076385498,1.004441261291504,0.737884521484375,2.0425736904144287
1404,0.2273053228855133,0.45254987478256226,0.4623781442642212,1.1422333419322968
1405,0.23265376687049866,0.6012409329414368,0.5223332643508911,1.3562279641628265
1406,0.3114938735961914,1.0721317529678345,0.6882906556129456,2.0719162821769714
1407,0.3113057613372803,0.7899030447006226,0.5135191082954407,1.6147279143333435
1408,0.3243215084075928,0.9808871150016785,0.736872136592865,2.0420807600021362
1409,0.22038616240024567,0.5855280160903931,0.548947274684906,1.3548614531755447
1410,0.20805445313453674,0.5834200978279114,0.4817573130130768,1.273231863975525
1411,0.3068813979625702,0.9298160672187805,0.6819442510604858,1.9186417162418365
1412,0.18694154918193817,0.7117257118225098,0.45783165097236633,1.3564989119768143
1413,0.25047969818115234,0.7284017205238342,0.5462242364883423,1.5251056551933289
1414,0.2819827198982239,0.7959794998168945,0.6089708805084229,1.6869331002235413
1415,0.18479153513908386,0.5494133234024048,0.51760333776474,1.2518081963062286
1416,0.2313760221004486,0.7052773237228394,0.5645505785942078,1.5012039244174957
1417,0.23658590018749237,0.6101740002632141,0.581168532371521,1.4279284328222275
1418,0.2889483869075775,0.7493917942047119,0.5877810716629028,1.6261212527751923
1419,0.21410542726516724,0.7726990580558777,0.612897515296936,1.599702000617981
1420,0.23915183544158936,0.6904972195625305,0.549635112285614,1.4792841672897339
1421,0.27846619486808777,0.8060545921325684,0.6785203218460083,1.7630411088466644
1422,0.2928431034088135,0.8297488689422607,0.7337253093719482,1.8563172817230225
1423,0.3379966616630554,0.9338687062263489,0.737716794013977,2.0095821619033813
1424,0.2974384129047394,0.602182924747467,0.5608155131340027,1.460436850786209
1425,0.2508785128593445,0.5394154787063599,0.5478838682174683,1.3381778597831726
1426,0.297222763299942,0.7797384262084961,0.6649043560028076,1.7418655455112457
1427,0.28506067395210266,0.5754531025886536,0.5866073966026306,1.4471211731433868
1428,0.2797676920890808,0.5660296082496643,0.540260374546051,1.3860576748847961
1429,0.30055665969848633,0.8412999510765076,0.7644937038421631,1.906350314617157
1430,0.2638538181781769,0.6346086263656616,0.5912432074546814,1.48970565199852
1431,0.20456454157829285,0.5468841195106506,0.5277879238128662,1.2792365849018097
1432,0.21488381922245026,0.4079870283603668,0.42759832739830017,1.0504691749811172
1433,0.225931316614151,0.6142451167106628,0.575212299823761,1.4153887331485748
1434,0.2687934935092926,0.6332592368125916,0.5689820051193237,1.4710347354412079
1435,0.16884276270866394,0.37035372853279114,0.39667943120002747,0.9358759224414825
1436,0.2744259536266327,0.6608427166938782,0.6183874011039734,1.5536560714244843
1437,0.24550467729568481,0.6266019940376282,0.609064519405365,1.481171190738678
1438,0.2609853148460388,0.4714284837245941,0.4935721158981323,1.2259859144687653
1439,0.3146859407424927,0.6339874267578125,0.6777710318565369,1.626444399356842
1440,0.2971849739551544,0.6258482336997986,0.6417945623397827,1.5648277699947357
1441,0.20306003093719482,0.389492928981781,0.4602321684360504,1.0527851283550262
1442,0.21564240753650665,0.5719607472419739,0.5433424711227417,1.3309456259012222
1443,0.21081462502479553,0.508881151676178,0.5102287530899048,1.2299245297908783
1444,0.26734989881515503,0.5488437414169312,0.5460069179534912,1.3622005581855774
1445,0.31955844163894653,0.8423912525177002,0.7836176156997681,1.9455673098564148
1446,0.18302351236343384,0.5006802082061768,0.48698896169662476,1.1706926822662354
1447,0.2591678202152252,0.7214452624320984,0.620055079460144,1.6006681621074677
1448,0.26204413175582886,0.6663026809692383,0.5729370713233948,1.501283884048462
1449,0.27612945437431335,0.5397116541862488,0.5807323455810547,1.3965734541416168
1450,0.20386230945587158,0.46485283970832825,0.47953224182128906,1.148247390985489
1451,0.3062344491481781,0.6634281873703003,0.5666516423225403,1.5363142788410187
1452,0.2752203643321991,0.8450804352760315,0.6531203985214233,1.773421198129654
1453,0.25005045533180237,0.9036430716514587,0.6872563362121582,1.8409498631954193
1454,0.26418137550354004,0.7836827039718628,0.6381420493125916,1.6860061287879944
1455,0.24678288400173187,0.7105318903923035,0.5780882835388184,1.5354030579328537
1456,0.2802988290786743,0.6993489861488342,0.6108518838882446,1.5904996991157532
1457,0.3181493878364563,0.9191235899925232,0.699265718460083,1.9365386962890625
1458,0.21940675377845764,0.7075795531272888,0.5649185180664062,1.4919048249721527
1459,0.28855594992637634,0.9974392056465149,0.6602646708488464,1.9462598264217377
1460,0.2816343605518341,0.7780274152755737,0.5865843892097473,1.6462461650371552
1461,0.2733262777328491,0.7221111059188843,0.646496593952179,1.6419339776039124
1462,0.242356538772583,0.5564766526222229,0.559354841709137,1.3581880331039429
1463,0.21087558567523956,0.49220651388168335,0.4772603511810303,1.1803424507379532
1464,0.2818399965763092,0.8475523591041565,0.6339786648750305,1.7633710205554962
1465,0.29839643836021423,0.7894977331161499,0.5929051041603088,1.680799275636673
1466,0.34266823530197144,0.8747264742851257,0.6897348761558533,1.9071295857429504
1467,0.22636735439300537,0.6598039865493774,0.5744836926460266,1.4606550335884094
1468,0.21267463266849518,0.510851263999939,0.5342339873313904,1.2577598839998245
1469,0.2588186264038086,0.8448768854141235,0.7184480428695679,1.8221435546875
1470,0.20704959332942963,0.5816641449928284,0.5731263160705566,1.3618400543928146
1471,0.2987636923789978,0.7560842037200928,0.6077412962913513,1.662589192390442
1472,0.23521621525287628,0.6632261872291565,0.5944607853889465,1.4929031878709793
1473,0.2328505665063858,0.7277145981788635,0.61503666639328,1.5756018310785294
1474,0.20680344104766846,0.6121281981468201,0.5264366269111633,1.3453682661056519
1475,0.18468470871448517,0.5947632193565369,0.5105910301208496,1.2900389581918716
1476,0.24629467725753784,0.5181002616882324,0.5153254866600037,1.279720425605774
1477,0.24434325098991394,0.6630839109420776,0.5925894379615784,1.50001659989357
1478,0.29929840564727783,0.6937742829322815,0.6332843899726868,1.626357078552246
1479,0.24348588287830353,0.4934408664703369,0.5017921924591064,1.2387189418077469
1480,0.19818362593650818,0.6325414776802063,0.5694554448127747,1.4001805484294891
1481,0.2500758171081543,0.6561979055404663,0.5703113079071045,1.476585030555725
1482,0.22925622761249542,0.6200711131095886,0.5673297643661499,1.416657105088234
1483,0.18431077897548676,0.5373985767364502,0.562849760055542,1.284559115767479
1484,0.23796574771404266,0.5722436308860779,0.5579569339752197,1.3681663125753403
1485,0.24954697489738464,0.6059352159500122,0.5914770364761353,1.446959227323532
1486,0.1988161951303482,0.5467740893363953,0.5095898509025574,1.2551801353693008
1487,0.2646808922290802,0.713377833366394,0.644784688949585,1.6228434145450592
1488,0.20665974915027618,0.6404223442077637,0.5429921746253967,1.3900742679834366
1489,0.28433486819267273,0.796445906162262,0.638157844543457,1.7189386188983917
1490,0.22676822543144226,0.7838425040245056,0.6743930578231812,1.685003787279129
1491,0.19805674254894257,0.5531684160232544,0.5617868304252625,1.3130119889974594
1492,0.273327499628067,0.7185559272766113,0.6165505647659302,1.6084339916706085
1493,0.2153773456811905,0.7018076777458191,0.5574820041656494,1.474667027592659
1494,0.28585052490234375,0.9156193137168884,0.6922875642776489,1.893757402896881
1495,0.2837650775909424,0.8301776647567749,0.6598827838897705,1.7738255262374878
1496,0.20838451385498047,0.682499349117279,0.5576906204223633,1.4485744833946228
1497,0.23415881395339966,0.7035709023475647,0.5777720212936401,1.5155017375946045
1498,0.2078506201505661,0.496961772441864,0.4185187518596649,1.123331144452095
1499,0.26793214678764343,0.9327901005744934,0.6543797850608826,1.8551020324230194
1500,0.25271737575531006,0.7580055594444275,0.5285851955413818,1.5393081307411194
1501,0.26517990231513977,0.8626142740249634,0.6068931818008423,1.7346873581409454
1502,0.27508822083473206,0.9853583574295044,0.6897863745689392,1.9502329528331757
1503,0.24302734434604645,0.781895101070404,0.5983024835586548,1.6232249289751053
1504,0.21530161798000336,0.5668608546257019,0.4876636266708374,1.2698260992765427
1505,0.19214823842048645,0.6567497253417969,0.5231083035469055,1.3720062673091888
1506,0.2314133495092392,0.6111001372337341,0.5138229131698608,1.3563363999128342
1507,0.345074862241745,0.9449004530906677,0.6809325814247131,1.9709078967571259
1508,0.24570953845977783,0.7796646356582642,0.5787321329116821,1.6041063070297241
1509,0.31156232953071594,0.720893919467926,0.5629736185073853,1.5954298675060272
1510,0.2782774269580841,0.7212281823158264,0.5750848650932312,1.5745904743671417
1511,0.2216653972864151,0.5167103409767151,0.45842066407203674,1.196796402335167
1512,0.3009895384311676,0.8950096964836121,0.7014080882072449,1.8974073231220245
1513,0.2715095579624176,0.6879575848579407,0.5999596118927002,1.5594267547130585
1514,0.269194096326828,0.7482598423957825,0.6699196696281433,1.6873736083507538
1515,0.23030686378479004,0.6065688729286194,0.5915165543556213,1.4283922910690308
1516,0.2949664890766144,0.6605481505393982,0.6651816964149475,1.62069633603096
1517,0.28650179505348206,0.8927400708198547,0.7494944930076599,1.9287363588809967
1518,0.29216453433036804,0.8468160033226013,0.7390817403793335,1.8780622780323029
1519,0.2336282879114151,0.6176187992095947,0.5806594491004944,1.4319065362215042
1520,0.24232099950313568,0.6226415634155273,0.5574077367782593,1.4223702996969223
1521,0.24817675352096558,0.599539041519165,0.5701795816421509,1.4178953766822815
1522,0.2626022398471832,0.7443754076957703,0.6944371461868286,1.701414793729782
1523,0.26314932107925415,0.6345193982124329,0.6594420075416565,1.5571107268333435
1524,0.2806374430656433,0.6191924810409546,0.6156644821166992,1.5154944062232971
1525,0.23155008256435394,0.6625822186470032,0.608997106552124,1.5031294077634811
1526,0.2006693184375763,0.527638852596283,0.5347368121147156,1.2630449831485748
1527,0.25699350237846375,0.5499099493026733,0.6050770282745361,1.4119804799556732
1528,0.2668001353740692,0.6886321306228638,0.5838736295700073,1.5393058955669403
1529,0.23036082088947296,0.5508632063865662,0.5470602512359619,1.328284278512001
1530,0.25741297006607056,0.628068208694458,0.6075900197029114,1.49307119846344
1531,0.19567245244979858,0.6385228633880615,0.6039953231811523,1.4381906390190125
1532,0.30770668387413025,0.8756496906280518,0.7852786779403687,1.9686350524425507
1533,0.2170952707529068,0.41171619296073914,0.40525877475738525,1.0340702384710312
1534,0.23036928474903107,0.6022475361824036,0.5566930770874023,1.389309898018837
1535,0.25715720653533936,0.5590593218803406,0.5331996083259583,1.3494161367416382
1536,0.15870846807956696,0.53656005859375,0.47102653980255127,1.1662950664758682
1537,0.2875063419342041,0.8010551929473877,0.6339897513389587,1.7225512862205505
1538,0.2881537079811096,0.988169252872467,0.7509786486625671,2.027301609516144
1539,0.24030925333499908,0.8290988802909851,0.6807756423950195,1.7501837760210037
1540,0.2860047519207001,0.7668243646621704,0.6566065549850464,1.7094356715679169
1541,0.23728522658348083,0.4601024389266968,0.49428415298461914,1.1916718184947968
1542,0.22441978752613068,0.5125343799591064,0.525668740272522,1.262622907757759
1543,0.27640020847320557,0.6362618207931519,0.5696538686752319,1.4823158979415894
1544,0.21409872174263,0.7750208377838135,0.58717942237854,1.5762989819049835
1545,0.2791062891483307,0.7615363597869873,0.6622737050056458,1.7029163539409637
1546,0.21374624967575073,0.7376776933670044,0.6651026606559753,1.6165266036987305
1547,0.2807947099208832,0.7876043915748596,0.6997392773628235,1.7681383788585663
1548,0.2250947803258896,0.6279206871986389,0.5210153460502625,1.374030813574791
1549,0.151712104678154,0.49336954951286316,0.4297677278518677,1.0748493820428848
1550,0.21634355187416077,0.5903956890106201,0.48095181584358215,1.287691056728363
1551,0.19220124185085297,0.6556652188301086,0.5488651394844055,1.3967316001653671
1552,0.18612371385097504,0.5436543226242065,0.5057776570320129,1.2355556935071945
1553,0.23759596049785614,0.5846835374832153,0.5382738709449768,1.3605533689260483
1554,0.23161377012729645,0.8375052809715271,0.674841046333313,1.7439600974321365
1555,0.24543438851833344,0.6334422826766968,0.5855304002761841,1.4644070714712143
1556,0.2186078429222107,0.6041804552078247,0.6022011637687683,1.4249894618988037
1557,0.24527882039546967,0.5495126247406006,0.541122317314148,1.3359137624502182
1558,0.2602471113204956,0.6071785688400269,0.5830029249191284,1.4504286050796509
1559,0.2197612076997757,0.5239647626876831,0.5289980173110962,1.272723987698555
1560,0.2541517913341522,0.8178308606147766,0.7263869643211365,1.7983696162700653
1561,0.19819729030132294,0.4675990343093872,0.4581856429576874,1.1239819675683975
1562,0.205802783370018,0.5870790481567383,0.51773601770401,1.3106178492307663
1563,0.2693539559841156,0.8899534344673157,0.6863744258880615,1.8456818163394928
1564,0.269374817609787,0.5225520133972168,0.5063742995262146,1.2983011305332184
1565,0.3070278763771057,0.7508454918861389,0.7353007793426514,1.793174147605896
1566,0.1961478888988495,0.6339751482009888,0.547791063785553,1.3779141008853912
1567,0.17095491290092468,0.5825308561325073,0.47671663761138916,1.2302024066448212
1568,0.23553970456123352,0.7362851500511169,0.6799353957176208,1.6517602503299713
1569,0.15449309349060059,0.5408937335014343,0.4570460319519043,1.1524328589439392
1570,0.20718149840831757,0.482819527387619,0.5349697470664978,1.2249707728624344
1571,0.22281518578529358,0.6598597764968872,0.6019423007965088,1.4846172630786896
1572,0.144733265042305,0.4725041091442108,0.5066784024238586,1.1239157766103745
1573,0.21514511108398438,0.6150773167610168,0.5527493953704834,1.3829718232154846
1574,0.2129429578781128,0.565255880355835,0.5725536942481995,1.3507525324821472
1575,0.2486831545829773,0.5806212425231934,0.5796238780021667,1.4089282751083374
1576,0.21049828827381134,0.6044868230819702,0.6023663282394409,1.4173514395952225
1577,0.20676644146442413,0.6168357133865356,0.5465753078460693,1.3701774626970291
1578,0.2420453131198883,0.7300510406494141,0.6765899062156677,1.64868625998497
1579,0.2370980829000473,0.7581501007080078,0.7299002408981323,1.7251484245061874
1580,0.28695395588874817,0.8220778703689575,0.7308375239372253,1.839869350194931
1581,0.26436686515808105,0.512951672077179,0.5555184483528137,1.3328369855880737
1582,0.2210560142993927,0.4826439619064331,0.5441178679466248,1.2478178441524506
1583,0.25767695903778076,0.7182971835136414,0.6579809188842773,1.6339550614356995
1584,0.24097836017608643,0.579876720905304,0.5790168046951294,1.3998718857765198
1585,0.21876166760921478,0.5844022631645203,0.5404532551765442,1.3436171859502792
1586,0.26786547899246216,0.8131392002105713,0.7568943500518799,1.8378990292549133
1587,0.2504568099975586,0.5782566666603088,0.587662935256958,1.4163764119148254
1588,0.2022293508052826,0.5135202407836914,0.5235339403152466,1.2392835319042206
1589,0.18159480392932892,0.4124160706996918,0.42645081877708435,1.020461693406105
1590,0.20190708339214325,0.5650669932365417,0.5730529427528381,1.3400270193815231
1591,0.21519619226455688,0.6161013245582581,0.5634751915931702,1.394772708415985
1592,0.15190353989601135,0.3634619414806366,0.3957290053367615,0.9110944867134094
1593,0.2509264051914215,0.597790002822876,0.6149483323097229,1.4636647403240204
1594,0.217965230345726,0.5903787612915039,0.6083118319511414,1.4166558235883713
1595,0.24316532909870148,0.4334329664707184,0.49174225330352783,1.1683405488729477
1596,0.2762816548347473,0.6097701191902161,0.674801766872406,1.5608535408973694
1597,0.25751540064811707,0.6179116368293762,0.6406821012496948,1.516109138727188
1598,0.1826893538236618,0.33724966645240784,0.45823797583580017,0.9781769961118698
1599,0.1997726559638977,0.5015910267829895,0.5432668328285217,1.244630515575409
1600,0.20188702642917633,0.4285176694393158,0.5063526034355164,1.1367572993040085
1601,0.2411947250366211,0.48162248730659485,0.5430513620376587,1.2658685743808746
1602,0.276451051235199,0.7650202512741089,0.7781230807304382,1.819594383239746
1603,0.16109725832939148,0.39164185523986816,0.4839639365673065,1.0367030501365662
1604,0.19455766677856445,0.5901634693145752,0.6154604554176331,1.4001815915107727
1605,0.21459922194480896,0.5730783939361572,0.5633752942085266,1.3510529100894928
1606,0.20946599543094635,0.5686355829238892,0.5784574151039124,1.3565589934587479
1607,0.18314246833324432,0.49684327840805054,0.48131847381591797,1.1613042205572128
1608,0.2687232196331024,0.5137342810630798,0.564848780632019,1.3473062813282013
1609,0.27067214250564575,0.6116840839385986,0.6450697183609009,1.5274259448051453
1610,0.2043239325284958,0.7482701539993286,0.6787248849868774,1.6313189715147018
1611,0.21977540850639343,0.7927964925765991,0.6342911124229431,1.6468630135059357
1612,0.20260141789913177,0.7601738572120667,0.57215416431427,1.5349294394254684
1613,0.23496218025684357,0.7283710837364197,0.6085302233695984,1.5718634873628616
1614,0.26454317569732666,0.77888423204422,0.6976173520088196,1.7410447597503662
1615,0.19636142253875732,0.49605244398117065,0.558452844619751,1.250866711139679
1616,0.2534765601158142,0.7472410202026367,0.6581778526306152,1.6588954329490662
1617,0.2652972638607025,0.7060664892196655,0.5812351703643799,1.552598923444748
1618,0.24771524965763092,0.754417359828949,0.6434658169746399,1.6455984264612198
1619,0.2634131610393524,0.6159079074859619,0.5601019859313965,1.4394230544567108
1620,0.2011931836605072,0.4906204640865326,0.4768611490726471,1.168674796819687
1621,0.24303896725177765,0.6634314060211182,0.6334593296051025,1.5399297028779984
1622,0.24191845953464508,0.6196447014808655,0.5900740027427673,1.451637163758278
1623,0.30331429839134216,0.7970525026321411,0.6868852376937866,1.78725203871727
1624,0.20145225524902344,0.7197042107582092,0.5690552592277527,1.4902117252349854
1625,0.21074464917182922,0.6532803773880005,0.5318061709403992,1.3958311975002289
1626,0.22600311040878296,0.9332399368286133,0.7161348462104797,1.875377893447876
1627,0.20005440711975098,0.6304488778114319,0.5711953043937683,1.4016985893249512
1628,0.28365349769592285,0.6161216497421265,0.6003069281578064,1.5000820755958557
1629,0.2522956430912018,0.6363323926925659,0.5920706391334534,1.480698674917221
1630,0.23453877866268158,0.7100949883460999,0.6114722490310669,1.5561060160398483
1631,0.21463628113269806,0.7477564215660095,0.5227013826370239,1.4850940853357315
1632,0.17713624238967896,0.6610791087150574,0.5095640420913696,1.347779393196106
1633,0.21361634135246277,0.5975297093391418,0.5174362063407898,1.3285822570323944
1634,0.21050363779067993,0.717182993888855,0.5908576250076294,1.5185442566871643
1635,0.24747486412525177,0.7252900004386902,0.6332477331161499,1.6060125976800919
1636,0.21371570229530334,0.4937721788883209,0.5003042221069336,1.2077921032905579
1637,0.19555413722991943,0.6788660287857056,0.5700851082801819,1.4445052742958069
1638,0.2512094974517822,0.7421680688858032,0.5736360549926758,1.5670136213302612
1639,0.23249146342277527,0.674980640411377,0.5686465501785278,1.47611865401268
1640,0.18908533453941345,0.6471529603004456,0.5620952248573303,1.3983335196971893
1641,0.23147957026958466,0.6807299852371216,0.5569624900817871,1.4691720455884933
1642,0.21958167850971222,0.671319305896759,0.5913490653038025,1.4822500497102737
1643,0.18095123767852783,0.5951796174049377,0.5091570019721985,1.285287857055664
1644,0.22486072778701782,0.7326281666755676,0.6414069533348083,1.5988958477973938
1645,0.18515563011169434,0.5270705223083496,0.541793942451477,1.254020094871521
1646,0.25792041420936584,0.7058683037757874,0.6373591423034668,1.60114786028862
1647,0.21112701296806335,0.8014562726020813,0.6712213754653931,1.6838046610355377
1648,0.17766602337360382,0.6168287396430969,0.558505117893219,1.3529998809099197
1649,0.269317626953125,0.7039080262184143,0.6124870181083679,1.5857126712799072
1650,0.21163883805274963,0.6171217560768127,0.553353488445282,1.3821140825748444
1651,0.2528511583805084,0.8036373853683472,0.682441234588623,1.7389297783374786
1652,0.22959797084331512,0.7652877569198608,0.6504262089729309,1.6453119367361069
1653,0.20624646544456482,0.6978322267532349,0.5531731247901917,1.4572518169879913
1654,0.2304689735174179,0.6556631326675415,0.5732488036155701,1.4593809098005295
1655,0.21450275182724,0.4947420656681061,0.41461920738220215,1.1238640248775482
1656,0.26685962080955505,0.8354009985923767,0.648679256439209,1.7509398758411407
1657,0.21307674050331116,0.7521565556526184,0.5242834687232971,1.4895167648792267
1658,0.24890147149562836,0.874378502368927,0.5983603000640869,1.7216402739286423
1659,0.2765991985797882,0.9064039587974548,0.6872931718826294,1.8702963292598724
1660,0.22755198180675507,0.6425334215164185,0.5952882170677185,1.465373620390892
1661,0.15955840051174164,0.49012860655784607,0.4859178066253662,1.135604813694954
1662,0.17019683122634888,0.6067386865615845,0.5218959450721741,1.2988314628601074
1663,0.1938347965478897,0.636516273021698,0.5149611234664917,1.3453121930360794
1664,0.29667869210243225,0.9483517408370972,0.6764754056930542,1.9215058386325836
1665,0.20666244626045227,0.792145311832428,0.5794300436973572,1.5782378017902374
1666,0.2732864022254944,0.7034894824028015,0.5639697909355164,1.5407456755638123
1667,0.24019959568977356,0.8069254159927368,0.5738242864608765,1.6209492981433868
1668,0.1749764233827591,0.48078277707099915,0.4609062373638153,1.1166654378175735
1669,0.25450068712234497,0.9373029470443726,0.7037646770477295,1.895568311214447
1670,0.22154325246810913,0.6867389678955078,0.6006001234054565,1.5088823437690735
1671,0.25339728593826294,0.7300584316253662,0.6721699237823486,1.6556256413459778
1672,0.22335024178028107,0.6043575406074524,0.5858989357948303,1.4136067181825638
1673,0.28373944759368896,0.713733434677124,0.6632633209228516,1.6607362031936646
1674,0.23481276631355286,0.9586794972419739,0.7467193603515625,1.9402116239070892
1675,0.2608557343482971,0.8413294553756714,0.734235405921936,1.8364205956459045
1676,0.2406112551689148,0.5953028202056885,0.5768617987632751,1.4127758741378784
1677,0.23657749593257904,0.530784010887146,0.5509434938430786,1.3183050006628036
1678,0.2704685926437378,0.6122835278511047,0.5653692483901978,1.4481213688850403
1679,0.2628871500492096,0.7090890407562256,0.6918628215789795,1.6638390123844147
1680,0.28982844948768616,0.67342209815979,0.6530334949493408,1.616284042596817
1681,0.2410959154367447,0.6017447710037231,0.6101629734039307,1.4530036598443985
1682,0.1934191733598709,0.6121330857276917,0.6036537289619446,1.4092059880495071
1683,0.20546402037143707,0.47465941309928894,0.5327109694480896,1.2128344029188156
1684,0.24610379338264465,0.50583416223526,0.60683673620224,1.3587746918201447
1685,0.22089329361915588,0.6262922286987305,0.5821684002876282,1.4293539226055145
1686,0.20331187546253204,0.5227214097976685,0.5500358939170837,1.2760691791772842
1687,0.24952583014965057,0.551554262638092,0.604377806186676,1.4054578989744186
1688,0.20728568732738495,0.5695775151252747,0.5993279814720154,1.376191183924675
1689,0.29961636662483215,0.740907609462738,0.7807956337928772,1.8213196098804474
1690,0.19088482856750488,0.3315182328224182,0.40336284041404724,0.9257659018039703
1691,0.18931077420711517,0.4897836744785309,0.5502694845199585,1.2293639332056046
1692,0.2159041166305542,0.49858635663986206,0.5300557017326355,1.2445461750030518
1693,0.1559665948152542,0.4292050898075104,0.4665958881378174,1.051767572760582
1694,0.28869345784187317,0.6708844900131226,0.6286730170249939,1.5882509648799896
1695,0.266203910112381,0.7983462810516357,0.7450128197669983,1.809563010931015
1696,0.2016865313053131,0.6434028744697571,0.6699366569519043,1.5150260627269745
1697,0.24144117534160614,0.6508210897445679,0.651057243347168,1.543319508433342
1698,0.21614456176757812,0.46328267455101013,0.49028754234313965,1.169714778661728
1699,0.22328537702560425,0.44665735960006714,0.5249906778335571,1.1949334144592285
1700,0.2697997987270355,0.521811842918396,0.5655494928359985,1.35716113448143
1701,0.21563993394374847,0.5684828162193298,0.5785465836524963,1.3626693338155746
1702,0.28255245089530945,0.6366280913352966,0.6612968444824219,1.580477386713028
1703,0.23745878040790558,0.6643596291542053,0.6619587540626526,1.5637771636247635
1704,0.27358895540237427,0.7367562055587769,0.6967458724975586,1.7070910334587097
1705,0.19803886115550995,0.5266244411468506,0.5209909677505493,1.2456542700529099
1706,0.15514039993286133,0.3736206591129303,0.42818447947502136,0.956945538520813
1707,0.1949823945760727,0.4447705149650574,0.47536084055900574,1.1151137501001358
1708,0.1743113398551941,0.5332165360450745,0.5447384715080261,1.2522663474082947
1709,0.17832691967487335,0.4608580768108368,0.5021966695785522,1.1413816660642624
1710,0.20831021666526794,0.5121116638183594,0.5346681475639343,1.2550900280475616
1711,0.23696476221084595,0.7300545573234558,0.6723189353942871,1.6393382549285889
1712,0.22185508906841278,0.5091584324836731,0.5788561105728149,1.3098696321249008
1713,0.21902547776699066,0.49330031871795654,0.5972467660903931,1.3095725625753403
1714,0.22648045420646667,0.4474490284919739,0.5341781973838806,1.2081076800823212
1715,0.24244917929172516,0.5259673595428467,0.5782799124717712,1.346696451306343
1716,0.1877286285161972,0.4473966658115387,0.5255481600761414,1.1606734544038773
1717,0.2606702744960785,0.7151742577552795,0.722633421421051,1.698477953672409
1718,0.17413100600242615,0.37224647402763367,0.4563484191894531,1.002725899219513
1719,0.17824220657348633,0.4614640474319458,0.5128945708274841,1.1526008248329163
1720,0.21674133837223053,0.734066903591156,0.6756101250648499,1.6264183670282364
1721,0.23156920075416565,0.5232735276222229,0.504715085029602,1.2595578134059906
1722,0.24835194647312164,0.7105512022972107,0.7326802611351013,1.6915834099054337
1723,0.20937232673168182,0.49314936995506287,0.54108065366745,1.2436023503541946
1724,0.16098465025424957,0.4343619644641876,0.47353342175483704,1.0688800364732742
1725,0.21291795372962952,0.6631672382354736,0.6741076707839966,1.5501928627490997
1726,0.14839673042297363,0.5541591644287109,0.45810839533805847,1.160664290189743
1727,0.1867481917142868,0.48795777559280396,0.5312340259552002,1.205939993262291
1728,0.2045089453458786,0.5685542225837708,0.5974647402763367,1.370527908205986
1729,0.15048445761203766,0.35604050755500793,0.5022160410881042,1.0087410062551498
1730,0.19194823503494263,0.52154940366745,0.5495313405990601,1.2630289793014526
1731,0.18924200534820557,0.5374355316162109,0.5680797100067139,1.2947572469711304
1732,0.22035309672355652,0.6596388220787048,0.5767884850502014,1.4567804038524628
1733,0.18725909292697906,0.6107620000839233,0.5967886447906494,1.3948097378015518
1734,0.22130662202835083,0.5499333739280701,0.5366331934928894,1.3078731894493103
1735,0.22458842396736145,0.665925145149231,0.6683253645896912,1.5588389337062836
1736,0.22340388596057892,0.6865450739860535,0.725482165813446,1.6354311257600784
1737,0.2322736233472824,0.8210476636886597,0.7309585213661194,1.7842798084020615
1738,0.23969830572605133,0.5569903254508972,0.5530039072036743,1.3496925383806229
1739,0.18418629467487335,0.5456080436706543,0.5444481372833252,1.2742424756288528
1740,0.21122851967811584,0.7435085773468018,0.6595661640167236,1.6143032610416412
1741,0.20384375751018524,0.5775242447853088,0.5778791904449463,1.3592471927404404
1742,0.20321021974086761,0.5471511483192444,0.5368552207946777,1.2872165888547897
1743,0.25568243861198425,0.8056168556213379,0.7523574829101562,1.8136567771434784
1744,0.21438778936862946,0.6711961627006531,0.5907787084579468,1.4763626605272293
1745,0.16383413970470428,0.5814470052719116,0.5265343189239502,1.271815463900566
1746,0.16254514455795288,0.4358345568180084,0.4269520044326782,1.0253317058086395
1747,0.19913336634635925,0.5771056413650513,0.5713056325912476,1.347544640302658
1748,0.2083500474691391,0.6305348873138428,0.5656856298446655,1.4045705646276474
1749,0.12988828122615814,0.4151603579521179,0.39622387290000916,0.9412725120782852
1750,0.200231671333313,0.6995341181755066,0.6131305694580078,1.5128963589668274
1751,0.1985323131084442,0.726925790309906,0.6077911257743835,1.5332492291927338
1752,0.20252718031406403,0.46137043833732605,0.4905228912830353,1.1544205099344254
1753,0.24875493347644806,0.5628650188446045,0.6716129779815674,1.48323293030262
1754,0.2588529586791992,0.5938152074813843,0.6351771354675293,1.4878453016281128
1755,0.16457533836364746,0.38662877678871155,0.45616230368614197,1.007366418838501
1756,0.1816236972808838,0.5876425504684448,0.5419760942459106,1.3112423419952393
1757,0.17309381067752838,0.5448834300041199,0.5073871612548828,1.225364401936531
1758,0.21585185825824738,0.5681848526000977,0.5448413491249084,1.3288780599832535
1759,0.26196154952049255,0.8649431467056274,0.7823693156242371,1.909274011850357
1760,0.16255322098731995,0.43647804856300354,0.48591217398643494,1.0849434435367584
1761,0.19228440523147583,0.5840703248977661,0.6125592589378357,1.3889139890670776
1762,0.19925625622272491,0.5147631764411926,0.5629626512527466,1.2769820839166641
1763,0.19921404123306274,0.5387340188026428,0.5733782052993774,1.311326265335083
1764,0.14381779730319977,0.4868418276309967,0.4775693416595459,1.1082289665937424
1765,0.24898257851600647,0.6195753216743469,0.5607131719589233,1.4292710721492767
1766,0.24095980823040009,0.6708040833473206,0.6445273756980896,1.5562912672758102
1767,0.2184167057275772,0.6309560537338257,0.6744462251663208,1.5238189846277237
1768,0.2316189706325531,0.5943658351898193,0.6319494247436523,1.4579342305660248
1769,0.20844730734825134,0.6669732332229614,0.5687212347984314,1.4441417753696442
1770,0.20507608354091644,0.7313675880432129,0.6032527685165405,1.5396964401006699
1771,0.24372868239879608,0.918679416179657,0.6913084387779236,1.8537165373563766
1772,0.16947749257087708,0.6246548295021057,0.5558745861053467,1.3500069081783295
1773,0.22995179891586304,0.713670015335083,0.649888277053833,1.593510091304779
1774,0.24997740983963013,0.6221374273300171,0.584534764289856,1.4566496014595032
1775,0.2318980097770691,0.6932916641235352,0.6438737511634827,1.569063425064087
1776,0.23732899129390717,0.6099482774734497,0.5623199343681335,1.4095972031354904
1777,0.16545370221138,0.6452719569206238,0.48052746057510376,1.2912531197071075
1778,0.21762217581272125,0.8817911148071289,0.6450321674346924,1.7444454580545425
1779,0.23540043830871582,0.6899683475494385,0.5907648801803589,1.5161336660385132
1780,0.2825399339199066,0.7109811902046204,0.6871830821037292,1.6807042062282562
1781,0.18357129395008087,0.5663549900054932,0.5686954855918884,1.3186217695474625
1782,0.1937992125749588,0.5886437892913818,0.5327051877975464,1.315148189663887
1783,0.2194536179304123,1.004886507987976,0.7190743088722229,1.9434144347906113
1784,0.1773880571126938,0.7828881740570068,0.578490674495697,1.5387669056653976
1785,0.2620994746685028,0.7675064206123352,0.6058728694915771,1.6354787647724152
1786,0.2061639130115509,0.7358002662658691,0.6017035841941833,1.5436677634716034
1787,0.20851245522499084,0.7457666397094727,0.6224167943000793,1.5766958892345428
1788,0.18115679919719696,0.5215692520141602,0.5241477489471436,1.2268738001585007
1789,0.1742595136165619,0.5309109091758728,0.5093413591384888,1.2145117819309235
1790,0.2089444398880005,0.6085055470466614,0.517977237701416,1.3354272246360779
1791,0.21385148167610168,0.9183153510093689,0.589300811290741,1.7214676439762115
1792,0.22371742129325867,0.9538074135780334,0.6318011283874512,1.8093259632587433
1793,0.1985211968421936,0.6872972249984741,0.5022872090339661,1.3881056308746338
1794,0.18355050683021545,0.6011804342269897,0.5656441450119019,1.350375086069107
1795,0.22710588574409485,0.616658627986908,0.5682153701782227,1.4119798839092255
1796,0.20148485898971558,0.591193675994873,0.5642841458320618,1.3569626808166504
1797,0.17724353075027466,0.6107678413391113,0.5606169104576111,1.348628282546997
1798,0.2047233283519745,0.7567335367202759,0.5548389554023743,1.5162958204746246
1799,0.19953852891921997,0.7874193787574768,0.586409866809845,1.5733677744865417
1800,0.18934471905231476,0.7091570496559143,0.5084593296051025,1.4069610983133316
1801,0.2234901785850525,0.8526279330253601,0.6425039172172546,1.7186220288276672
1802,0.21016746759414673,0.6162137985229492,0.5405483245849609,1.3669295907020569
1803,0.26937732100486755,0.7397376298904419,0.6359861493110657,1.6451011002063751
1804,0.1956094354391098,0.6653183102607727,0.6676023602485657,1.5285301059484482
1805,0.16349893808364868,0.5888367891311646,0.5642314553260803,1.3165671825408936
1806,0.24717269837856293,0.737537682056427,0.6226438879966736,1.6073542684316635
1807,0.20118623971939087,0.6850515007972717,0.5568395853042603,1.4430773258209229
1808,0.2611275017261505,0.8534929752349854,0.6824626326560974,1.7970831096172333
1809,0.24496258795261383,0.7638224363327026,0.6488029956817627,1.6575880199670792
1810,0.1803653985261917,0.6044033169746399,0.550105631351471,1.3348743468523026
1811,0.21579304337501526,0.5972248911857605,0.5728445649147034,1.3858624994754791
1812,0.18136513233184814,0.3992086350917816,0.41667255759239197,0.9972463250160217
1813,0.24847052991390228,0.7666113972663879,0.654361367225647,1.6694432944059372
1814,0.20032331347465515,0.5833362340927124,0.5260001420974731,1.3096596896648407
1815,0.251755952835083,0.6917913556098938,0.5995049476623535,1.5430522561073303
1816,0.26767387986183167,0.7420127987861633,0.6825109720230103,1.6921976506710052
1817,0.23400798439979553,0.7045008540153503,0.5911599397659302,1.529668778181076
1818,0.14974476397037506,0.4896240234375,0.4841555655002594,1.1235243529081345
1819,0.1477503776550293,0.4989926218986511,0.5161216259002686,1.162864625453949
1820,0.17574872076511383,0.5032430291175842,0.5138534307479858,1.192845180630684
1821,0.24537907540798187,0.711795449256897,0.6733936071395874,1.6305681318044662
1822,0.20197966694831848,0.6193845272064209,0.5735204219818115,1.394884616136551
1823,0.2448694258928299,0.5431014895439148,0.5563774704933167,1.3443483859300613
1824,0.22434867918491364,0.6302214860916138,0.5668104887008667,1.421380653977394
1825,0.16504104435443878,0.43466615676879883,0.4531267583370209,1.0528339594602585
1826,0.24922466278076172,0.7146334648132324,0.6953176259994507,1.6591757535934448
1827,0.19411611557006836,0.5326513051986694,0.5943053960800171,1.3210728168487549
1828,0.21582528948783875,0.6266900897026062,0.6658666133880615,1.5083819925785065
1829,0.20153428614139557,0.49522921442985535,0.5807862281799316,1.2775497287511826
1830,0.2510611414909363,0.6207674741744995,0.656629741191864,1.5284583568572998
1831,0.2317100465297699,0.8634673953056335,0.7408775687217712,1.8360550105571747
1832,0.22587087750434875,0.7780017256736755,0.7310440540313721,1.7349166572093964
1833,0.19755996763706207,0.6051796674728394,0.5755245685577393,1.3782642036676407
1834,0.22268742322921753,0.5793027281761169,0.5476745367050171,1.3496646881103516
1835,0.20723703503608704,0.6179662346839905,0.5647055506706238,1.3899088203907013
1836,0.21954934298992157,0.6953886151313782,0.6877212524414062,1.602659210562706
1837,0.2754402458667755,0.6424310207366943,0.654205858707428,1.5720771253108978
1838,0.27483484148979187,0.5721029043197632,0.6049038767814636,1.4518416225910187
1839,0.22679120302200317,0.6986547708511353,0.6035059690475464,1.5289519429206848
1840,0.16184955835342407,0.5445330142974854,0.5283867716789246,1.234769344329834
1841,0.2029304951429367,0.5867965817451477,0.6000990867614746,1.389826163649559
1842,0.21244190633296967,0.5808759331703186,0.5795094966888428,1.372827336192131
1843,0.1843608170747757,0.48816657066345215,0.5433261394500732,1.215853527188301
1844,0.2539224326610565,0.599442720413208,0.6011222004890442,1.4544873535633087
1845,0.20977596938610077,0.5688527822494507,0.5943661332130432,1.3729948848485947
1846,0.26102837920188904,0.8318202495574951,0.7770727872848511,1.8699214160442352
1847,0.199247807264328,0.35140442848205566,0.40387994050979614,0.9545321762561798
1848,0.17946569621562958,0.5350825190544128,0.5486132502555847,1.2631614655256271
1849,0.2693052887916565,0.5328845381736755,0.5282322764396667,1.3304221034049988
1850,0.1533960998058319,0.4978606104850769,0.46625176072120667,1.1175084710121155
1851,0.2635413706302643,0.6792245507240295,0.6300491094589233,1.5728150308132172
1852,0.2629207968711853,0.8141869902610779,0.7472435832023621,1.8243513703346252
1853,0.21630263328552246,0.6339536309242249,0.6721677780151367,1.522424042224884
1854,0.2721003592014313,0.660267174243927,0.6479296088218689,1.5802971422672272
1855,0.18949446082115173,0.4489024579524994,0.48926106095314026,1.1276579797267914
1856,0.17432090640068054,0.44804370403289795,0.5220258831977844,1.144390493631363
1857,0.2611795663833618,0.4706853926181793,0.5634958148002625,1.2953607738018036
1858,0.17389753460884094,0.5031287670135498,0.5759890675544739,1.2530153691768646
1859,0.23437358438968658,0.6025316119194031,0.6596367955207825,1.4965419918298721
1860,0.19280843436717987,0.6083716154098511,0.658630907535553,1.459810957312584
1861,0.26426756381988525,0.7199644446372986,0.6904309988021851,1.674663007259369
1862,0.18053758144378662,0.4954645037651062,0.5169995427131653,1.193001627922058
1863,0.15236440300941467,0.37460267543792725,0.42870551347732544,0.9556725919246674
1864,0.1820155680179596,0.4150693118572235,0.4763738512992859,1.073458731174469
1865,0.1937725841999054,0.46899476647377014,0.5437310934066772,1.2064984440803528
1866,0.1783248335123062,0.4009479582309723,0.5052543878555298,1.0845271795988083
1867,0.20653021335601807,0.46083417534828186,0.5296245813369751,1.196988970041275
1868,0.2109655737876892,0.7159978151321411,0.6685314178466797,1.59549480676651
1869,0.18737541139125824,0.5329536199569702,0.5774990916252136,1.297828122973442
1870,0.19284701347351074,0.5241531729698181,0.5955859422683716,1.3125861287117004
1871,0.20876240730285645,0.4734923243522644,0.5349018573760986,1.2171565890312195
1872,0.2414267510175705,0.4759683907032013,0.5773817300796509,1.2947768718004227
1873,0.18296584486961365,0.42436790466308594,0.5247592926025391,1.1320930421352386
1874,0.2464340478181839,0.6933958530426025,0.7193560600280762,1.6591859608888626
1875,0.17907461524009705,0.37296968698501587,0.4534410536289215,1.0054853558540344
1876,0.193553164601326,0.4470648169517517,0.5113674402236938,1.1519854217767715
1877,0.21924038231372833,0.6918215751647949,0.6749803423881531,1.5860422998666763
1878,0.19518333673477173,0.4513663351535797,0.5010829567909241,1.1476326286792755
1879,0.22386004030704498,0.6259666085243225,0.7294062972068787,1.5792329460382462
1880,0.17491509020328522,0.4928759038448334,0.540996253490448,1.2087872475385666
1881,0.1715232878923416,0.42728617787361145,0.47418245673179626,1.0729919224977493
1882,0.2073245644569397,0.7114002704620361,0.6733719706535339,1.5920968055725098
1883,0.1349131166934967,0.548568069934845,0.4578695297241211,1.1413507163524628
1884,0.18627838790416718,0.45885252952575684,0.5285933613777161,1.17372427880764
1885,0.1903461515903473,0.5573337078094482,0.5895342230796814,1.337214082479477
1886,0.13478589057922363,0.416937917470932,0.500785231590271,1.0525090396404266
1887,0.17413349449634552,0.5708973407745361,0.5486602187156677,1.2936910539865494
1888,0.1690789759159088,0.486959844827652,0.5646986961364746,1.2207375168800354
1889,0.19977818429470062,0.5431424379348755,0.5718736052513123,1.3147942274808884
1890,0.19303463399410248,0.5482207536697388,0.593157172203064,1.3344125598669052
1891,0.19616509974002838,0.5369009971618652,0.5367518663406372,1.2698179632425308
1892,0.2312016487121582,0.6428390741348267,0.6648107767105103,1.5388514995574951
1893,0.23885054886341095,0.746705174446106,0.7249009609222412,1.7104566842317581
1894,0.21330749988555908,0.7808088064193726,0.7295171022415161,1.7236334085464478
1895,0.21244752407073975,0.5149329304695129,0.5535213947296143,1.280901849269867
1896,0.1777360737323761,0.5143833756446838,0.5433120727539062,1.2354315221309662
1897,0.23089337348937988,0.8234122395515442,0.6621292233467102,1.7164348363876343
1898,0.20382553339004517,0.612224817276001,0.576808750629425,1.3928591012954712
1899,0.20204462110996246,0.6320541501045227,0.5374062061309814,1.3715049773454666
1900,0.23215487599372864,0.8714015483856201,0.7520982027053833,1.855654627084732
1901,0.20247453451156616,0.6510213613510132,0.5848273634910583,1.4383232593536377
1902,0.18005502223968506,0.5149281024932861,0.5203823447227478,1.215365469455719
1903,0.13497798144817352,0.45766738057136536,0.4282667636871338,1.0209121257066727
1904,0.20347200334072113,0.7019279599189758,0.5745252370834351,1.479925200343132
1905,0.2167855203151703,0.8064790964126587,0.5679869651794434,1.5912515819072723
1906,0.1369088590145111,0.4689549207687378,0.39285004138946533,0.9987138211727142
1907,0.19840794801712036,0.751653254032135,0.6169766783714294,1.5670378804206848
1908,0.1978316307067871,0.7474021315574646,0.6115508675575256,1.5567846298217773
1909,0.18828029930591583,0.5182729363441467,0.4924921989440918,1.1990454345941544
1910,0.21939632296562195,0.7137263417243958,0.6743618249893188,1.6074844896793365
1911,0.2409357726573944,0.8242224454879761,0.641830563545227,1.7069887816905975
1912,0.14394903182983398,0.4228946268558502,0.45846760272979736,1.0253112614154816
1913,0.18892955780029297,0.5919458270072937,0.5481035113334656,1.3289788961410522
1914,0.16681939363479614,0.48687994480133057,0.5087653398513794,1.162464678287506
1915,0.2169804573059082,0.4863760769367218,0.5423142910003662,1.2456708252429962
1916,0.2642636299133301,0.9406648278236389,0.7753905653953552,1.9803190231323242
1917,0.15905015170574188,0.48495373129844666,0.4809868335723877,1.1249907165765762
1918,0.1885172426700592,0.6269338130950928,0.6087068319320679,1.4241578876972198
1919,0.18874673545360565,0.5700926184654236,0.5592264533042908,1.31806580722332
1920,0.18082693219184875,0.5126850605010986,0.5754334330558777,1.268945425748825
1921,0.18589343130588531,0.44887444376945496,0.47724324464797974,1.11201111972332
1922,0.2516757845878601,0.5589654445648193,0.5644513964653015,1.375092625617981
1923,0.21223153173923492,0.7898032069206238,0.6513102650642395,1.6533450037240982
1924,0.20333337783813477,0.8036389946937561,0.6772062182426453,1.6841785907745361
1925,0.22525808215141296,0.5913510918617249,0.6313515305519104,1.4479607045650482
1926,0.20146480202674866,0.5576503276824951,0.5676411390304565,1.3267562687397003
1927,0.23758798837661743,0.5900545716285706,0.6012260913848877,1.4288686513900757
1928,0.2673719823360443,0.7958751320838928,0.6911831498146057,1.7544302642345428
1929,0.16546595096588135,0.6130365133285522,0.5579630732536316,1.3364655375480652
1930,0.21451888978481293,0.7949233055114746,0.6536601185798645,1.663102313876152
1931,0.21056462824344635,0.751858651638031,0.5873783826828003,1.5498016625642776
1932,0.19667944312095642,0.7474712133407593,0.6528775691986084,1.597028225660324
1933,0.23609766364097595,0.5921335816383362,0.5607209205627441,1.3889521658420563
1934,0.20552793145179749,0.48006823658943176,0.48016998171806335,1.1657661497592926
1935,0.21680620312690735,0.6529882550239563,0.6334635615348816,1.5032580196857452
1936,0.21017761528491974,0.6280815005302429,0.5845341086387634,1.422793224453926
1937,0.22448870539665222,0.8528205752372742,0.6843385696411133,1.7616478502750397
1938,0.1745944768190384,0.5960182547569275,0.5674579739570618,1.3380707055330276
1939,0.19060635566711426,0.4876035749912262,0.5307464599609375,1.208956390619278
1940,0.24340322613716125,0.7421895861625671,0.7149821519851685,1.7005749642848969
1941,0.2143259346485138,0.5336048007011414,0.5700674057006836,1.3179981410503387
1942,0.2555704712867737,0.6294504404067993,0.5962632298469543,1.4812841415405273
1943,0.2142258882522583,0.676362931728363,0.5887992978096008,1.4793881177902222
1944,0.1928229182958603,0.7794371843338013,0.6085612773895264,1.580821380019188
1945,0.15778662264347076,0.5854218602180481,0.5174164175987244,1.2606249004602432
1946,0.14737461507320404,0.5692306756973267,0.505418062210083,1.2220233529806137
1947,0.20240840315818787,0.46316033601760864,0.5130564570426941,1.1786251962184906
1948,0.19189772009849548,0.5721409320831299,0.5885487198829651,1.3525873720645905
1949,0.20803721249103546,0.6424102187156677,0.6303322911262512,1.4807797223329544
1950,0.18532885611057281,0.5089152455329895,0.49833762645721436,1.1925817281007767
1951,0.15254883468151093,0.6008542776107788,0.5662503838539124,1.319653496146202
1952,0.18433889746665955,0.7043803930282593,0.5700671672821045,1.4587864577770233
1953,0.19377771019935608,0.603293240070343,0.568167507648468,1.3652384579181671
1954,0.17333757877349854,0.48789742588996887,0.5594077706336975,1.220642775297165
1955,0.17883902788162231,0.49556630849838257,0.5538659691810608,1.2282713055610657
1956,0.2099882960319519,0.5695934891700745,0.5863186120986938,1.3659003973007202
1957,0.17579449713230133,0.5615529417991638,0.5074460506439209,1.244793489575386
1958,0.21225275099277496,0.7692072987556458,0.6451830267906189,1.6266430765390396
1959,0.1815234124660492,0.6731371283531189,0.5448477268218994,1.3995082676410675
1960,0.2369484007358551,0.7594068050384521,0.6347845196723938,1.631139725446701
1961,0.20602770149707794,0.6809065341949463,0.6624870300292969,1.549421265721321
1962,0.19959425926208496,0.5908584594726562,0.5574788451194763,1.3479315638542175
1963,0.22742657363414764,0.5881269574165344,0.6113442778587341,1.4268978089094162
1964,0.17410005629062653,0.5869144797325134,0.5524174571037292,1.3134319931268692
1965,0.2216981053352356,0.7100853323936462,0.6819077134132385,1.6136911511421204
1966,0.20474235713481903,0.6539667844772339,0.647307813167572,1.506016954779625
1967,0.17544923722743988,0.6074756383895874,0.545054018497467,1.3279788941144943
1968,0.23483489453792572,0.6200029850006104,0.5704089403152466,1.4252468198537827
1969,0.18185587227344513,0.37083694338798523,0.41383349895477295,0.9665263146162033
1970,0.227341890335083,0.7077276706695557,0.6517030596733093,1.586772620677948
1971,0.17958180606365204,0.5356749892234802,0.5240015983581543,1.2392583936452866
1972,0.21172884106636047,0.6207330822944641,0.5965346097946167,1.4289965331554413
1973,0.23903396725654602,0.670517086982727,0.6811196208000183,1.5906706750392914
1974,0.27536287903785706,0.6003371477127075,0.5885053873062134,1.464205414056778
1975,0.1560007482767105,0.49734506011009216,0.48337408900260925,1.136719897389412
1976,0.16030824184417725,0.5328080058097839,0.5166739821434021,1.2097902297973633
1977,0.1627526879310608,0.5082898736000061,0.5107844471931458,1.1818270087242126
1978,0.23186975717544556,0.6722867488861084,0.6722798347473145,1.5764363408088684
1979,0.16219201683998108,0.5394319295883179,0.5741890072822571,1.275812953710556
1980,0.250131219625473,0.4602566063404083,0.5538119077682495,1.2641997337341309
1981,0.19066737592220306,0.5364634394645691,0.5655621290206909,1.292692944407463
1982,0.14863015711307526,0.4176346957683563,0.4524086117744446,1.0186734646558762
1983,0.2280465066432953,0.7426252961158752,0.6944419741630554,1.665113776922226
1984,0.19923754036426544,0.5957997441291809,0.5922285914421082,1.3872658759355545
1985,0.188916876912117,0.6584815979003906,0.6629846096038818,1.5103830844163895
1986,0.16945123672485352,0.5138007998466492,0.5787888765335083,1.262040913105011
1987,0.23123449087142944,0.5764732360839844,0.6583990454673767,1.4661067724227905
1988,0.1945822536945343,0.7508036494255066,0.7395671010017395,1.6849530041217804
1989,0.20773547887802124,0.6859660148620605,0.7287489771842957,1.6224504709243774
1990,0.22736382484436035,0.5775728821754456,0.5726138949394226,1.3775506019592285
1991,0.24461250007152557,0.556694746017456,0.5484737157821655,1.3497809618711472
1992,0.17959679663181305,0.6195124387741089,0.5629114508628845,1.3620206862688065
1993,0.19399939477443695,0.7157873511314392,0.6860429048538208,1.595829650759697
1994,0.22377608716487885,0.6206526756286621,0.6511786580085754,1.4956074208021164
1995,0.23597362637519836,0.549058735370636,0.6060233116149902,1.3910556733608246
1996,0.19215385615825653,0.5975080728530884,0.6002997159957886,1.3899616450071335
1997,0.17457301914691925,0.5415717363357544,0.5264845490455627,1.2426293045282364
1998,0.20851701498031616,0.6469055414199829,0.5990781188011169,1.454500675201416
1999,0.23449717462062836,0.7318220138549805,0.5789454579353333,1.545264646410942
2000,0.16274945437908173,0.64883953332901,0.5424795150756836,1.3540685027837753
2001,0.20765018463134766,0.6670153737068176,0.6023811101913452,1.4770466685295105
2002,0.17263519763946533,0.5623030066490173,0.5937730073928833,1.328711211681366
2003,0.25985774397850037,0.7435349822044373,0.7777671217918396,1.7811598479747772
2004,0.18031328916549683,0.3885051906108856,0.40227583050727844,0.9710943102836609
2005,0.17214474081993103,0.6041760444641113,0.5494710206985474,1.3257918059825897
2006,0.256263792514801,0.6750110387802124,0.5292624235153198,1.4605372548103333
2007,0.11902114003896713,0.549237072467804,0.46638017892837524,1.1346383914351463
2008,0.22821667790412903,0.7414149045944214,0.6260890960693359,1.5957206785678864
2009,0.24308232963085175,0.7365561723709106,0.7397989630699158,1.7194374650716782
2010,0.23878802359104156,0.6254391074180603,0.6681928038597107,1.5324199348688126
2011,0.24168556928634644,0.6841147541999817,0.6466633677482605,1.5724636912345886
2012,0.19949188828468323,0.46600842475891113,0.48922866582870483,1.1547289788722992
2013,0.16734327375888824,0.5096232891082764,0.5236853361129761,1.2006518989801407
2014,0.22538505494594574,0.5086231231689453,0.564058780670166,1.298066958785057
2015,0.1710331290960312,0.5386768579483032,0.5753907561302185,1.285100743174553
2016,0.2455873340368271,0.6364182233810425,0.6575765013694763,1.5395820587873459
2017,0.18061985075473785,0.6095792055130005,0.6564271450042725,1.4466262012720108
2018,0.24436376988887787,0.6701059937477112,0.6886983513832092,1.6031681150197983
2019,0.16988682746887207,0.5036182403564453,0.5152252316474915,1.1887302994728088
2020,0.1255495399236679,0.3998977243900299,0.4307020604610443,0.9561493247747421
2021,0.16712512075901031,0.4406086802482605,0.4756486415863037,1.0833824425935745
2022,0.1698831468820572,0.5026391744613647,0.5437678694725037,1.2162901908159256
2023,0.17712834477424622,0.39229315519332886,0.5041666626930237,1.0735881626605988
2024,0.19128261506557465,0.49308302998542786,0.5334197282791138,1.2177853733301163
2025,0.23101112246513367,0.6771619319915771,0.6704964637756348,1.5786695182323456
2026,0.18456608057022095,0.5229611992835999,0.5767761468887329,1.2843034267425537
2027,0.1910775899887085,0.5848377346992493,0.5951104164123535,1.3710257411003113
2028,0.19125090539455414,0.5060416460037231,0.532995879650116,1.2302884310483932
2029,0.20101599395275116,0.5176776647567749,0.5779297947883606,1.2966234534978867
2030,0.1822676807641983,0.4461126923561096,0.523974597454071,1.152354970574379
2031,0.23141935467720032,0.7110088467597961,0.7217317819595337,1.6641599833965302
2032,0.1608525663614273,0.3914406895637512,0.45507165789604187,1.0073649138212204
2033,0.19696776568889618,0.45238208770751953,0.5124545097351074,1.1618043631315231
2034,0.20574654638767242,0.6825929880142212,0.6735178232192993,1.561857357621193
2035,0.22344160079956055,0.5004259943962097,0.4996849000453949,1.2235524952411652
2036,0.22778673470020294,0.7497919797897339,0.7299751043319702,1.707553818821907
2037,0.17099057137966156,0.501061737537384,0.5414872169494629,1.2135395258665085
2038,0.16237057745456696,0.41968631744384766,0.47426915168762207,1.0563260465860367
2039,0.21191534399986267,0.6856626272201538,0.6722437143325806,1.569821685552597
2040,0.16203217208385468,0.49842163920402527,0.452149897813797,1.112603709101677
2041,0.19701413810253143,0.5449885725975037,0.5315291285514832,1.2735318392515182
2042,0.19637146592140198,0.6269128918647766,0.5914188623428345,1.414703220129013
2043,0.115358367562294,0.43712329864501953,0.4998306334018707,1.0523122996091843
2044,0.1756393313407898,0.6108262538909912,0.5466914176940918,1.3331570029258728
2045,0.16305775940418243,0.5324628353118896,0.5640658736228943,1.2595864683389664
2046,0.21194329857826233,0.5576032996177673,0.5715454816818237,1.3410920798778534
2047,0.15617980062961578,0.5500233173370361,0.591936469078064,1.2981395870447159
2048,0.18138720095157623,0.5676889419555664,0.5374521613121033,1.286528304219246
2049,0.20930857956409454,0.6641480922698975,0.662571132183075,1.536027804017067
2050,0.19795046746730804,0.6991754770278931,0.7199277281761169,1.617053672671318
2051,0.2127300500869751,0.8342623710632324,0.726673424243927,1.7736658453941345
2052,0.22082629799842834,0.5534278750419617,0.5539774298667908,1.3282316029071808
2053,0.16038262844085693,0.5399272441864014,0.5439377427101135,1.2442476153373718
2054,0.1994445025920868,0.652468204498291,0.6556883454322815,1.5076010525226593
2055,0.18924780189990997,0.5124876499176025,0.5755156874656677,1.2772511392831802
2056,0.18548212945461273,0.5117381811141968,0.5344535708427429,1.2316738814115524
2057,0.22348828613758087,0.7940701842308044,0.7514647245407104,1.7690231949090958
2058,0.18319949507713318,0.6033567786216736,0.5814084410667419,1.3679647147655487
2059,0.17096568644046783,0.5178707242012024,0.5216313004493713,1.2104677110910416
2060,0.13018999993801117,0.3887472152709961,0.42418745160102844,0.9431246668100357
2061,0.19037429988384247,0.5504729747772217,0.5705538392066956,1.3114011138677597
2062,0.19662930071353912,0.5725587606430054,0.5613288879394531,1.3305169492959976
2063,0.11005844175815582,0.37207871675491333,0.3908013105392456,0.8729384690523148
2064,0.17446215450763702,0.6291103959083557,0.6132295727729797,1.4168021231889725
2065,0.18908452987670898,0.6362742781639099,0.6032543182373047,1.4286131262779236
2066,0.16247272491455078,0.4278549253940582,0.48899364471435547,1.0793212950229645
2067,0.2169681042432785,0.6292155981063843,0.6721347570419312,1.518318459391594
2068,0.21248938143253326,0.5992048382759094,0.635250449180603,1.4469446688890457
2069,0.1225588321685791,0.3328357934951782,0.45565730333328247,0.9110519289970398
2070,0.1528824120759964,0.4924044609069824,0.5406748056411743,1.1859616786241531
2071,0.15169011056423187,0.4416249096393585,0.5061243772506714,1.0994393974542618
2072,0.2014964371919632,0.4731520116329193,0.5414997935295105,1.216148242354393
2073,0.23795051872730255,0.7363682389259338,0.7767530679702759,1.7510718256235123
2074,0.15265512466430664,0.3522489070892334,0.4804234206676483,0.9853274524211884
2075,0.18126745522022247,0.5088865756988525,0.6081207990646362,1.2982748299837112
2076,0.17253999412059784,0.5361323356628418,0.559556782245636,1.2682291120290756
2077,0.1773786097764969,0.48164209723472595,0.5731222629547119,1.2321429699659348
2078,0.13781523704528809,0.4584415853023529,0.4768272638320923,1.0730840861797333
2079,0.23304776847362518,0.5379580855369568,0.5634679198265076,1.3344737738370895
2080,0.21762241423130035,0.554899275302887,0.6426336765289307,1.415155366063118
2081,0.19783633947372437,0.6228445172309875,0.6731435656547546,1.4938244223594666
2082,0.20670197904109955,0.5593234896659851,0.6278994083404541,1.3939248770475388
2083,0.17680132389068604,0.5802401900291443,0.5665225982666016,1.3235641121864319
2084,0.19571030139923096,0.6458529829978943,0.6007601618766785,1.4423234462738037
2085,0.2182983011007309,0.7113112807273865,0.6887285113334656,1.618338093161583
2086,0.16434258222579956,0.4521700441837311,0.5530899167060852,1.1696025431156158
2087,0.2233210802078247,0.5999253392219543,0.6472107768058777,1.4704571962356567
2088,0.21515850722789764,0.5530738234519958,0.5789502263069153,1.3471825569868088
2089,0.1734633892774582,0.6384016275405884,0.6398122310638428,1.4516772478818893
2090,0.1976069211959839,0.5094279050827026,0.5526372194290161,1.2596720457077026
2091,0.14173464477062225,0.45693862438201904,0.47146329283714294,1.0701365619897842
2092,0.19090832769870758,0.6411377191543579,0.6256584525108337,1.4577044993638992
2093,0.2162489891052246,0.5000455379486084,0.5806211233139038,1.2969156503677368
2094,0.24741122126579285,0.6671918034553528,0.6832963824272156,1.5978994071483612
2095,0.16649162769317627,0.46525585651397705,0.5637783408164978,1.1955258250236511
2096,0.18380627036094666,0.4644894003868103,0.5290935039520264,1.1773891746997833
2097,0.23723141849040985,0.722947359085083,0.7099847793579102,1.670163556933403
2098,0.20132595300674438,0.49961012601852417,0.5659173130989075,1.266853392124176
2099,0.291695237159729,0.551591157913208,0.595726490020752,1.439012885093689
2100,0.2186581939458847,0.5104209780693054,0.5865177512168884,1.3155969232320786
2101,0.2172100692987442,0.5971468687057495,0.6083565354347229,1.4227134734392166
2102,0.14784365892410278,0.5063152313232422,0.5203306078910828,1.1744894981384277
2103,0.1394447684288025,0.5404635667800903,0.5041919946670532,1.184100329875946
2104,0.20398162305355072,0.5051559805870056,0.5127821564674377,1.221919760107994
2105,0.20935697853565216,0.5220479965209961,0.5857561230659485,1.3171610981225967
2106,0.21273159980773926,0.5752984285354614,0.6286532282829285,1.4166832566261292
2107,0.18968674540519714,0.4030064642429352,0.49566614627838135,1.0883593559265137
2108,0.14735454320907593,0.5142606496810913,0.5635668635368347,1.225182056427002
2109,0.15997329354286194,0.613663911819458,0.5647932291030884,1.3384304344654083
2110,0.16432704031467438,0.6075676679611206,0.5674088597297668,1.3393035680055618
2111,0.15428254008293152,0.48479872941970825,0.5595188736915588,1.1986001431941986
2112,0.18004293739795685,0.47434550523757935,0.5508408546447754,1.2052292972803116
2113,0.19736312329769135,0.5145573616027832,0.5853093266487122,1.2972298115491867
2114,0.1859133094549179,0.4747881293296814,0.5035711526870728,1.164272591471672
2115,0.23835444450378418,0.656730592250824,0.6385653614997864,1.5336503982543945
2116,0.17441989481449127,0.5672340989112854,0.5377435088157654,1.279397502541542
2117,0.20904242992401123,0.6876063942909241,0.6295044422149658,1.5261532664299011
2118,0.17028144001960754,0.669773280620575,0.6599997282028198,1.5000544488430023
2119,0.13684245944023132,0.5057594180107117,0.5537985563278198,1.1964004337787628
2120,0.22128626704216003,0.5388512015342712,0.6080519556999207,1.368189424276352
2121,0.21368072926998138,0.4880802631378174,0.5487588047981262,1.250519797205925
2122,0.22502905130386353,0.6170448660850525,0.6793070435523987,1.5213809609413147
2123,0.20257312059402466,0.627493679523468,0.6484681367874146,1.4785349369049072
2124,0.15028326213359833,0.5697963237762451,0.547446072101593,1.2675256580114365
2125,0.19067344069480896,0.5803545713424683,0.5674257874488831,1.3384537994861603
2126,0.15013320744037628,0.3483313322067261,0.40919822454452515,0.9076627641916275
2127,0.2129964530467987,0.6046361923217773,0.6456319689750671,1.4632646143436432
2128,0.1726159006357193,0.4194442331790924,0.5175419449806213,1.109602078795433
2129,0.20552030205726624,0.5368865728378296,0.5918377637863159,1.3342446386814117
2130,0.23286885023117065,0.6045176982879639,0.6768379807472229,1.5142245292663574
2131,0.2060222029685974,0.5608364939689636,0.5857626795768738,1.3526213765144348
2132,0.13743548095226288,0.4046294093132019,0.4821876287460327,1.0242525190114975
2133,0.16039805114269257,0.44635528326034546,0.5148075819015503,1.1215609163045883
2134,0.1705981194972992,0.4555615484714508,0.5114561915397644,1.1376158595085144
2135,0.24023708701133728,0.5906789898872375,0.6690980195999146,1.5000140964984894
2136,0.14737337827682495,0.5387383103370667,0.5736845135688782,1.2597962021827698
2137,0.2550869882106781,0.44707146286964417,0.5520665049552917,1.254224956035614
2138,0.18203343451023102,0.49385732412338257,0.5629448294639587,1.2388355880975723
2139,0.14554108679294586,0.3394200801849365,0.4531899094581604,0.9381510764360428
2140,0.2505427598953247,0.6476810574531555,0.6889214515686035,1.5871452689170837
2141,0.19047069549560547,0.5320205688476562,0.5880569219589233,1.310548186302185
2142,0.20107100903987885,0.5904191136360168,0.6581841111183167,1.4496742337942123
2143,0.17800688743591309,0.502328634262085,0.5764708518981934,1.2568063735961914
2144,0.2223813235759735,0.555902361869812,0.6535982489585876,1.4318819344043732
2145,0.20614442229270935,0.6746394634246826,0.7347705364227295,1.6155544221401215
2146,0.20523805916309357,0.616665780544281,0.7262759804725647,1.5481798201799393
2147,0.19154515862464905,0.4845685064792633,0.5723311901092529,1.2484448552131653
2148,0.19131390750408173,0.4629278779029846,0.5476667881011963,1.2019085735082626
2149,0.1926261931657791,0.5755743980407715,0.5635672211647034,1.331767812371254
2150,0.2269972562789917,0.7048057317733765,0.6852373480796814,1.6170403361320496
2151,0.18848730623722076,0.5764899253845215,0.6489501595497131,1.4139273911714554
2152,0.20382660627365112,0.534612774848938,0.6048694849014282,1.3433088660240173
2153,0.15119388699531555,0.5438758134841919,0.5987763404846191,1.2938460409641266
2154,0.15908491611480713,0.45332083106040955,0.5262665152549744,1.138672262430191
2155,0.20264331996440887,0.49286097288131714,0.5968670845031738,1.2923713773488998
2156,0.22718168795108795,0.6848175525665283,0.5787349939346313,1.4907342344522476
2157,0.1830904185771942,0.6220338940620422,0.5456557273864746,1.350780040025711
2158,0.17380166053771973,0.6675328612327576,0.6041399240493774,1.4454744458198547
2159,0.18332943320274353,0.6241587996482849,0.5942559838294983,1.4017442166805267
2160,0.2380920648574829,0.7902910709381104,0.7747553586959839,1.8031384944915771
2161,0.16519738733768463,0.30628687143325806,0.4014917314052582,0.8729759901762009
2162,0.16857700049877167,0.46523502469062805,0.5478425621986389,1.1816545873880386
2163,0.1935805231332779,0.5117429494857788,0.5273844599723816,1.2327079325914383
2164,0.12042304873466492,0.46616023778915405,0.46340930461883545,1.0499925911426544
2165,0.21185101568698883,0.7918108105659485,0.6253161430358887,1.628977969288826
2166,0.22807516157627106,0.9048943519592285,0.7390382289886475,1.872007742524147
2167,0.23067623376846313,0.8009156584739685,0.670386791229248,1.7019786834716797
2168,0.2347838580608368,0.6218879222869873,0.646411120891571,1.5030829012393951
2169,0.17036199569702148,0.4019961655139923,0.48838570713996887,1.0607438683509827
2170,0.15392225980758667,0.5157507061958313,0.5207648873329163,1.1904378533363342
2171,0.19256305694580078,0.6275627017021179,0.5645403861999512,1.3846661448478699
2172,0.1813017725944519,0.7173656821250916,0.5760816335678101,1.4747490882873535
2173,0.2536115348339081,0.8251501321792603,0.6611742973327637,1.739935964345932
2174,0.19292940199375153,0.7925077080726624,0.6600903868675232,1.645527496933937
2175,0.2576819956302643,0.7946491837501526,0.6922598481178284,1.7445910274982452
2176,0.16785480082035065,0.5343024730682373,0.5192418694496155,1.2213991433382034
2177,0.14177162945270538,0.42054539918899536,0.4285343587398529,0.9908513873815536
2178,0.17927047610282898,0.5018463730812073,0.47548410296440125,1.1566009521484375
2179,0.1648457646369934,0.6771379709243774,0.5437727570533752,1.385756492614746
2180,0.16103047132492065,0.582615852355957,0.5043253302574158,1.2479716539382935
2181,0.17612843215465546,0.5799422860145569,0.5289649963378906,1.285035714507103
2182,0.21643994748592377,0.7749665975570679,0.6674085855484009,1.6588151305913925
2183,0.18917931616306305,0.5387752056121826,0.5796747803688049,1.3076293021440506
2184,0.1808881163597107,0.5065110325813293,0.5949641466140747,1.2823632955551147
2185,0.20834091305732727,0.5071309804916382,0.534960150718689,1.2504320442676544
2186,0.2070140242576599,0.6068361401557922,0.5783079862594604,1.3921581506729126
2187,0.174817755818367,0.5425272583961487,0.52780681848526,1.2451518326997757
2188,0.2508503198623657,0.8971238136291504,0.7240375876426697,1.8720117211341858
2189,0.16319549083709717,0.46356847882270813,0.4581686854362488,1.084932655096054
2190,0.20004214346408844,0.5262340903282166,0.5140151977539062,1.2402914315462112
2191,0.23000244796276093,0.7263844013214111,0.6787880659103394,1.6351749151945114
2192,0.19782654941082,0.49349987506866455,0.5010453462600708,1.1923717707395554
2193,0.2396172285079956,0.75471031665802,0.7326620221138,1.7269895672798157
2194,0.13610124588012695,0.5248638391494751,0.5423009991645813,1.2032660841941833
2195,0.15856513381004333,0.4918811619281769,0.4772109389305115,1.1276572346687317
2196,0.18337999284267426,0.7462475895881653,0.6724057793617249,1.6020333617925644
2197,0.1358678936958313,0.46906474232673645,0.4573168456554413,1.062249481678009
2198,0.15915542840957642,0.4994671940803528,0.5296363830566406,1.1882590055465698
2199,0.21540114283561707,0.6007390022277832,0.5950427651405334,1.4111829102039337
2200,0.10835587233304977,0.42755189538002014,0.502121090888977,1.038028858602047
2201,0.17899787425994873,0.5624638795852661,0.5460382103919983,1.2874999642372131
2202,0.16843333840370178,0.5219923257827759,0.5658003687858582,1.2562260329723358
2203,0.22207099199295044,0.5703028440475464,0.5749037265777588,1.3672775626182556
2204,0.16203740239143372,0.5483852028846741,0.5948060154914856,1.3052286207675934
2205,0.17713281512260437,0.5759044885635376,0.5363123416900635,1.2893496453762054
2206,0.2087887078523636,0.6475160717964172,0.6659777760505676,1.5222825556993484
2207,0.21719419956207275,0.6442561745643616,0.7201664447784424,1.5816168189048767
2208,0.2406732738018036,0.7531802654266357,0.7280755639076233,1.7219291031360626
2209,0.18156962096691132,0.4847598671913147,0.55108642578125,1.217415913939476
2210,0.17196165025234222,0.47152477502822876,0.5409680008888245,1.1844544261693954
2211,0.19228173792362213,0.6348321437835693,0.6529486179351807,1.4800624996423721
2212,0.22835345566272736,0.5331279039382935,0.5729899406433105,1.3344713002443314
2213,0.19970719516277313,0.5288305282592773,0.5339326858520508,1.2624704092741013
2214,0.19092291593551636,0.715022087097168,0.7460209727287292,1.6519659757614136
2215,0.16655182838439941,0.5015694499015808,0.5782561898231506,1.2463774681091309
2216,0.14601726830005646,0.43779322504997253,0.5171376466751099,1.1009481400251389
2217,0.13435162603855133,0.3538316786289215,0.4221099317073822,0.910293236374855
2218,0.1847538948059082,0.5162099599838257,0.5675716996192932,1.268535554409027
2219,0.20858177542686462,0.5422235131263733,0.5599982738494873,1.3108035624027252
2220,0.1284562200307846,0.35991042852401733,0.39138877391815186,0.8797554224729538
2221,0.19634684920310974,0.5812195539474487,0.6105796098709106,1.3881460130214691
2222,0.215322807431221,0.5423352718353271,0.6016140580177307,1.3592721372842789
2223,0.17012149095535278,0.37971824407577515,0.48663225769996643,1.0364719927310944
2224,0.19477343559265137,0.5469539165496826,0.6700384020805359,1.4117657542228699
2225,0.20495527982711792,0.5921962261199951,0.6326415538787842,1.4297930598258972
2226,0.1268533170223236,0.37439072132110596,0.4565081000328064,0.957752138376236
2227,0.15118317306041718,0.5238931179046631,0.5406692028045654,1.2157454937696457
2228,0.16395902633666992,0.4101299047470093,0.5025416612625122,1.0766305923461914
2229,0.19881479442119598,0.4730488657951355,0.5431196093559265,1.214983269572258
2230,0.2507033050060272,0.6960102319717407,0.772807240486145,1.719520777463913
2231,0.1382378339767456,0.3605019748210907,0.47983258962631226,0.9785723984241486
2232,0.179841086268425,0.5006399154663086,0.60653156042099,1.2870125621557236
2233,0.18502570688724518,0.47933682799339294,0.5597604513168335,1.2241229861974716
2234,0.16339074075222015,0.41112834215164185,0.5697904229164124,1.1443095058202744
2235,0.15070533752441406,0.38947388529777527,0.4748913645744324,1.0150705873966217
2236,0.22239232063293457,0.46923187375068665,0.5554085373878479,1.2470327317714691
2237,0.22640617191791534,0.5135530829429626,0.6404706835746765,1.3804299384355545
2238,0.16759531199932098,0.5731269717216492,0.6723204255104065,1.4130427092313766
2239,0.15271833539009094,0.49389582872390747,0.6258240342140198,1.2724381983280182
2240,0.1577938348054886,0.5009146332740784,0.5625619888305664,1.2212704569101334
2241,0.16251057386398315,0.5497581958770752,0.5977874994277954,1.3100562691688538
2242,0.21131528913974762,0.6332947015762329,0.6846500635147095,1.52926005423069
2243,0.1386220008134842,0.39730677008628845,0.5495024919509888,1.0854312628507614
2244,0.18903228640556335,0.5523383617401123,0.642849862575531,1.3842205107212067
2245,0.1914331465959549,0.5064436793327332,0.5758005976676941,1.2736774235963821
2246,0.1770431399345398,0.5613471269607544,0.6392624378204346,1.3776527047157288
2247,0.17421945929527283,0.4182989299297333,0.5497568249702454,1.1422752141952515
2248,0.15414981544017792,0.3860076367855072,0.46866822242736816,1.0088256746530533
2249,0.17437459528446198,0.5883066654205322,0.6234456300735474,1.3861268907785416
2250,0.17586196959018707,0.5110265612602234,0.5808640718460083,1.2677526026964188
2251,0.21109852194786072,0.6467283368110657,0.6814542412757874,1.5392811000347137
2252,0.15741164982318878,0.44893878698349,0.5626950263977051,1.1690454632043839
2253,0.1784839928150177,0.39271169900894165,0.5254108905792236,1.096606582403183
2254,0.17943379282951355,0.6942123770713806,0.7126614451408386,1.5863076150417328
2255,0.144910529255867,0.535200834274292,0.5656331181526184,1.2457444816827774
2256,0.22971126437187195,0.606324315071106,0.5947010517120361,1.430736631155014
2257,0.174765944480896,0.524006724357605,0.5839509963989258,1.2827236652374268
2258,0.20153199136257172,0.5243076086044312,0.6050311923027039,1.3308707922697067
2259,0.15058034658432007,0.4496406018733978,0.515084445476532,1.1153053939342499
2260,0.1587260514497757,0.44613680243492126,0.5038515329360962,1.1087143868207932
2261,0.14247386157512665,0.4569030702114105,0.511054515838623,1.1104314476251602
2262,0.16467829048633575,0.57525634765625,0.5847094655036926,1.3246441036462784
2263,0.19529399275779724,0.6539386510848999,0.626232385635376,1.4754650294780731
2264,0.15596069395542145,0.4464397430419922,0.49438580870628357,1.0967862457036972
2265,0.1718597710132599,0.4878618121147156,0.5624134540557861,1.2221350371837616
2266,0.1906665414571762,0.4702611267566681,0.561145007610321,1.2220726758241653
2267,0.18412184715270996,0.5307123064994812,0.5638788938522339,1.278713047504425
2268,0.14993669092655182,0.5105975866317749,0.5576164126396179,1.2181506901979446
2269,0.14982445538043976,0.6084763407707214,0.5541216135025024,1.3124224096536636
2270,0.19184759259223938,0.6250349879264832,0.5870402455329895,1.403922826051712
2271,0.163499653339386,0.5290846228599548,0.5086978673934937,1.2012821435928345
2272,0.21920397877693176,0.5563867092132568,0.6391555666923523,1.414746254682541
2273,0.18650059401988983,0.4311034679412842,0.5360514521598816,1.1536555141210556
2274,0.2458120733499527,0.6049307584762573,0.6276611089706421,1.4784039407968521
2275,0.18789733946323395,0.6646040678024292,0.6567418575286865,1.5092432647943497
2276,0.14936335384845734,0.5824378728866577,0.5527628064155579,1.284564033150673
2277,0.1790488213300705,0.66884845495224,0.6102082133293152,1.4581054896116257
2278,0.17388543486595154,0.5600705146789551,0.5481081008911133,1.28206405043602
2279,0.21991711854934692,0.7063264846801758,0.682585597038269,1.6088292002677917
2280,0.23261979222297668,0.5920295715332031,0.6489282250404358,1.4735775887966156
2281,0.17087110877037048,0.482527494430542,0.548186182975769,1.2015847861766815
2282,0.18117432296276093,0.5488169193267822,0.5666361451148987,1.2966273874044418
2283,0.12847600877285004,0.3605603575706482,0.40785282850265503,0.8968891948461533
2284,0.18315686285495758,0.745229184627533,0.645689845085144,1.5740758925676346
2285,0.1528255194425583,0.6499192118644714,0.5173056125640869,1.3200503438711166
2286,0.1761447787284851,0.6914635300636292,0.5931978225708008,1.460806131362915
2287,0.20076164603233337,0.6787129640579224,0.675155520439148,1.5546301305294037
2288,0.17518018186092377,0.5612246990203857,0.583885669708252,1.3202905505895615
2289,0.12778723239898682,0.38669970631599426,0.4811026453971863,0.9955895841121674
2290,0.1217554435133934,0.4703284204006195,0.5129397511482239,1.1050236150622368
2291,0.13488702476024628,0.4689866900444031,0.5101250410079956,1.113998755812645
2292,0.20932400226593018,0.7354758977890015,0.6724852323532104,1.617285132408142
2293,0.1452796459197998,0.6599326133728027,0.5728892683982849,1.3781015276908875
2294,0.19844499230384827,0.5365284085273743,0.5542378425598145,1.289211243391037
2295,0.14885590970516205,0.547792375087738,0.5637105107307434,1.2603587955236435
2296,0.11950216442346573,0.4022126793861389,0.45367422699928284,0.9753890708088875
2297,0.20212344825267792,0.6316948533058167,0.6938664317131042,1.5276847332715988
2298,0.16432669758796692,0.5002298355102539,0.5938379168510437,1.2583944499492645
2299,0.19114604592323303,0.6057660579681396,0.6607421636581421,1.4576542675495148
2300,0.14486393332481384,0.511737585067749,0.5767223834991455,1.2333239018917084
2301,0.21448662877082825,0.6573633551597595,0.6541001796722412,1.525950163602829
2302,0.18350157141685486,0.7569576501846313,0.7334057092666626,1.6738649308681488
2303,0.21926231682300568,0.7170599699020386,0.7284489870071411,1.6647712737321854
2304,0.18314281105995178,0.47193872928619385,0.568297266960144,1.2233788073062897
2305,0.1509094089269638,0.45216065645217896,0.5439810752868652,1.147051140666008
2306,0.20286613702774048,0.5811372995376587,0.560992419719696,1.3449958562850952
2307,0.17761649191379547,0.7324767708778381,0.6832043528556824,1.593297615647316
2308,0.23439407348632812,0.7219626903533936,0.6477192044258118,1.6040759682655334
2309,0.18471740186214447,0.6334894895553589,0.601586103439331,1.4197929948568344
2310,0.18254314363002777,0.6126300692558289,0.5967403054237366,1.3919135183095932
2311,0.12949217855930328,0.43854162096977234,0.5254334807395935,1.0934672802686691
2312,0.19179296493530273,0.5182313919067383,0.5989498496055603,1.3089742064476013
2313,0.23532408475875854,0.6313934922218323,0.5728899240493774,1.4396075010299683
2314,0.1757497638463974,0.5330033898353577,0.5444214940071106,1.2531746476888657
2315,0.1840498000383377,0.5731081962585449,0.6035932302474976,1.3607512265443802
2316,0.19414068758487701,0.6086798906326294,0.5931845903396606,1.396005168557167
2317,0.23239953815937042,0.8696921467781067,0.7771037220954895,1.8791954070329666
2318,0.15592162311077118,0.368262380361557,0.4014987051486969,0.9256827086210251
2319,0.17637832462787628,0.5643634796142578,0.5515413880348206,1.2922831922769547
2320,0.1834510713815689,0.5238099098205566,0.5307836532592773,1.238044634461403
2321,0.13341931998729706,0.41905033588409424,0.4660286605358124,1.0184983164072037
2322,0.20548203587532043,0.6560027003288269,0.6267727017402649,1.4882574379444122
2323,0.24458438158035278,0.8021166920661926,0.7435657978057861,1.7902668714523315
2324,0.20373712480068207,0.7554760575294495,0.6714307069778442,1.6306438893079758
2325,0.21242669224739075,0.8052380084991455,0.6499210000038147,1.667585700750351
2326,0.16595740616321564,0.5630665421485901,0.49252790212631226,1.221551850438118
2327,0.16441068053245544,0.4692617654800415,0.5240143537521362,1.1576867997646332
2328,0.21279582381248474,0.4388118386268616,0.5662623047828674,1.2178699672222137
2329,0.17015470564365387,0.4716905653476715,0.5731123685836792,1.2149576395750046
2330,0.25925150513648987,0.6454581022262573,0.6561768054962158,1.560886412858963
2331,0.19042566418647766,0.7484409213066101,0.6555812358856201,1.5944478213787079
2332,0.2649024724960327,0.8467341065406799,0.6884713172912598,1.8001078963279724
2333,0.169733926653862,0.6476258635520935,0.5150411128997803,1.3324009031057358
2334,0.1655421108007431,0.47938045859336853,0.42714041471481323,1.0720629841089249
2335,0.16889728605747223,0.4758737087249756,0.4776621460914612,1.122433140873909
2336,0.17674683034420013,0.44664543867111206,0.5430648922920227,1.166457161307335
2337,0.1840406060218811,0.45415836572647095,0.5088058114051819,1.147004783153534
2338,0.15685902535915375,0.504905641078949,0.5320506691932678,1.1938153356313705
2339,0.20837096869945526,0.8143576383590698,0.6686874032020569,1.691416010260582
2340,0.1817287653684616,0.6128833293914795,0.5773435235023499,1.371955618262291
2341,0.17359234392642975,0.6174042820930481,0.5945847630500793,1.3855813890695572
2342,0.21367402374744415,0.508112907409668,0.5332210063934326,1.2550079375505447
2343,0.21545538306236267,0.4869987666606903,0.5785366892814636,1.2809908390045166
2344,0.2017156481742859,0.45427557826042175,0.5241888165473938,1.1801800429821014
2345,0.2159062772989273,0.7732349634170532,0.7187900543212891,1.7079312950372696
2346,0.1634625494480133,0.4458812177181244,0.45216289162635803,1.0615066587924957
2347,0.18897563219070435,0.5713735222816467,0.5092613697052002,1.2696105241775513
2348,0.239704892039299,0.7357556223869324,0.6710625290870667,1.646523043513298
2349,0.19956259429454803,0.49778643250465393,0.5029867887496948,1.2003358155488968
2350,0.2776714265346527,0.7065491080284119,0.7319185137748718,1.7161390483379364
2351,0.15378735959529877,0.5415981411933899,0.5448172688484192,1.2402027696371078
2352,0.13218377530574799,0.4963437020778656,0.4743258059024811,1.1028532832860947
2353,0.2218099683523178,0.7238373756408691,0.6731448173522949,1.6187921613454819
2354,0.1358107477426529,0.5575981140136719,0.4576166868209839,1.1510255485773087
2355,0.1712414026260376,0.43724825978279114,0.5258049368858337,1.1342945992946625
2356,0.19629082083702087,0.5916093587875366,0.5929557085037231,1.3808558881282806
2357,0.11860880255699158,0.41938599944114685,0.5028159618377686,1.040810763835907
2358,0.1875835806131363,0.5064224600791931,0.5449125170707703,1.2389185577630997
2359,0.14764995872974396,0.46595311164855957,0.5613940954208374,1.174997165799141
2360,0.18621256947517395,0.5313395857810974,0.5709211826324463,1.2884733378887177
2361,0.1353643834590912,0.5259804725646973,0.5911558270454407,1.2525006830692291
2362,0.1475370079278946,0.5254029631614685,0.531653642654419,1.204593613743782
2363,0.2064976990222931,0.682999849319458,0.6643944978713989,1.55389204621315
2364,0.19678325951099396,0.7039961814880371,0.7252741456031799,1.626053586602211
2365,0.22310025990009308,0.7478023767471313,0.7295000553131104,1.7004026919603348
2366,0.19344757497310638,0.5063722133636475,0.5538127422332764,1.2536325305700302
2367,0.16729487478733063,0.5393863320350647,0.5459650754928589,1.2526462823152542
2368,0.19462555646896362,0.678050696849823,0.6533862352371216,1.5260624885559082
2369,0.18792086839675903,0.5678147077560425,0.5728116035461426,1.328547179698944
2370,0.17905305325984955,0.5822792649269104,0.5335965752601624,1.2949288934469223
2371,0.1949985772371292,0.7691218852996826,0.7469128966331482,1.71103335916996
2372,0.20122607052326202,0.5142407417297363,0.5793519616127014,1.2948187738656998
2373,0.14637558162212372,0.47370460629463196,0.5217646956443787,1.1418448835611343
2374,0.11425001174211502,0.35902005434036255,0.42416074872016907,0.8974308148026466
2375,0.1553768515586853,0.536156177520752,0.5687450170516968,1.260278046131134
2376,0.17168046534061432,0.607170820236206,0.5648331046104431,1.3436843901872635
2377,0.11549310386180878,0.3639737665653229,0.38968369364738464,0.8691505640745163
2378,0.17113514244556427,0.6237189173698425,0.6128881573677063,1.407742217183113
2379,0.18852466344833374,0.6001900434494019,0.6068965792655945,1.39561128616333
2380,0.1723344326019287,0.4142417907714844,0.49080145359039307,1.0773776769638062
2381,0.22314058244228363,0.5577995181083679,0.666642963886261,1.4475830644369125
2382,0.20056496560573578,0.5968824625015259,0.6349710822105408,1.4324185103178024
2383,0.15055659413337708,0.2921854257583618,0.45589715242385864,0.8986391723155975
2384,0.16034483909606934,0.4462472200393677,0.5382577776908875,1.1448498368263245
2385,0.1542755365371704,0.4033902585506439,0.5053359866142273,1.0630017817020416
2386,0.16052983701229095,0.4610736668109894,0.5393602252006531,1.1609637290239334
2387,0.2263871133327484,0.7459753155708313,0.7730185389518738,1.7453809678554535
2388,0.12714385986328125,0.40835633873939514,0.4813796281814575,1.016879826784134
2389,0.15455836057662964,0.5423674583435059,0.6073158979415894,1.3042417168617249
2390,0.15991483628749847,0.42629408836364746,0.5559728145599365,1.1421817392110825
2391,0.17108242213726044,0.37298864126205444,0.5697545409202576,1.1138256043195724
2392,0.14431865513324738,0.37285974621772766,0.47516220808029175,0.9923406094312668
2393,0.250047504901886,0.44780856370925903,0.5584391951560974,1.2562952637672424
2394,0.20883509516716003,0.5173686742782593,0.6411423087120056,1.367346078157425
2395,0.20243385434150696,0.5989781022071838,0.6692206263542175,1.4706325829029083
2396,0.17917560040950775,0.47939011454582214,0.6233060359954834,1.2818717509508133
2397,0.15936444699764252,0.46095263957977295,0.5621658563613892,1.1824829429388046
2398,0.1905694454908371,0.48365479707717896,0.5948795080184937,1.2691037505865097
2399,0.19048015773296356,0.6075184941291809,0.6834134459495544,1.481412097811699
2400,0.14934056997299194,0.41417956352233887,0.5504437685012817,1.1139639019966125
2401,0.2014361321926117,0.5835670232772827,0.6457511186599731,1.4307542741298676
2402,0.19177106022834778,0.5257114768028259,0.5766919255256653,1.294174462556839
2403,0.16268712282180786,0.5111850500106812,0.6361985206604004,1.3100706934928894
2404,0.22445693612098694,0.39819252490997314,0.5488788485527039,1.171528309583664
2405,0.15708695352077484,0.3421565890312195,0.46688520908355713,0.9661287516355515
2406,0.16779688000679016,0.5070977807044983,0.6225159168243408,1.2974105775356293
2407,0.20215152204036713,0.4653245806694031,0.5809161067008972,1.2483922094106674
2408,0.21706520020961761,0.630932629108429,0.6806438565254211,1.5286416858434677
2409,0.152693510055542,0.4917333722114563,0.5614193081855774,1.2058461904525757
2410,0.14326804876327515,0.43867039680480957,0.5263218879699707,1.1082603335380554
2411,0.16880562901496887,0.6651399731636047,0.70723956823349,1.5411851704120636
2412,0.14843487739562988,0.4644981622695923,0.5668046474456787,1.1797376871109009
2413,0.23615755140781403,0.5181781649589539,0.593268632888794,1.3476043492555618
2414,0.16010062396526337,0.5677395462989807,0.5839329957962036,1.3117731660604477
2415,0.17270347476005554,0.633591890335083,0.6044173836708069,1.4107127487659454
2416,0.14607566595077515,0.5827658772468567,0.5150070190429688,1.2438485622406006
2417,0.12509796023368835,0.5456753373146057,0.5030112266540527,1.1737845242023468
2418,0.14078176021575928,0.4617410898208618,0.5105566382408142,1.1130794882774353
2419,0.15704582631587982,0.49863529205322266,0.5808519124984741,1.2365330308675766
2420,0.19203731417655945,0.5426093339920044,0.6232218146324158,1.3578684628009796
2421,0.14136488735675812,0.4116370677947998,0.4934964179992676,1.0464983731508255
2422,0.14892417192459106,0.5515648126602173,0.5626604557037354,1.2631494402885437
2423,0.16964969038963318,0.6151867508888245,0.5617104172706604,1.346546858549118
2424,0.15109200775623322,0.5838539004325867,0.5606248378753662,1.295570746064186
2425,0.13206744194030762,0.5003138780593872,0.5565840601921082,1.188965380191803
2426,0.15261203050613403,0.4783823788166046,0.5503036975860596,1.1812981069087982
2427,0.15928915143013,0.4488838016986847,0.5795798897743225,1.1877528429031372
2428,0.1284831166267395,0.4652586579322815,0.5025021433830261,1.0962439179420471
2429,0.16672596335411072,0.5961787700653076,0.6361256837844849,1.3990304172039032
2430,0.15238599479198456,0.5537030696868896,0.5362208485603333,1.2423099130392075
2431,0.23979498445987701,0.6399040222167969,0.6277271509170532,1.5074261575937271
2432,0.17340217530727386,0.5989739894866943,0.658298909664154,1.4306750744581223
2433,0.1580246239900589,0.45602235198020935,0.551476001739502,1.1655229777097702
2434,0.21852821111679077,0.5087052583694458,0.6058963537216187,1.3331298232078552
2435,0.15243001282215118,0.5466551184654236,0.5468482971191406,1.2459334284067154
2436,0.20400531589984894,0.76801997423172,0.6750884056091309,1.6471136957406998
2437,0.18706874549388885,0.7221183776855469,0.6443489193916321,1.5535360425710678
2438,0.15766127407550812,0.653592586517334,0.5454581379890442,1.3567119985818863
2439,0.1971747726202011,0.6285282373428345,0.5707995295524597,1.3965025395154953
2440,0.14576826989650726,0.3226718008518219,0.4079049527645111,0.8763450235128403
2441,0.17374151945114136,0.5406890511512756,0.6460368037223816,1.3604673743247986
2442,0.14203593134880066,0.40120288729667664,0.5163244605064392,1.0595632791519165
2443,0.176198348402977,0.588057816028595,0.5902871489524841,1.354543313384056
2444,0.2022823691368103,0.7474825978279114,0.6748220920562744,1.624587059020996
2445,0.1967407613992691,0.661209762096405,0.5861000418663025,1.4440505653619766
2446,0.14403444528579712,0.4843517541885376,0.48134157061576843,1.1097277700901031
2447,0.14092586934566498,0.499889999628067,0.5154353976249695,1.1562512665987015
2448,0.1595374196767807,0.450238972902298,0.5114261507987976,1.1212025433778763
2449,0.25363287329673767,0.6333770751953125,0.6691274642944336,1.5561374127864838
2450,0.15547502040863037,0.5717249512672424,0.5708462595939636,1.2980462312698364
2451,0.21960322558879852,0.498687744140625,0.5520333647727966,1.2703243345022202
2452,0.17712748050689697,0.5357593894004822,0.5602027773857117,1.2730896472930908
2453,0.12743015587329865,0.41432297229766846,0.4485848546028137,0.9903379827737808
2454,0.1963128000497818,0.6809968948364258,0.6892178058624268,1.5665275007486343
2455,0.16315823793411255,0.5356600284576416,0.5857550501823425,1.2845733165740967
2456,0.16610246896743774,0.5816584229469299,0.6589053273200989,1.4066662192344666
2457,0.15327101945877075,0.4628024101257324,0.5783493518829346,1.1944227814674377
2458,0.20838752388954163,0.5604406595230103,0.6534923911094666,1.4223205745220184
2459,0.17901527881622314,0.7083717584609985,0.7339338064193726,1.6213208436965942
2460,0.20293429493904114,0.7467567920684814,0.7254468202590942,1.6751379072666168
2461,0.18118371069431305,0.5359928011894226,0.5670740008354187,1.2842505127191544
2462,0.17118681967258453,0.5158054232597351,0.5448252558708191,1.2318174988031387
2463,0.19477543234825134,0.4972166121006012,0.5597245097160339,1.2517165541648865
2464,0.16124515235424042,0.6049978137016296,0.6807848811149597,1.4470278471708298
2465,0.16754856705665588,0.5976459980010986,0.6484619975090027,1.4136565625667572
2466,0.23040401935577393,0.5452669262886047,0.6045837998390198,1.3802547454833984
2467,0.14878910779953003,0.6158550977706909,0.5957767963409424,1.3604210019111633
2468,0.15670420229434967,0.5383349657058716,0.523945152759552,1.2189843207597733
2469,0.19041962921619415,0.5791736245155334,0.5957654118537903,1.3653586655855179
2470,0.16969016194343567,0.5565673112869263,0.5740365386009216,1.3002940118312836
2471,0.1388603150844574,0.42984768748283386,0.5424280166625977,1.111136019229889
2472,0.15151268243789673,0.4800080955028534,0.6006379127502441,1.2321586906909943
2473,0.15886342525482178,0.5017563700675964,0.5910605788230896,1.2516803741455078
2474,0.2534274458885193,0.7829065918922424,0.7733993530273438,1.8097333908081055
2475,0.14929550886154175,0.3311462700366974,0.4004727602005005,0.8809145390987396
2476,0.1504371464252472,0.5268486142158508,0.5466268658638,1.223912626504898
2477,0.192417711019516,0.5327135920524597,0.5259567499160767,1.2510880529880524
2478,0.12726642191410065,0.4383513927459717,0.45967069268226624,1.0252885073423386
2479,0.19217601418495178,0.6168772578239441,0.6232287287712097,1.4322820007801056
2480,0.19817833602428436,0.6738215684890747,0.7349750995635986,1.6069750040769577
2481,0.1854313313961029,0.578778088092804,0.6669067144393921,1.431116133928299
2482,0.2103121131658554,0.5817432403564453,0.6417202949523926,1.4337756484746933
2483,0.1451399326324463,0.4739561378955841,0.4880196154117584,1.1071156859397888
2484,0.15972211956977844,0.5156872272491455,0.5237852931022644,1.1991946399211884
2485,0.21475981175899506,0.5314536094665527,0.5640063881874084,1.3102198094129562
2486,0.15387855470180511,0.6080362200737,0.5756768584251404,1.3375916332006454
2487,0.21431569755077362,0.5970351696014404,0.6551527976989746,1.4665036648511887
2488,0.15727870166301727,0.5860940217971802,0.654814600944519,1.3981873244047165
2489,0.2181994765996933,0.691146731376648,0.6876669526100159,1.5970131605863571
2490,0.18268448114395142,0.5330119132995605,0.5143707990646362,1.2300671935081482
2491,0.14930392801761627,0.43388184905052185,0.42482420802116394,1.008009985089302
2492,0.1680298000574112,0.5372567176818848,0.4763813316822052,1.1816678494215012
2493,0.15222793817520142,0.5290243625640869,0.5416816473007202,1.2229339480400085
2494,0.18017882108688354,0.4837978482246399,0.5039781332015991,1.1679548025131226
2495,0.19753096997737885,0.5116006135940552,0.5309934020042419,1.240124985575676
2496,0.20472942292690277,0.6736028790473938,0.6680068969726562,1.5463391989469528
2497,0.16231857240200043,0.49164214730262756,0.5782051682472229,1.232165887951851
2498,0.14943142235279083,0.515574038028717,0.5956804752349854,1.2606859356164932
2499,0.1643223762512207,0.5262821316719055,0.5323271155357361,1.2229316234588623
2500,0.1923714429140091,0.5465750694274902,0.5750354528427124,1.3139819651842117
2501,0.1749958097934723,0.4606795608997345,0.522447407245636,1.1581227779388428
2502,0.20564258098602295,0.6833603978157043,0.7185485363006592,1.6075515151023865
2503,0.12579551339149475,0.3426148593425751,0.4515169560909271,0.919927328824997
2504,0.16448217630386353,0.46062931418418884,0.5089237689971924,1.1340352594852448
2505,0.2240419238805771,0.648781955242157,0.6695523858070374,1.5423762649297714
2506,0.17879724502563477,0.49550628662109375,0.4989163279533386,1.1732198596000671
2507,0.21313294768333435,0.7140980362892151,0.7252049446105957,1.6524359285831451
2508,0.14296704530715942,0.5682125687599182,0.5393649339675903,1.250544548034668
2509,0.12371429800987244,0.4099157452583313,0.4715777337551117,1.0052077770233154
2510,0.18454056978225708,0.5899994373321533,0.6704984903335571,1.4450384974479675
2511,0.13056598603725433,0.5350807905197144,0.46708035469055176,1.1327271312475204
2512,0.1520090401172638,0.4073760509490967,0.5289946794509888,1.0883797705173492
2513,0.18728007376194,0.541606605052948,0.5875709056854248,1.3164575845003128
2514,0.10442505776882172,0.47169122099876404,0.5023449659347534,1.0784612447023392
2515,0.1863149255514145,0.549074113368988,0.5471484065055847,1.2825374454259872
2516,0.15838374197483063,0.46628403663635254,0.5612002611160278,1.185868039727211
2517,0.197691410779953,0.4770684838294983,0.5708083510398865,1.2455682456493378
2518,0.18265683948993683,0.5086983442306519,0.5929353833198547,1.2842905670404434
2519,0.15631680190563202,0.48707327246665955,0.5310423374176025,1.174432411789894
2520,0.22049689292907715,0.6542510390281677,0.6656085848808289,1.5403565168380737
2521,0.16874408721923828,0.7060710191726685,0.7235827445983887,1.5983978509902954
2522,0.21888116002082825,0.7964266538619995,0.7300916910171509,1.7453995048999786
2523,0.17135263979434967,0.559927761554718,0.5550674200057983,1.286347821354866
2524,0.16412676870822906,0.48491978645324707,0.5426108241081238,1.1916573792696
2525,0.24143746495246887,0.6713168621063232,0.6581780910491943,1.5709324181079865
2526,0.17218904197216034,0.5362364649772644,0.5694975256919861,1.2779230326414108
2527,0.19223764538764954,0.5062880516052246,0.5313127636909485,1.2298384606838226
2528,0.20677022635936737,0.7645134329795837,0.7436257004737854,1.7149093598127365
2529,0.16924220323562622,0.5765187740325928,0.5758757591247559,1.3216367363929749
2530,0.16874921321868896,0.5300871133804321,0.5198856592178345,1.2187219858169556
2531,0.12681594491004944,0.36682426929473877,0.4213089942932129,0.9149492084980011
2532,0.14527472853660583,0.547737181186676,0.5676851272583008,1.2606970369815826
2533,0.16685770452022552,0.5636001229286194,0.5581996440887451,1.28865747153759
2534,0.1016399934887886,0.3615991473197937,0.38932302594184875,0.8525621667504311
2535,0.1578335165977478,0.6090142726898193,0.6076295971870422,1.3744773864746094
2536,0.16872890293598175,0.660542905330658,0.6010751724243164,1.4303469806909561
2537,0.14934520423412323,0.4740053713321686,0.4873824715614319,1.1107330471277237
2538,0.22883844375610352,0.6149854063987732,0.6682757139205933,1.51209956407547
2539,0.19747722148895264,0.6349197626113892,0.6344602108001709,1.4668571949005127
2540,0.12868937849998474,0.3819877505302429,0.46075764298439026,0.9714347720146179
2541,0.15015670657157898,0.5148852467536926,0.5410844683647156,1.2061264216899872
2542,0.1319998800754547,0.42717424035072327,0.504477858543396,1.063651978969574
2543,0.15658634901046753,0.49283719062805176,0.5436001420021057,1.193023681640625
2544,0.22603286802768707,0.7483280301094055,0.771359384059906,1.7457202821969986
2545,0.11844081431627274,0.4122086465358734,0.4800783097743988,1.010727770626545
2546,0.11890111118555069,0.5393964648246765,0.6035956144332886,1.2618931904435158
2547,0.1519293189048767,0.5066230297088623,0.5594620108604431,1.2180143594741821
2548,0.14593321084976196,0.4623693525791168,0.5710299015045166,1.1793324649333954
2549,0.12092802673578262,0.41009390354156494,0.4754604697227478,1.0064824000000954
2550,0.20739556849002838,0.49865075945854187,0.5593819618225098,1.26542828977108
2551,0.17128771543502808,0.5186257362365723,0.6415473818778992,1.3314608335494995
2552,0.19087542593479156,0.5568384528160095,0.6686047315597534,1.4163186103105545
2553,0.16550995409488678,0.49514666199684143,0.6237739324569702,1.2844305485486984
2554,0.15738990902900696,0.5329787135124207,0.5636118650436401,1.2539804875850677
2555,0.16202951967716217,0.5353464484214783,0.5939744710922241,1.2913504391908646
2556,0.19700998067855835,0.6430832743644714,0.6827831268310547,1.5228763818740845
2557,0.1288643777370453,0.39316728711128235,0.5482101440429688,1.0702418088912964
2558,0.20249608159065247,0.5225871801376343,0.6423895359039307,1.3674727976322174
2559,0.19448158144950867,0.4677419066429138,0.5763536095619202,1.2385770976543427
2560,0.1659584492444992,0.543190598487854,0.636580765247345,1.3457298129796982
2561,0.1648891270160675,0.4683009684085846,0.5506471991539001,1.1838372945785522
2562,0.13346806168556213,0.4116979241371155,0.46800121665000916,1.0131672024726868
2563,0.17346157133579254,0.5293172597885132,0.624566376209259,1.3273452073335648
2564,0.1702149361371994,0.4785666763782501,0.5794203281402588,1.2282019406557083
2565,0.19477514922618866,0.5567600131034851,0.6784843802452087,1.4300195425748825
2566,0.15349027514457703,0.4361785352230072,0.5618853569030762,1.1515541672706604
2567,0.1409282684326172,0.3926745057106018,0.5264478325843811,1.0600506067276
2568,0.17329050600528717,0.6453348994255066,0.7062682509422302,1.524893656373024
2569,0.13946908712387085,0.4579262137413025,0.5640355348587036,1.161430835723877
2570,0.22401070594787598,0.500229001045227,0.5928239822387695,1.3170636892318726
2571,0.1608077585697174,0.4671650528907776,0.5834717154502869,1.2114445269107819
2572,0.1815551221370697,0.5305911898612976,0.6064068078994751,1.3185531198978424
2573,0.14003761112689972,0.4495019018650055,0.5125633478164673,1.1021028608083725
2574,0.145772784948349,0.44392409920692444,0.503889262676239,1.0935861468315125
2575,0.16265076398849487,0.46368756890296936,0.5082163214683533,1.1345546543598175
2576,0.16351404786109924,0.5833410024642944,0.579396665096283,1.3262517154216766
2577,0.1706373542547226,0.5744182467460632,0.6208194494247437,1.3658750504255295
2578,0.12297994643449783,0.3756600618362427,0.4923883378505707,0.9910283461213112
2579,0.1266588717699051,0.4378967583179474,0.5607778429985046,1.1253334730863571
2580,0.1479729413986206,0.5190102458000183,0.5608024597167969,1.2277856469154358
2581,0.1326819211244583,0.5049613118171692,0.5602630376815796,1.197906270623207
2582,0.13228553533554077,0.4773719012737274,0.5544800758361816,1.1641375124454498
2583,0.1331910789012909,0.5190371870994568,0.5475338697433472,1.1997621357440948
2584,0.16850446164608002,0.5107089877128601,0.5804064869880676,1.2596199363470078
2585,0.1361677497625351,0.5032244920730591,0.5023407936096191,1.1417330354452133
2586,0.1758754998445511,0.5807577967643738,0.6368017792701721,1.393435075879097
2587,0.12345409393310547,0.43639421463012695,0.5339395999908447,1.0937879085540771
2588,0.18035615980625153,0.5494838953018188,0.6262643933296204,1.3561044484376907
2589,0.14802157878875732,0.6024608016014099,0.6568475365638733,1.4073299169540405
2590,0.12168543040752411,0.49218282103538513,0.550117015838623,1.1639852672815323
2591,0.1524484008550644,0.6039854288101196,0.6068345308303833,1.3632683604955673
2592,0.15433377027511597,0.48509591817855835,0.545829176902771,1.1852588653564453
2593,0.18166404962539673,0.5742558836936951,0.6731083989143372,1.429028332233429
2594,0.16601182520389557,0.4947756826877594,0.6407224535942078,1.3015099614858627
2595,0.12974552810192108,0.4744269847869873,0.540935754776001,1.1451082676649094
2596,0.1596553921699524,0.5615224242210388,0.5642800331115723,1.2854578495025635
2597,0.12872068583965302,0.32602477073669434,0.40621933341026306,0.8609647899866104
2598,0.17975382506847382,0.6656850576400757,0.6446053981781006,1.49004428088665
2599,0.14403411746025085,0.44501233100891113,0.5154337286949158,1.1044801771640778
2600,0.1518881916999817,0.5088125467300415,0.5892126560211182,1.2499133944511414
2601,0.17197063565254211,0.5444755554199219,0.6737002730369568,1.3901464641094208
2602,0.15971088409423828,0.5675146579742432,0.586280107498169,1.3135056495666504
2603,0.10207805782556534,0.4722849130630493,0.48188871145248413,1.0562516823410988
2604,0.10877420008182526,0.559723973274231,0.5159996151924133,1.1844977885484695
2605,0.11698208004236221,0.490908682346344,0.5108312368392944,1.1187219992280006
2606,0.20698128640651703,0.6252778172492981,0.6705175042152405,1.5027766078710556
2607,0.14833222329616547,0.4760822355747223,0.5688461065292358,1.1932605654001236
2608,0.2064284235239029,0.42093950510025024,0.551884651184082,1.1792525798082352
2609,0.14677713811397552,0.5217118263244629,0.5614017248153687,1.229890689253807
2610,0.11062697321176529,0.39399510622024536,0.45390719175338745,0.9585292711853981
2611,0.15739287436008453,0.7309063673019409,0.6941872835159302,1.5824865251779556
2612,0.13895581662654877,0.5970461964607239,0.5914289355278015,1.3274309486150742
2613,0.14774711430072784,0.6488170623779297,0.6619886755943298,1.4585528522729874
2614,0.14272692799568176,0.5052049160003662,0.5827707052230835,1.2307025492191315
2615,0.18816353380680084,0.5597950220108032,0.6561031341552734,1.4040616899728775
2616,0.1582159698009491,0.7059009671211243,0.7359574437141418,1.6000743806362152
2617,0.17828407883644104,0.656180202960968,0.7294343709945679,1.563898652791977
2618,0.15362459421157837,0.5052992701530457,0.5717851519584656,1.2307090163230896
2619,0.1312132030725479,0.5113756656646729,0.5456722378730774,1.1882611066102982
2620,0.17176553606987,0.6548988223075867,0.5633445978164673,1.390008956193924
2621,0.14454545080661774,0.7526719570159912,0.6864535212516785,1.5836709290742874
2622,0.14512036740779877,0.6092773675918579,0.6499388217926025,1.4043365567922592
2623,0.1938137710094452,0.48170024156570435,0.6057673096656799,1.2812813222408295
2624,0.12019738554954529,0.5505195260047913,0.598162829875946,1.2688797414302826
2625,0.13022635877132416,0.4494131803512573,0.5238873362541199,1.1035268753767014
2626,0.1673588752746582,0.4987483024597168,0.5957719683647156,1.2618791460990906
2627,0.18975993990898132,0.5232959389686584,0.5720797181129456,1.2851355969905853
2628,0.14697732031345367,0.47613725066185,0.5382486581802368,1.1613632291555405
2629,0.15363676846027374,0.5484618544578552,0.5975527167320251,1.2996513396501541
2630,0.14186301827430725,0.4595898687839508,0.5887730121612549,1.190225899219513
2631,0.18741577863693237,0.6233130097389221,0.7699409127235413,1.5806697010993958
2632,0.10293570160865784,0.28451353311538696,0.3995228409767151,0.7869720757007599
2633,0.17046310007572174,0.4456425607204437,0.5451911687850952,1.1612968295812607
2634,0.16760380566120148,0.44200173020362854,0.5245168805122375,1.1341224163770676
2635,0.10609592497348785,0.41230469942092896,0.4590260982513428,0.9774267226457596
2636,0.15962530672550201,0.5753400921821594,0.6198079586029053,1.3547733575105667
2637,0.19167451560497284,0.6589864492416382,0.7359487414360046,1.5866097062826157
2638,0.1744551956653595,0.5656421184539795,0.6653055548667908,1.4054028689861298
2639,0.19047628343105316,0.5521361231803894,0.6424486637115479,1.3850610703229904
2640,0.1379348486661911,0.36659759283065796,0.48502740263938904,0.9895598441362381
2641,0.11599588394165039,0.4023578464984894,0.5190541744232178,1.0374079048633575
2642,0.15810808539390564,0.43298080563545227,0.5614095330238342,1.1524984240531921
2643,0.1149819865822792,0.49401360750198364,0.5705358982086182,1.179531492292881
2644,0.18613111972808838,0.5349907279014587,0.6521917581558228,1.3733136057853699
2645,0.13360285758972168,0.5504034161567688,0.6529500484466553,1.3369563221931458
2646,0.18141359090805054,0.6004747152328491,0.6849733591079712,1.4668616652488708
2647,0.14119073748588562,0.4199897050857544,0.5112086534500122,1.0723890960216522
2648,0.127449169754982,0.31866851449012756,0.42360222339630127,0.8697199076414108
2649,0.13784022629261017,0.4128192067146301,0.47176024317741394,1.0224196761846542
2650,0.12467820197343826,0.4280938506126404,0.5368635654449463,1.089635618031025
2651,0.15012110769748688,0.3699871003627777,0.49728211760520935,1.017390325665474
2652,0.14332593977451324,0.4317488372325897,0.5246351361274719,1.099709913134575
2653,0.1910140961408615,0.6171358823776245,0.6637611985206604,1.4719111770391464
2654,0.1659930795431137,0.4371665418148041,0.5735219120979309,1.1766815334558487
2655,0.1587158441543579,0.41777217388153076,0.5918161869049072,1.168304204940796
2656,0.15809266269207,0.4085623025894165,0.5299289226531982,1.0965838879346848
2657,0.14010033011436462,0.44068899750709534,0.5725462436676025,1.1533355712890625
2658,0.13781027495861053,0.4061324894428253,0.5244855284690857,1.0684282928705215
2659,0.14550548791885376,0.6565934419631958,0.715945303440094,1.5180442333221436
2660,0.11740104854106903,0.3461349606513977,0.45192813873291016,0.9154641479253769
2661,0.1530645340681076,0.4380432963371277,0.5079979300498962,1.0991057604551315
2662,0.21530616283416748,0.6215113401412964,0.6683843731880188,1.5052018761634827
2663,0.2001432627439499,0.42795684933662415,0.4968188405036926,1.1249189525842667
2664,0.18849816918373108,0.5909548997879028,0.7230761647224426,1.5025292336940765
2665,0.129606693983078,0.4677058756351471,0.5365959405899048,1.1339085102081299
2666,0.17372353374958038,0.40122169256210327,0.47017762064933777,1.0451228469610214
2667,0.18736767768859863,0.6621522307395935,0.6660071015357971,1.5155270099639893
2668,0.13873298466205597,0.5605083107948303,0.4568473696708679,1.1560886651277542
2669,0.1379614621400833,0.41126513481140137,0.524346649646759,1.0735732465982437
2670,0.1969480663537979,0.4851989150047302,0.5853754281997681,1.2675224095582962
2671,0.11367418617010117,0.3802463710308075,0.497908353805542,0.9918289110064507
2672,0.1733713299036026,0.558933675289154,0.5461872220039368,1.2784922271966934
2673,0.15178781747817993,0.5304805636405945,0.5599470734596252,1.2422154545783997
2674,0.16952505707740784,0.5589597225189209,0.569053590297699,1.2975383698940277
2675,0.13863131403923035,0.5459617972373962,0.5909383296966553,1.2755314409732819
2676,0.15456245839595795,0.5197470784187317,0.5338885188102722,1.2081980556249619
2677,0.17754490673542023,0.5463094115257263,0.6591444611549377,1.3829987794160843
2678,0.17191480100154877,0.5719868540763855,0.7170946598052979,1.4609963148832321
2679,0.19468708336353302,0.7203784584999084,0.7233341336250305,1.638399675488472
2680,0.15223337709903717,0.5261132717132568,0.5508221983909607,1.2291688472032547
2681,0.13007672131061554,0.5309737324714661,0.5373817682266235,1.1984322220087051
2682,0.1751687377691269,0.7002185583114624,0.6527647972106934,1.5281520932912827
2683,0.16189001500606537,0.5342735052108765,0.5718714594841003,1.2680349797010422
2684,0.16173991560935974,0.49898841977119446,0.5342171788215637,1.194945514202118
2685,0.19937780499458313,0.6603066921234131,0.7431473731994629,1.602831870317459
2686,0.15253868699073792,0.5264852643013,0.5780977606773376,1.2571217119693756
2687,0.11654620617628098,0.47612690925598145,0.5180837512016296,1.110756866633892
2688,0.11577557772397995,0.3689557909965515,0.4207119941711426,0.905443362891674
2689,0.15420372784137726,0.5659064650535583,0.5661128759384155,1.2862230688333511
2690,0.18711233139038086,0.5822439193725586,0.5600712299346924,1.3294274806976318
2691,0.09863726049661636,0.37016561627388,0.3947788178920746,0.863581694662571
2692,0.14520107209682465,0.5985807180404663,0.6077260971069336,1.3515078872442245
2693,0.1621289998292923,0.6026620268821716,0.6015619039535522,1.3663529306650162
2694,0.1356310248374939,0.45786863565444946,0.48696303367614746,1.0804626941680908
2695,0.1851586550474167,0.583389401435852,0.6682655811309814,1.4368136376142502
2696,0.18990764021873474,0.5833132266998291,0.6291061639785767,1.4023270308971405
2697,0.12365880608558655,0.38333624601364136,0.45480233430862427,0.9617973864078522
2698,0.15860578417778015,0.46898210048675537,0.536727249622345,1.1643151342868805
2699,0.14356397092342377,0.47787633538246155,0.5071052312850952,1.1285455375909805
2700,0.18781466782093048,0.53993159532547,0.5438846349716187,1.271630898118019
2701,0.26635661721229553,0.8138857483863831,0.773037314414978,1.8532796800136566
2702,0.13020086288452148,0.43661069869995117,0.48205602169036865,1.0488675832748413
2703,0.15930072963237762,0.5229301452636719,0.6051883101463318,1.2874191850423813
2704,0.16948361694812775,0.43152502179145813,0.5556352138519287,1.1566438525915146
2705,0.16110067069530487,0.4392603039741516,0.5682055354118347,1.1685665100812912
2706,0.1359514445066452,0.4028107225894928,0.47158581018447876,1.0103479772806168
2707,0.1957336813211441,0.5106837749481201,0.5601421594619751,1.2665596157312393
2708,0.20301587879657745,0.6318188905715942,0.6415451765060425,1.4763799458742142
2709,0.18987049162387848,0.6765584349632263,0.6725858449935913,1.539014771580696
2710,0.23856420814990997,0.5525630712509155,0.6260666847229004,1.417193964123726
2711,0.19435641169548035,0.4997595250606537,0.5627583861351013,1.2568743228912354
2712,0.14770549535751343,0.46842870116233826,0.5945825576782227,1.2107167541980743
2713,0.2165064662694931,0.6161989569664001,0.6807874441146851,1.5134928673505783
2714,0.134953573346138,0.43834254145622253,0.548271119594574,1.1215672343969345
2715,0.1664705127477646,0.676213264465332,0.6419801712036133,1.48466394841671
2716,0.15893256664276123,0.584402859210968,0.5757545232772827,1.319089949131012
2717,0.17236697673797607,0.5878998637199402,0.634870171546936,1.3951370120048523
2718,0.16503775119781494,0.4218708872795105,0.549489438533783,1.1363980770111084
2719,0.1186532974243164,0.3598116636276245,0.4672788381576538,0.9457437992095947
2720,0.16240397095680237,0.48208582401275635,0.6243611574172974,1.268850952386856
2721,0.14966660737991333,0.4721437096595764,0.5798176527023315,1.2016279697418213
2722,0.22663386166095734,0.6367247700691223,0.6795646548271179,1.5429232865571976
2723,0.1441856324672699,0.5271172523498535,0.5628232955932617,1.2341261804103851
2724,0.15598157048225403,0.4582105278968811,0.5276895761489868,1.141881674528122
2725,0.168345645070076,0.6907803416252136,0.7068973183631897,1.5660233050584793
2726,0.11550533026456833,0.44889888167381287,0.565430760383606,1.1298349723219872
2727,0.18716585636138916,0.45198893547058105,0.5895024538040161,1.2286572456359863
2728,0.1477673351764679,0.44864147901535034,0.5826178193092346,1.1790266335010529
2729,0.15707571804523468,0.5317846536636353,0.6060290336608887,1.2948894053697586
2730,0.13553552329540253,0.46277865767478943,0.5142728686332703,1.1125870496034622
2731,0.1337188184261322,0.4251425564289093,0.5023676753044128,1.0612290501594543
2732,0.1602008044719696,0.45802825689315796,0.5125636458396912,1.1307927072048187
2733,0.1662437915802002,0.48791536688804626,0.5804553031921387,1.2346144616603851
2734,0.17595604062080383,0.562452495098114,0.6209678649902344,1.3593764007091522
2735,0.14845222234725952,0.4416767954826355,0.4908609688282013,1.0809899866580963
2736,0.13528040051460266,0.492784708738327,0.5592166185379028,1.1872817277908325
2737,0.15248830616474152,0.5395010709762573,0.5615267753601074,1.2535161525011063
2738,0.133665069937706,0.5050247311592102,0.5602011680603027,1.198890969157219
2739,0.12591174244880676,0.4126509130001068,0.5544087290763855,1.092971384525299
2740,0.11343000084161758,0.4418146014213562,0.5483126044273376,1.1035572066903114
2741,0.1317657232284546,0.5122060775756836,0.5810564160346985,1.2250282168388367
2742,0.12070877104997635,0.49532610177993774,0.5016648173332214,1.1176996901631355
2743,0.1490914672613144,0.6316583752632141,0.6336297988891602,1.4143796414136887
2744,0.12317058444023132,0.49879181385040283,0.5324689149856567,1.154431313276291
2745,0.16088677942752838,0.5899943113327026,0.6241163015365601,1.374997392296791
2746,0.12522900104522705,0.5573092103004456,0.656851053237915,1.3393892645835876
2747,0.11624793708324432,0.41881489753723145,0.5489328503608704,1.0839956849813461
2748,0.15898804366588593,0.5273630023002625,0.6062893271446228,1.2926403731107712
2749,0.1433766633272171,0.5161354541778564,0.5481103658676147,1.2076224833726883
2750,0.18639594316482544,0.6818709373474121,0.6766796708106995,1.544946551322937
2751,0.17500905692577362,0.6073569059371948,0.6398630738258362,1.4222290366888046
2752,0.12846872210502625,0.4881718158721924,0.5401615500450134,1.156802088022232
2753,0.14966446161270142,0.47693946957588196,0.5625484585762024,1.1891523897647858
2754,0.10594496876001358,0.26439785957336426,0.4045456349849701,0.7748884633183479
2755,0.18025192618370056,0.5667510628700256,0.6409618258476257,1.387964814901352
2756,0.12698866426944733,0.43891510367393494,0.5147280693054199,1.0806318372488022
2757,0.18691307306289673,0.5710289478302002,0.5899001359939575,1.3478421568870544
2758,0.19600947201251984,0.6742323637008667,0.6707609295845032,1.5410027652978897
2759,0.16124995052814484,0.5584563612937927,0.5832945108413696,1.3030008226633072
2760,0.10156916826963425,0.3705252408981323,0.48053595423698425,0.9526303634047508
2761,0.1070236936211586,0.4161568880081177,0.5134061574935913,1.0365867391228676
2762,0.1012430414557457,0.449578195810318,0.5103515982627869,1.0611728355288506
2763,0.22285138070583344,0.6978587508201599,0.6689996719360352,1.5897098034620285
2764,0.13363546133041382,0.5409101843833923,0.5692242980003357,1.2437699437141418
2765,0.21879076957702637,0.4701903760433197,0.551642894744873,1.2406240403652191
2766,0.1495637595653534,0.44340553879737854,0.5589282512664795,1.1518975496292114
2767,0.1108933761715889,0.3378487825393677,0.45015767216682434,0.8988998308777809
2768,0.19760845601558685,0.6039065718650818,0.6895636320114136,1.4910786598920822
2769,0.18181559443473816,0.5340234637260437,0.5885255932807922,1.304364651441574
2770,0.1465412974357605,0.620395302772522,0.6615894436836243,1.4285260438919067
2771,0.12321986258029938,0.5239492654800415,0.5840225219726562,1.2311916500329971
2772,0.14000514149665833,0.5840871930122375,0.6580522656440735,1.3821446001529694
2773,0.14091390371322632,0.6848211288452148,0.7361161112785339,1.561851143836975
2774,0.1819610297679901,0.6031349897384644,0.7251680493354797,1.5102640688419342
2775,0.1635182797908783,0.4741884469985962,0.5716233849525452,1.2093301117420197
2776,0.1276562511920929,0.43265068531036377,0.5459083914756775,1.1062153279781342
2777,0.16101041436195374,0.5192837119102478,0.5578718185424805,1.238165944814682
2778,0.13661961257457733,0.6410483717918396,0.6797053217887878,1.4573733061552048
2779,0.13885772228240967,0.6272463798522949,0.6482411623001099,1.4143452644348145
2780,0.16641661524772644,0.5845500826835632,0.6038579344749451,1.3548246324062347
2781,0.1262190043926239,0.6114802956581116,0.5995754599571228,1.3372747600078583
2782,0.13474835455417633,0.42901018261909485,0.5231257081031799,1.086884245276451
2783,0.17284539341926575,0.43898552656173706,0.5945633053779602,1.206394225358963
2784,0.16698645055294037,0.5286279320716858,0.5705784559249878,1.266192838549614
2785,0.12638062238693237,0.4833225607872009,0.5390103459358215,1.1487135291099548
2786,0.1424180567264557,0.6211023330688477,0.5981060266494751,1.3616264164447784
2787,0.12943896651268005,0.6252534985542297,0.5880818963050842,1.342774361371994
2788,0.16943217813968658,0.7722744345664978,0.7719418406486511,1.7136484533548355
2789,0.10685428977012634,0.3416896164417267,0.40017884969711304,0.8487227559089661
2790,0.14988082647323608,0.44329220056533813,0.5447704792022705,1.1379435062408447
2791,0.14350725710391998,0.4509640634059906,0.5232748985290527,1.1177462190389633
2792,0.10406582802534103,0.39039701223373413,0.46234336495399475,0.9568062052130699
2793,0.17035776376724243,0.5688326954841614,0.621576189994812,1.3607666492462158
2794,0.21034787595272064,0.684429943561554,0.7350053191184998,1.6297831386327744
2795,0.18773318827152252,0.6521766185760498,0.6670228838920593,1.5069326907396317
2796,0.19318968057632446,0.6088724136352539,0.6409426927566528,1.4430047869682312
2797,0.13233447074890137,0.4069691002368927,0.48452550172805786,1.023829072713852
2798,0.11704500764608383,0.38766905665397644,0.5177569389343262,1.0224710032343864
2799,0.15721552073955536,0.40388473868370056,0.5609555244445801,1.122055783867836
2800,0.12672072649002075,0.44727975130081177,0.5687023401260376,1.1427028179168701
2801,0.2048719823360443,0.554915726184845,0.6530332565307617,1.412820965051651
2802,0.12725788354873657,0.601080060005188,0.652963399887085,1.3813013434410095
2803,0.16270270943641663,0.6414850354194641,0.684073269367218,1.4882610142230988
2804,0.14802028238773346,0.4507090151309967,0.510840892791748,1.1095701903104782
2805,0.11303035914897919,0.3285854160785675,0.42345523834228516,0.8650710135698318
2806,0.18547631800174713,0.3641537129878998,0.4707372188568115,1.0203672498464584
2807,0.13942372798919678,0.3828204274177551,0.5367164611816406,1.0589606165885925
2808,0.11284127831459045,0.3364274799823761,0.49779167771339417,0.9470604360103607
2809,0.15236201882362366,0.4382106065750122,0.5253483653068542,1.1159209907054901
2810,0.2110874503850937,0.602260410785675,0.6639540791511536,1.4773019403219223
2811,0.15389545261859894,0.4425531029701233,0.5725469589233398,1.168995514512062
2812,0.16861552000045776,0.425312340259552,0.5917970538139343,1.185724914073944
2813,0.16377858817577362,0.41876494884490967,0.5309785008430481,1.1135220378637314
2814,0.1575939655303955,0.4307563006877899,0.5714243054389954,1.1597745716571808
2815,0.13595211505889893,0.37071195244789124,0.5217911601066589,1.028455227613449
2816,0.1508709192276001,0.6318185925483704,0.7149704098701477,1.4976599216461182
2817,0.12314994633197784,0.3279576599597931,0.4500075876712799,0.9011151939630508
2818,0.1258537322282791,0.4169354736804962,0.5060427784919739,1.0488319844007492
2819,0.1716470867395401,0.6326475739479065,0.6666815280914307,1.4709761887788773
2820,0.1648561805486679,0.43471845984458923,0.49724891781806946,1.0968235582113266
2821,0.18979954719543457,0.5940759778022766,0.7239570021629333,1.5078325271606445
2822,0.13456492125988007,0.45240065455436707,0.5381526947021484,1.1251182705163956
2823,0.14231398701667786,0.3837473392486572,0.4708496034145355,0.9969109296798706
2824,0.13941100239753723,0.6195299625396729,0.6654067039489746,1.4243476688861847
2825,0.1449575126171112,0.4901815354824066,0.45323821902275085,1.0883772671222687
2826,0.12503784894943237,0.4741305708885193,0.5245890021324158,1.1237574219703674
2827,0.17274540662765503,0.5369424819946289,0.5859647989273071,1.295652687549591
2828,0.11315365880727768,0.3692590892314911,0.49794650077819824,0.980359248816967
2829,0.15965311229228973,0.4978369474411011,0.5427522659301758,1.2002423256635666
2830,0.15258552134037018,0.4768587350845337,0.5595543384552002,1.188998594880104
2831,0.1853955239057541,0.5282297730445862,0.5702170729637146,1.2838423699140549
2832,0.11753474175930023,0.5727483630180359,0.5888142585754395,1.2790973633527756
2833,0.12116021662950516,0.5259087681770325,0.5314875245094299,1.1785565093159676
2834,0.1796732097864151,0.606443464756012,0.661268949508667,1.447385624051094
2835,0.1430448442697525,0.5403079986572266,0.7166370153427124,1.3999898582696915
2836,0.1796841025352478,0.6503164768218994,0.7225553393363953,1.5525559186935425
2837,0.16719846427440643,0.4480307102203369,0.5497599244117737,1.164989098906517
2838,0.1524294912815094,0.44259002804756165,0.5361777544021606,1.1311972737312317
2839,0.16675183176994324,0.6540833115577698,0.6493300795555115,1.4701652228832245
2840,0.14133593440055847,0.5803444385528564,0.568703830242157,1.290384203195572
2841,0.13833874464035034,0.5842480659484863,0.5304219126701355,1.2530087232589722
2842,0.1714521050453186,0.7730734944343567,0.7423329949378967,1.686858594417572
2843,0.13626714050769806,0.4878482222557068,0.5763021111488342,1.200417473912239
2844,0.10930977761745453,0.4270091652870178,0.5163395404815674,1.0526584833860397
2845,0.10500179976224899,0.33293795585632324,0.4199216961860657,0.8578614518046379
2846,0.1506056785583496,0.48191195726394653,0.5657151341438293,1.1982327699661255
2847,0.16137821972370148,0.5708917379379272,0.5567426681518555,1.2890126258134842
2848,0.10622024536132812,0.4531777799129486,0.3918018639087677,0.9511998891830444
2849,0.1605883240699768,0.7254942655563354,0.6099069714546204,1.4959895610809326
2850,0.13399070501327515,0.6419073343276978,0.6012715697288513,1.3771696090698242
2851,0.12611348927021027,0.4158083498477936,0.487386018037796,1.0293078571557999
2852,0.1471681296825409,0.5594987869262695,0.66611248254776,1.3727793991565704
2853,0.16956347227096558,0.5530258417129517,0.6308187246322632,1.3534080386161804
2854,0.10564108937978745,0.35128962993621826,0.4547276198863983,0.911658339202404
2855,0.13930851221084595,0.4784792959690094,0.5370391011238098,1.1548269093036652
2856,0.09865039587020874,0.5179048180580139,0.5021616220474243,1.118716835975647
2857,0.13935014605522156,0.5805346965789795,0.5405889749526978,1.2604738175868988
2858,0.20869284868240356,0.8941869139671326,0.7738475799560547,1.8767273426055908
2859,0.11004692316055298,0.45570090413093567,0.4813995659351349,1.0471473932266235
2860,0.11130370199680328,0.5611013770103455,0.6028123497962952,1.275217428803444
2861,0.13147372007369995,0.53321373462677,0.5561658143997192,1.2208532691001892
2862,0.11905001103878021,0.5255624651908875,0.5707786679267883,1.215391144156456
2863,0.12310334295034409,0.46289098262786865,0.47378382086753845,1.0597781464457512
2864,0.16130636632442474,0.557107150554657,0.5583202838897705,1.2767338007688522
2865,0.16319002211093903,0.5532659888267517,0.6408429145812988,1.3572989255189896
2866,0.15071287751197815,0.6143407225608826,0.669489860534668,1.4345434606075287
2867,0.1779930591583252,0.5095434188842773,0.6228477358818054,1.310384213924408
2868,0.14102981984615326,0.5750600695610046,0.5616492033004761,1.277739092707634
2869,0.11727327108383179,0.6144594550132751,0.5958490967750549,1.3275818228721619
2870,0.17882861196994781,0.6939243078231812,0.6824056506156921,1.555158570408821
2871,0.10653354972600937,0.48673033714294434,0.5483598709106445,1.1416237577795982
2872,0.14128178358078003,0.6156691312789917,0.6414344906806946,1.3983854055404663
2873,0.14690475165843964,0.4742659032344818,0.5736793279647827,1.1948499828577042
2874,0.1342572718858719,0.5306105613708496,0.6312453150749207,1.2961131483316422
2875,0.14307142794132233,0.4344753324985504,0.5481743812561035,1.1257211416959763
2876,0.1170010045170784,0.4525385797023773,0.46556371450424194,1.0351032987236977
2877,0.1641652137041092,0.6369617581367493,0.6220872402191162,1.4232142120599747
2878,0.14409105479717255,0.5006430745124817,0.5781019330024719,1.2228360623121262
2879,0.19176796078681946,0.5744553208351135,0.6783020496368408,1.4445253312587738
2880,0.10487019270658493,0.39034390449523926,0.5604349374771118,1.055649034678936
2881,0.12866564095020294,0.37014779448509216,0.5240755677223206,1.0228890031576157
2882,0.15691184997558594,0.6872150301933289,0.7046879529953003,1.548814833164215
2883,0.14675334095954895,0.5075363516807556,0.5639809966087341,1.2182706892490387
2884,0.22749118506908417,0.5583834052085876,0.5889069437980652,1.374781534075737
2885,0.15696948766708374,0.5641810297966003,0.5812921524047852,1.3024426698684692
2886,0.1408335119485855,0.6033096313476562,0.6028426289558411,1.3469857722520828
2887,0.1317819207906723,0.4475223124027252,0.5129453539848328,1.0922495871782303
2888,0.11299481242895126,0.4374244213104248,0.5007572770118713,1.0511765107512474
2889,0.14598038792610168,0.3866993486881256,0.508963406085968,1.0416431427001953
2890,0.13114069402217865,0.5183285474777222,0.5805590152740479,1.2300282567739487
2891,0.16769514977931976,0.5733733177185059,0.6205152869224548,1.3615837544202805
2892,0.1664983630180359,0.4554798901081085,0.4940863847732544,1.1160646378993988
2893,0.12616099417209625,0.5385847091674805,0.5614838600158691,1.2262295633554459
2894,0.14541257917881012,0.668635368347168,0.5658658742904663,1.3799138218164444
2895,0.13132913410663605,0.5549613833427429,0.5599927306175232,1.2462832480669022
2896,0.13556699454784393,0.4592207670211792,0.5538725852966309,1.148660346865654
2897,0.12718071043491364,0.4329017102718353,0.5483654737472534,1.1084478944540024
2898,0.14388862252235413,0.4580420255661011,0.5786214470863342,1.1805520951747894
2899,0.13705472648143768,0.4433501660823822,0.5008611679077148,1.0812660604715347
2900,0.16073572635650635,0.6083239912986755,0.6342210173606873,1.4032807350158691
2901,0.12333349138498306,0.5273188352584839,0.5339828729629517,1.1846351996064186
2902,0.16060364246368408,0.6580952405929565,0.6240377426147461,1.4427366256713867
2903,0.13220207393169403,0.6669299006462097,0.6580349206924438,1.4571668952703476
2904,0.10228467732667923,0.510404646396637,0.5512810945510864,1.1639704182744026
2905,0.1662377268075943,0.5336106419563293,0.6076052188873291,1.3074535876512527
2906,0.13239634037017822,0.43504512310028076,0.5448251366615295,1.1122666001319885
2907,0.18101036548614502,0.5862183570861816,0.6767298579216003,1.443958580493927
2908,0.18225765228271484,0.5651475787162781,0.6480688452720642,1.3954740762710571
2909,0.11692581325769424,0.5413925647735596,0.5418197512626648,1.2001381292939186
2910,0.13540036976337433,0.5791342854499817,0.5630788803100586,1.2776135355234146
2911,0.10901061445474625,0.3812102675437927,0.4041808545589447,0.8944017365574837
2912,0.17165465652942657,0.6469424962997437,0.6410980820655823,1.4596952348947525
2913,0.11369972676038742,0.41960278153419495,0.513500452041626,1.0468029603362083
2914,0.17412272095680237,0.5072318315505981,0.5875735282897949,1.2689280807971954
2915,0.17417921125888824,0.5298672318458557,0.6691745519638062,1.37322099506855
2916,0.14707578718662262,0.5228256583213806,0.5787004232406616,1.2486018687486649
2917,0.10799837112426758,0.4541238248348236,0.4794065058231354,1.0415287017822266
2918,0.1163657009601593,0.521233081817627,0.5125198364257812,1.1501186192035675
2919,0.10855663567781448,0.5778293013572693,0.5075140595436096,1.1938999965786934
2920,0.16896329820156097,0.6846826076507568,0.6656774282455444,1.5193233340978622
2921,0.11989559978246689,0.5703232884407043,0.5696566700935364,1.2598755583167076
2922,0.15800650417804718,0.4649984836578369,0.5501111149787903,1.1731161028146744
2923,0.12777648866176605,0.5173238515853882,0.5582535266876221,1.2033538669347763
2924,0.10225264728069305,0.3500060439109802,0.45311278104782104,0.9053714722394943
2925,0.15192118287086487,0.670430600643158,0.6908606886863708,1.5132124722003937
2926,0.13236241042613983,0.4828996956348419,0.5881738662719727,1.2034359723329544
2927,0.1582818478345871,0.5652677416801453,0.6570536494255066,1.380603238940239
2928,0.12742020189762115,0.45593971014022827,0.5765344500541687,1.1598943620920181
2929,0.16997800767421722,0.5259793996810913,0.6541091799736023,1.3500665873289108
2930,0.160452738404274,0.6634680032730103,0.7337955236434937,1.557716265320778
2931,0.18372055888175964,0.640649676322937,0.7252593040466309,1.5496295392513275
2932,0.1366354525089264,0.47915059328079224,0.5683355927467346,1.1841216385364532
2933,0.13989119231700897,0.4387071132659912,0.5447605848312378,1.123358890414238
2934,0.17533618211746216,0.4902135729789734,0.556978702545166,1.2225284576416016
2935,0.16560350358486176,0.5749475955963135,0.6860299706459045,1.4265810698270798
2936,0.14816880226135254,0.5085055828094482,0.6449126601219177,1.3015870451927185
2937,0.15987753868103027,0.5098481178283691,0.6020016670227051,1.2717273235321045
2938,0.11854314059019089,0.5904245972633362,0.5941894054412842,1.3031571432948112
2939,0.11749116331338882,0.49536728858947754,0.5247923731803894,1.1376508250832558
2940,0.14595068991184235,0.5418697595596313,0.6000120639801025,1.2878325134515762
2941,0.160345196723938,0.5479850172996521,0.5729080438613892,1.2812382578849792
2942,0.13842645287513733,0.43418124318122864,0.5405252575874329,1.1131329536437988
2943,0.1788727343082428,0.5029616355895996,0.5965756773948669,1.2784100472927094
2944,0.17575998604297638,0.538905143737793,0.5894860625267029,1.3041511923074722
2945,0.17544038593769073,0.7499212026596069,0.7707289457321167,1.6960905343294144
2946,0.10188382863998413,0.38531339168548584,0.3998021185398102,0.8869993388652802
2947,0.14132757484912872,0.5631734132766724,0.5463746786117554,1.2508756667375565
2948,0.132644385099411,0.5449589490890503,0.5269822478294373,1.2045855820178986
2949,0.11247234046459198,0.45036932826042175,0.46329933404922485,1.0261410027742386
2950,0.16508309543132782,0.6445475816726685,0.6219184994697571,1.4315491765737534
2951,0.19158951938152313,0.7208609580993652,0.7339468598365784,1.6463973373174667
2952,0.141191765666008,0.6354110240936279,0.6650590896606445,1.4416618794202805
2953,0.19308191537857056,0.6487889289855957,0.6440232992172241,1.4858941435813904
2954,0.13974766433238983,0.4329768717288971,0.48558562994003296,1.0583101660013199
2955,0.17717227339744568,0.4365162253379822,0.5196216702461243,1.1333101689815521
2956,0.15254245698451996,0.46579015254974365,0.561235785484314,1.1795683950185776
2957,0.11245517432689667,0.5156881213188171,0.5679416656494141,1.1960849612951279
2958,0.1605142056941986,0.5666951537132263,0.6501128077507019,1.3773221671581268
2959,0.13469500839710236,0.5556961297988892,0.6509886384010315,1.341379776597023
2960,0.19353310763835907,0.6274842619895935,0.6812625527381897,1.5022799223661423
2961,0.1574503481388092,0.45000553131103516,0.5122780799865723,1.1197339594364166
2962,0.12347281724214554,0.36587435007095337,0.42311134934425354,0.9124585166573524
2963,0.18945424258708954,0.4092579483985901,0.4718106985092163,1.070522889494896
2964,0.14693894982337952,0.47140759229660034,0.5390585660934448,1.1574051082134247
2965,0.11793752759695053,0.3834177553653717,0.49744659662246704,0.9988018795847893
2966,0.1475905030965805,0.44167807698249817,0.5252274870872498,1.1144960671663284
2967,0.1916196346282959,0.6221438646316528,0.6648957133293152,1.478659212589264
2968,0.13836807012557983,0.43827277421951294,0.5728883743286133,1.149529218673706
2969,0.13940617442131042,0.43745630979537964,0.5913885235786438,1.1682510077953339
2970,0.15657709538936615,0.4179127812385559,0.5295389890670776,1.1040288656949997
2971,0.161212757229805,0.46886518597602844,0.5716909170150757,1.2017688602209091
2972,0.15537960827350616,0.415987104177475,0.5227927565574646,1.0941594690084457
2973,0.1939610242843628,0.6037951707839966,0.713896632194519,1.5116528272628784
2974,0.13508573174476624,0.31650155782699585,0.44923487305641174,0.9008221626281738
2975,0.12712253630161285,0.39914393424987793,0.5062733888626099,1.0325398594141006
2976,0.16402257978916168,0.6251446604728699,0.6676207184791565,1.456787958741188
2977,0.1365797221660614,0.40064966678619385,0.49526137113571167,1.032490760087967
2978,0.16895736753940582,0.624371349811554,0.7256730794906616,1.5190017968416214
2979,0.1292721927165985,0.45661506056785583,0.5379794836044312,1.1238667368888855
2980,0.15838180482387543,0.3850719630718231,0.4686908423900604,1.012144610285759
2981,0.18459303677082062,0.5734933018684387,0.6650586724281311,1.4231450110673904
2982,0.13231036067008972,0.4626479744911194,0.4615240693092346,1.0564824044704437
2983,0.11694647371768951,0.3994123339653015,0.5232182145118713,1.0395770221948624
2984,0.1424422264099121,0.5366132259368896,0.5838364958763123,1.262891948223114
2985,0.0921071395277977,0.43825045228004456,0.49721163511276245,1.0275692269206047
2986,0.13107436895370483,0.5413563847541809,0.5435091853141785,1.2159399390220642
2987,0.13044492900371552,0.481533020734787,0.5592525005340576,1.1712304502725601
2988,0.16700179874897003,0.4706321656703949,0.5698147416114807,1.2074487060308456
2989,0.14176933467388153,0.4719899892807007,0.5875599980354309,1.2013193219900131
2990,0.1357850730419159,0.47825321555137634,0.5292434096336365,1.1432816982269287
2991,0.17114964127540588,0.6482166647911072,0.6596928834915161,1.4790591895580292
2992,0.15577755868434906,0.7230855822563171,0.7149757742881775,1.5938389152288437
2993,0.18450115621089935,0.8246133327484131,0.7250040173530579,1.7341185063123703
2994,0.16304482519626617,0.5294176340103149,0.550025463104248,1.2424879223108292
2995,0.1375517100095749,0.4490202069282532,0.54085773229599,1.127429649233818
2996,0.16974109411239624,0.625085175037384,0.6515040397644043,1.4463303089141846
2997,0.1366208791732788,0.5210385322570801,0.5718966126441956,1.2295560240745544
2998,0.13479281961917877,0.539969265460968,0.5294638872146606,1.2042259722948074
2999,0.18234004080295563,0.8484659194946289,0.7431742548942566,1.7739802151918411
3000,0.12354859709739685,0.5973904132843018,0.5760117769241333,1.296950787305832
3001,0.10509844869375229,0.5703281760215759,0.5179155468940735,1.1933421716094017
3002,0.1050921380519867,0.44181162118911743,0.42345646023750305,0.9703602194786072
3003,0.13632071018218994,0.5602131485939026,0.5645161867141724,1.261050045490265
3004,0.14488646388053894,0.5578003525733948,0.5556601881980896,1.2583470046520233
3005,0.07487859576940536,0.3353298604488373,0.38868248462677,0.7988909408450127
3006,0.14413127303123474,0.5762785077095032,0.607832670211792,1.32824245095253
3007,0.1468614637851715,0.5720477104187012,0.6014126539230347,1.3203218281269073
3008,0.11055883020162582,0.41971927881240845,0.48585382103919983,1.016131930053234
3009,0.15471477806568146,0.603240966796875,0.6666126847267151,1.4245684295892715
3010,0.16178911924362183,0.6100587248802185,0.6311115026473999,1.4029593467712402
3011,0.10292751342058182,0.342670202255249,0.45374614000320435,0.8993438556790352
3012,0.13258250057697296,0.48616424202919006,0.5366093516349792,1.1553560942411423
3013,0.10110948234796524,0.41822537779808044,0.5020900964736938,1.0214249566197395
3014,0.13733914494514465,0.4848581850528717,0.5412399768829346,1.163437306880951
3015,0.18986693024635315,0.7657175660133362,0.7702613472938538,1.725845843553543
3016,0.10104543715715408,0.40681853890419006,0.4798344373703003,0.9876984134316444
3017,0.12259545177221298,0.533137857913971,0.6027442216873169,1.2584775313735008
3018,0.11951589584350586,0.5184440612792969,0.5566275715827942,1.194587528705597
3019,0.11100714653730392,0.46290335059165955,0.5696852207183838,1.1435957178473473
3020,0.11011062562465668,0.3996456563472748,0.4716300070285797,0.9813862890005112
3021,0.17979639768600464,0.468494176864624,0.5560490489006042,1.204339623451233
3022,0.15639494359493256,0.5319513082504272,0.6389312148094177,1.3272774666547775
3023,0.14129599928855896,0.5760670900344849,0.6638374924659729,1.3812005817890167
3024,0.14471405744552612,0.48052307963371277,0.6226453185081482,1.247882455587387
3025,0.1293642520904541,0.5131922364234924,0.5614256858825684,1.203982174396515
3026,0.12253206223249435,0.5102049112319946,0.5917670130729675,1.2245039865374565
3027,0.1520421802997589,0.5952502489089966,0.6800038814544678,1.4272963106632233
3028,0.11053790897130966,0.3727785348892212,0.5466760396957397,1.0299924835562706
3029,0.14083078503608704,0.5773478746414185,0.6381243467330933,1.3563030064105988
3030,0.16089271008968353,0.5277333855628967,0.5733590722084045,1.2619851678609848
3031,0.10818171501159668,0.5430604815483093,0.6315690279006958,1.2828112244606018
3032,0.11583898961544037,0.4396399259567261,0.5476813316345215,1.103160247206688
3033,0.09853710979223251,0.38073641061782837,0.4652249217033386,0.9444984421133995
3034,0.13263355195522308,0.47759151458740234,0.6196622848510742,1.2298873513936996
3035,0.1465226411819458,0.4647523760795593,0.5785062313079834,1.1897812485694885
3036,0.17202484607696533,0.7064710259437561,0.6756958365440369,1.5541917085647583
3037,0.11381488293409348,0.4966932535171509,0.5619141459465027,1.172422282397747
3038,0.13029588758945465,0.44097596406936646,0.5243915915489197,1.0956634432077408
3039,0.15165330469608307,0.6279364228248596,0.7039404511451721,1.4835301786661148
3040,0.1115773543715477,0.4178078770637512,0.5622696280479431,1.091654859483242
3041,0.23660294711589813,0.5154581069946289,0.5892398953437805,1.3413009494543076
3042,0.1308528184890747,0.5143434405326843,0.5804927945137024,1.2256890535354614
3043,0.1356651484966278,0.6286903023719788,0.6028986573219299,1.3672541081905365
3044,0.12337160110473633,0.521949827671051,0.515679121017456,1.1610005497932434
3045,0.10179230570793152,0.5388965606689453,0.5042540431022644,1.1449429094791412
3046,0.153678297996521,0.46803542971611023,0.5100052952766418,1.131719022989273
3047,0.14301811158657074,0.5063754916191101,0.5836492776870728,1.2330428808927536
3048,0.15339897572994232,0.5201570987701416,0.6237973570823669,1.2973534315824509
3049,0.13606181740760803,0.3462783694267273,0.4919000566005707,0.974240243434906
3050,0.11568811535835266,0.4239177107810974,0.5589005947113037,1.0985064208507538
3051,0.13897272944450378,0.5770382881164551,0.565681517124176,1.2816925346851349
3052,0.12396395951509476,0.542210578918457,0.5604990720748901,1.226673610508442
3053,0.12396978586912155,0.48971161246299744,0.5565022230148315,1.1701836213469505
3054,0.11089266836643219,0.5228708386421204,0.5497710704803467,1.1835345774888992
3055,0.13882696628570557,0.5295462608337402,0.5795611143112183,1.247934341430664
3056,0.11894048750400543,0.478140264749527,0.5037707686424255,1.100851520895958
3057,0.16082367300987244,0.5542539358139038,0.6372356414794922,1.3523132503032684
3058,0.11758697777986526,0.40457403659820557,0.5319898724555969,1.0541508868336678
3059,0.15816450119018555,0.5497956275939941,0.622642993927002,1.3306031227111816
3060,0.12700290977954865,0.6070772409439087,0.6578647494316101,1.3919449001550674
3061,0.10037803649902344,0.5656734704971313,0.5504010915756226,1.2164525985717773
3062,0.12267165631055832,0.6333091259002686,0.6037216186523438,1.3597024008631706
3063,0.12149453908205032,0.518315851688385,0.5433918833732605,1.1832022741436958
3064,0.16028496623039246,0.6568307280540466,0.6708163619041443,1.4879320561885834
3065,0.12820014357566833,0.5430436730384827,0.6399168968200684,1.3111607134342194
3066,0.11478819698095322,0.45474112033843994,0.540533185005188,1.1100625023245811
3067,0.12178294360637665,0.49890613555908203,0.562085747718811,1.1827748268842697
3068,0.09939396381378174,0.2813214361667633,0.4036882817745209,0.7844036817550659
3069,0.14467410743236542,0.5954794883728027,0.639905571937561,1.3800591677427292
3070,0.12082667648792267,0.5251912474632263,0.5126557946205139,1.158673718571663
3071,0.1567872017621994,0.659136950969696,0.5892885327339172,1.4052126854658127
3072,0.15869371592998505,0.6452104449272156,0.6675267815589905,1.471430942416191
3073,0.1532708704471588,0.5638877749443054,0.5793411135673523,1.2964997589588165
3074,0.11320866644382477,0.38851404190063477,0.47810399532318115,0.9798267036676407
3075,0.10049556195735931,0.416594535112381,0.5103433132171631,1.0274334102869034
3076,0.1037234216928482,0.42855799198150635,0.5081773400306702,1.0404587537050247
3077,0.165143221616745,0.6592735648155212,0.665784478187561,1.4902012646198273
3078,0.11420266330242157,0.5841996073722839,0.5688534379005432,1.2672557085752487
3079,0.16167181730270386,0.5293245911598206,0.5517619848251343,1.2427583932876587
3080,0.1206793338060379,0.5231199860572815,0.558085024356842,1.2018843442201614
3081,0.09067260473966599,0.39699941873550415,0.44961297512054443,0.9372849985957146
3082,0.1524313986301422,0.636574387550354,0.6877062916755676,1.4767120778560638
3083,0.11881990730762482,0.5200713872909546,0.5870665311813354,1.2259578257799149
3084,0.11594445258378983,0.5391575694084167,0.654518187046051,1.3096202090382576
3085,0.10348469763994217,0.3775999844074249,0.5772603154182434,1.0583449974656105
3086,0.15581218898296356,0.531342625617981,0.6511147022247314,1.338269516825676
3087,0.1510455310344696,0.7163083553314209,0.7300282716751099,1.5973821580410004
3088,0.2008036971092224,0.6526603698730469,0.7216026186943054,1.5750666856765747
3089,0.15394917130470276,0.4750146269798279,0.5646119117736816,1.1935757100582123
3090,0.13815520703792572,0.4793148338794708,0.5426338911056519,1.1601039320230484
3091,0.13104023039340973,0.4855223298072815,0.556437611579895,1.1730001717805862
3092,0.1575954258441925,0.6444358825683594,0.6862608194351196,1.4882921278476715
3093,0.13182619214057922,0.5466333031654358,0.6478958129882812,1.3263553082942963
3094,0.1981152594089508,0.48126915097236633,0.6003513932228088,1.279735803604126
3095,0.13916295766830444,0.5379882454872131,0.5939105749130249,1.2710617780685425
3096,0.1108650490641594,0.4335780739784241,0.5194786190986633,1.0639217421412468
3097,0.13824060559272766,0.5816495418548584,0.5970830321311951,1.3169731795787811
3098,0.146138533949852,0.5982864499092102,0.5710985660552979,1.31552354991436
3099,0.12511838972568512,0.5183208584785461,0.5434723496437073,1.1869115978479385
3100,0.17024587094783783,0.592413604259491,0.601141095161438,1.3638005703687668
3101,0.1759854555130005,0.5669901967048645,0.5955327749252319,1.338508427143097
3102,0.19270800054073334,0.6287258267402649,0.7775607705116272,1.5989945977926254
3103,0.10749819874763489,0.30264320969581604,0.4041845202445984,0.8143259286880493
3104,0.1355753242969513,0.511733889579773,0.5452888607978821,1.1925980746746063
3105,0.12576258182525635,0.5275959372520447,0.5237605571746826,1.1771190762519836
3106,0.09388852119445801,0.5106812119483948,0.4623829424381256,1.0669526755809784
3107,0.1499418169260025,0.7040694952011108,0.6231757402420044,1.4771870523691177
3108,0.17683418095111847,0.8804784417152405,0.7363545894622803,1.7936672121286392
3109,0.1440669298171997,0.7932842373847961,0.664155125617981,1.6015062928199768
3110,0.1568554788827896,0.6921809911727905,0.6471028327941895,1.4961393028497696
3111,0.12297909706830978,0.4122850000858307,0.4904586672782898,1.0257227644324303
3112,0.1355166733264923,0.41483935713768005,0.5240733027458191,1.0744293332099915
3113,0.1512776017189026,0.4883517026901245,0.5712310671806335,1.2108603715896606
3114,0.13303762674331665,0.5333049893379211,0.5729175806045532,1.239260196685791
3115,0.14043673872947693,0.669352114200592,0.6544846892356873,1.4642735421657562
3116,0.13452231884002686,0.7003657221794128,0.6542479395866394,1.489135980606079
3117,0.145051509141922,0.7057651281356812,0.6853538751602173,1.5361705124378204
3118,0.12437517195940018,0.4876459836959839,0.5118892788887024,1.1239104345440865
3119,0.09211164712905884,0.34069907665252686,0.42324143648147583,0.8560521602630615
3120,0.13009457290172577,0.36994409561157227,0.469693660736084,0.969732329249382
3121,0.10875887423753738,0.43154191970825195,0.5368890166282654,1.0771898105740547
3122,0.11867416650056839,0.4217239320278168,0.49939393997192383,1.039792038500309
3123,0.14666031301021576,0.48394307494163513,0.5253138542175293,1.1559172421693802
3124,0.1794019341468811,0.7029987573623657,0.6628081202507019,1.5452088117599487
3125,0.1493954062461853,0.4683193862438202,0.5726301670074463,1.1903449594974518
3126,0.1579284816980362,0.471241295337677,0.5924540758132935,1.2216238528490067
3127,0.15780101716518402,0.42633718252182007,0.5318964123725891,1.1160346120595932
3128,0.13385295867919922,0.44717490673065186,0.575473427772522,1.156501293182373
3129,0.12390922009944916,0.3768744468688965,0.5242905020713806,1.0250741690397263
3130,0.15100261569023132,0.6204443573951721,0.7187846302986145,1.490231603384018
3131,0.12544435262680054,0.3398837745189667,0.45198583602905273,0.91731396317482
3132,0.14483611285686493,0.4308069348335266,0.5076831579208374,1.083326205611229
3133,0.2231692224740982,0.6343507170677185,0.667952299118042,1.5254722386598587
3134,0.15501141548156738,0.4140079915523529,0.4962334930896759,1.0652529001235962
3135,0.18676206469535828,0.6110658049583435,0.7233308553695679,1.5211587250232697
3136,0.11457117646932602,0.4495813846588135,0.5405007004737854,1.104653261601925
3137,0.09970852732658386,0.40187159180641174,0.4727027714252472,0.9742828905582428
3138,0.17005014419555664,0.5710670351982117,0.6656440496444702,1.4067612290382385
3139,0.12390196323394775,0.4753573536872864,0.45571956038475037,1.0549788773059845
3140,0.1477516144514084,0.39109036326408386,0.5249117612838745,1.0637537389993668
3141,0.15259510278701782,0.4991937577724457,0.5832713842391968,1.2350602447986603
3142,0.102200947701931,0.395818829536438,0.49629124999046326,0.9943110272288322
3143,0.1403256207704544,0.48084697127342224,0.5434062480926514,1.164578840136528
3144,0.1180289164185524,0.443945050239563,0.5590322613716125,1.121006228029728
3145,0.1597619652748108,0.48704004287719727,0.5694035887718201,1.2162055969238281
3146,0.12289053201675415,0.4908398985862732,0.5853614807128906,1.199091911315918
3147,0.12652656435966492,0.4726335108280182,0.5285493731498718,1.127709448337555
3148,0.16436873376369476,0.5762603878974915,0.663293719291687,1.4039228409528732
3149,0.17705513536930084,0.5991258025169373,0.7179300785064697,1.4941110163927078
3150,0.20321866869926453,0.6893764734268188,0.7233670353889465,1.61596217751503
3151,0.12013109773397446,0.4595268964767456,0.5487436652183533,1.1284016594290733
3152,0.131894052028656,0.4655538499355316,0.5377089381217957,1.1351568400859833
3153,0.14121203124523163,0.6812462210655212,0.6504741907119751,1.472932443022728
3154,0.1520596593618393,0.5022826194763184,0.5706764459609985,1.2250187247991562
3155,0.13015352189540863,0.43024200201034546,0.528999924659729,1.089395448565483
3156,0.15640771389007568,0.6154836416244507,0.7424782514572144,1.5143696069717407
3157,0.11382751166820526,0.5047712326049805,0.573125958442688,1.1917247027158737
3158,0.1112130656838417,0.46718108654022217,0.5143691301345825,1.0927632823586464
3159,0.07901576161384583,0.37452346086502075,0.4203328490257263,0.8738720715045929
3160,0.11455827951431274,0.5418953895568848,0.5632285475730896,1.219682216644287
3161,0.12640728056430817,0.5514451861381531,0.5544581413269043,1.2323106080293655
3162,0.08229060471057892,0.3324180841445923,0.38591814041137695,0.8006268292665482
3163,0.12211110442876816,0.5686798691749573,0.6063682436943054,1.2971592172980309
3164,0.16580146551132202,0.560795783996582,0.5986221432685852,1.3252193927764893
3165,0.13229362666606903,0.40389615297317505,0.4843567907810211,1.0205465704202652
3166,0.13140110671520233,0.5436832308769226,0.6661844849586487,1.3412688225507736
3167,0.1461622565984726,0.5577865839004517,0.6278770565986633,1.3318258970975876
3168,0.08883129060268402,0.34658247232437134,0.4529321789741516,0.888345941901207
3169,0.11386611312627792,0.5025147795677185,0.5346301794052124,1.1510110720992088
3170,0.09757871180772781,0.39882969856262207,0.497312992811203,0.9937214031815529
3171,0.1298094093799591,0.4328765571117401,0.5364378094673157,1.099123775959015
3172,0.19325421750545502,0.6897625923156738,0.7679271697998047,1.6509439796209335
3173,0.09601554274559021,0.3694005310535431,0.47790926694869995,0.9433253407478333
3174,0.12938587367534637,0.513766884803772,0.6019192934036255,1.2450720518827438
3175,0.143011212348938,0.47712743282318115,0.5557177662849426,1.1758564114570618
3176,0.1107611134648323,0.41619306802749634,0.5659876465797424,1.092941828072071
3177,0.11264092475175858,0.3939175009727478,0.47184616327285767,0.978404588997364
3178,0.15785403549671173,0.4545944333076477,0.5536972880363464,1.1661457568407059
3179,0.13274669647216797,0.5134024620056152,0.6362588405609131,1.2824079990386963
3180,0.13381651043891907,0.5665596723556519,0.6628760695457458,1.3632522523403168
3181,0.12477750331163406,0.46783772110939026,0.6221535801887512,1.2147688046097755
3182,0.13730992376804352,0.4760390520095825,0.5597648620605469,1.173113837838173
3183,0.1309654712677002,0.47999832034111023,0.5908240079879761,1.2017877995967865
3184,0.17441661655902863,0.6082779765129089,0.6784219741821289,1.4611165672540665
3185,0.11433436721563339,0.38591665029525757,0.5467232465744019,1.0469742640852928
3186,0.15226031839847565,0.553751528263092,0.6381326913833618,1.3441445380449295
3187,0.1554402858018875,0.48115670680999756,0.5723665952682495,1.2089635878801346
3188,0.11729307472705841,0.5199434161186218,0.6330525279045105,1.2702890187501907
3189,0.12258264422416687,0.44009271264076233,0.5465852618217468,1.109260618686676
3190,0.10252346843481064,0.3831927180290222,0.4642643630504608,0.9499805495142937
3191,0.1116173267364502,0.505292534828186,0.6194009780883789,1.2363108396530151
3192,0.13217444717884064,0.47424110770225525,0.5768052935600281,1.183220848441124
3193,0.1531914621591568,0.633994460105896,0.6754879355430603,1.462673857808113
3194,0.11097799241542816,0.48074692487716675,0.5612010359764099,1.1529259532690048
3195,0.1256455034017563,0.44267040491104126,0.5230461359024048,1.0913620442152023
3196,0.15010547637939453,0.6670382022857666,0.7046262621879578,1.521769940853119
3197,0.10845081508159637,0.47128134965896606,0.561874270439148,1.1416064351797104
3198,0.16519801318645477,0.5614171028137207,0.5871954560279846,1.31381057202816
3199,0.10866457968950272,0.49397894740104675,0.5791715383529663,1.1818150654435158
3200,0.1348363310098648,0.5316440463066101,0.6018357276916504,1.2683161050081253
3201,0.09980080276727676,0.47634848952293396,0.5113803148269653,1.087529607117176
3202,0.09780470281839371,0.5026687979698181,0.4998690187931061,1.100342519581318
3203,0.11367591470479965,0.44091421365737915,0.5071409344673157,1.0617310628294945
3204,0.11654649674892426,0.4447336196899414,0.5759013295173645,1.1371814459562302
3205,0.16009241342544556,0.5304335951805115,0.6203223466873169,1.310848355293274
3206,0.11610295623540878,0.36684274673461914,0.49099981784820557,0.9739455208182335
3207,0.11593367904424667,0.4250200092792511,0.558066725730896,1.0990204140543938
3208,0.12675149738788605,0.5015131235122681,0.5617342591285706,1.1899988800287247
3209,0.1261604130268097,0.44586044549942017,0.5568282008171082,1.128849059343338
3210,0.10192254930734634,0.42402777075767517,0.5523489713668823,1.0782992914319038
3211,0.12053962051868439,0.44346883893013,0.5455983281135559,1.1096067875623703
3212,0.12434381991624832,0.4961889684200287,0.5769811868667603,1.1975139752030373
3213,0.11345530301332474,0.4563218653202057,0.5018061399459839,1.0715833082795143
3214,0.13939256966114044,0.5839618444442749,0.6367669701576233,1.3601213842630386
3215,0.10067658126354218,0.3955007791519165,0.5309203863143921,1.0270977467298508
3216,0.1502324938774109,0.47582894563674927,0.6221631169319153,1.2482245564460754
3217,0.1237156093120575,0.5110496878623962,0.6551053524017334,1.2898706495761871
3218,0.10432148724794388,0.4189257323741913,0.5487884879112244,1.0720357075333595
3219,0.13312125205993652,0.5010226368904114,0.6019201874732971,1.236064076423645
3220,0.11764342337846756,0.47434860467910767,0.5440576076507568,1.136049635708332
3221,0.16943775117397308,0.6516622304916382,0.6700331568717957,1.491133138537407
3222,0.15377746522426605,0.6023257374763489,0.6391968727111816,1.3953000754117966
3223,0.11683323234319687,0.5169128179550171,0.5403265953063965,1.1740726456046104
3224,0.1308804154396057,0.482207715511322,0.5635989904403687,1.1766871213912964
3225,0.09995666891336441,0.2980915606021881,0.40655606985092163,0.8046042993664742
3226,0.1376117616891861,0.5231040120124817,0.6403108239173889,1.3010265976190567
3227,0.11040637642145157,0.385989248752594,0.5127735733985901,1.0091691985726357
3228,0.14691473543643951,0.5310214161872864,0.5872936844825745,1.2652298361063004
3229,0.17222240567207336,0.6221326589584351,0.6661809682846069,1.4605360329151154
3230,0.14178478717803955,0.5743152499198914,0.5802268385887146,1.2963268756866455
3231,0.11246756464242935,0.4185313880443573,0.4771887958049774,1.008187748491764
3232,0.10105892270803452,0.4494783878326416,0.5117833614349365,1.0623206719756126
3233,0.09392674267292023,0.3995344042778015,0.5065920352935791,1.0000531822443008
3234,0.1661444753408432,0.5523859262466431,0.6627161502838135,1.3812465518712997
3235,0.11790885031223297,0.4592421352863312,0.5664253234863281,1.1435763090848923
3236,0.1483125537633896,0.42482995986938477,0.5467798709869385,1.1199223846197128
3237,0.11674616485834122,0.4465666115283966,0.5544876456260681,1.117800422012806
3238,0.10249169170856476,0.3315722942352295,0.44758450984954834,0.8816484957933426
3239,0.17615671455860138,0.6104307174682617,0.6839199662208557,1.4705073982477188
3240,0.13324935734272003,0.48209768533706665,0.5846394300460815,1.1999864727258682
3241,0.12487482279539108,0.5509318709373474,0.6502143740653992,1.3260210677981377
3242,0.10305225849151611,0.4193066358566284,0.5734310746192932,1.0957899689674377
3243,0.15503017604351044,0.47560033202171326,0.649024486541748,1.2796549946069717
3244,0.12262699007987976,0.5707011818885803,0.7300344705581665,1.4233626425266266
3245,0.14132992923259735,0.5511520504951477,0.7209804654121399,1.413462445139885
3246,0.13008883595466614,0.4302414059638977,0.5638967156410217,1.1242269575595856
3247,0.13906395435333252,0.45641422271728516,0.540605366230011,1.1360835433006287
3248,0.13179133832454681,0.5149548053741455,0.5530164241790771,1.1997625678777695
3249,0.1365039348602295,0.6235527992248535,0.6791521310806274,1.4392088651657104
3250,0.13140979409217834,0.5781859159469604,0.6431529521942139,1.3527486622333527
3251,0.150873601436615,0.4667019248008728,0.6002143621444702,1.217789888381958
3252,0.11334080994129181,0.46826452016830444,0.592663049697876,1.1742683798074722
3253,0.0946483165025711,0.4109385907649994,0.5209736824035645,1.026560589671135
3254,0.12548018991947174,0.4702327847480774,0.5957307815551758,1.191443756222725
3255,0.1378740519285202,0.5145605802536011,0.5693894028663635,1.2218240350484848
3256,0.09805965423583984,0.437806636095047,0.5361160635948181,1.071982353925705
3257,0.14480060338974,0.5628630518913269,0.5940904021263123,1.3017540574073792
3258,0.13439126312732697,0.5462728142738342,0.5870214700698853,1.2676855474710464
3259,0.18971961736679077,0.709855854511261,0.7688263654708862,1.668401837348938
3260,0.11497078835964203,0.31314030289649963,0.3988519012928009,0.8269629925489426
3261,0.1618257462978363,0.4120786488056183,0.5443015098571777,1.1182059049606323
3262,0.13527131080627441,0.4201306700706482,0.5230422019958496,1.0784441828727722
3263,0.0988355278968811,0.3822742700576782,0.4578073024749756,0.9389171004295349
3264,0.15041469037532806,0.615079939365387,0.6197370290756226,1.3852316588163376
3265,0.17982357740402222,0.7408385872840881,0.7291454672813416,1.649807631969452
3266,0.16799242794513702,0.7038527131080627,0.661331057548523,1.5331761986017227
3267,0.16920964419841766,0.6724843382835388,0.6390969157218933,1.4807908982038498
3268,0.11667449027299881,0.4171515703201294,0.4822246730327606,1.0160507336258888
3269,0.10627555102109909,0.4051416516304016,0.518893837928772,1.0303110405802727
3270,0.13038668036460876,0.4396807551383972,0.56466144323349,1.134728878736496
3271,0.10524019598960876,0.4312760531902313,0.5686975121498108,1.1052137613296509
3272,0.14965277910232544,0.5072497129440308,0.6525058746337891,1.3094083666801453
3273,0.135896697640419,0.5831910967826843,0.652482807636261,1.3715706020593643
3274,0.15181788802146912,0.6676225066184998,0.6845512390136719,1.5039916336536407
3275,0.11660182476043701,0.5072346925735474,0.5138094425201416,1.137645959854126
3276,0.09068039804697037,0.37183332443237305,0.42264947295188904,0.8851631954312325
3277,0.11395157873630524,0.4087398648262024,0.4715820252895355,0.9942734688520432
3278,0.11058128625154495,0.42029687762260437,0.5368162393569946,1.067694403231144
3279,0.13509228825569153,0.39005884528160095,0.5021331310272217,1.0272842645645142
3280,0.12218654900789261,0.41925033926963806,0.5262624621391296,1.0676993504166603
3281,0.15321485698223114,0.6313416957855225,0.6625771522521973,1.4471337050199509
3282,0.12412947416305542,0.5092490911483765,0.5716533660888672,1.205031931400299
3283,0.13396970927715302,0.5513933897018433,0.5898999571800232,1.2752630561590195
3284,0.1405792236328125,0.5340134501457214,0.5285478234291077,1.2031404972076416
3285,0.1426798552274704,0.5403742790222168,0.5712586045265198,1.254312738776207
3286,0.13327841460704803,0.4329913258552551,0.5218245387077332,1.0880942791700363
3287,0.12662094831466675,0.6352350115776062,0.7135582566261292,1.475414216518402
3288,0.09678753465414047,0.34928372502326965,0.4520202577114105,0.8980915173888206
3289,0.1067114770412445,0.4289714992046356,0.5086187124252319,1.044301688671112
3290,0.14295506477355957,0.6700553894042969,0.6662136316299438,1.4792240858078003
3291,0.11118391156196594,0.46572524309158325,0.4936979413032532,1.0706070959568024
3292,0.14322252571582794,0.7809526920318604,0.7236107587814331,1.6477859765291214
3293,0.11328650265932083,0.5175178647041321,0.540103554725647,1.1709079220890999
3294,0.09501849859952927,0.4144245386123657,0.47210973501205444,0.9815527722239494
3295,0.17168426513671875,0.6310811638832092,0.6670116186141968,1.4697770476341248
3296,0.11664194613695145,0.45929259061813354,0.4520924687385559,1.028027005493641
3297,0.11119986325502396,0.4343043267726898,0.5264158844947815,1.0719200745224953
3298,0.12375640869140625,0.563844621181488,0.5867754220962524,1.2743764519691467
3299,0.08129698038101196,0.4457651972770691,0.499401330947876,1.026463508605957
3300,0.13194069266319275,0.5763214826583862,0.5455425381660461,1.2538047134876251
3301,0.10676243901252747,0.5258437395095825,0.5618298649787903,1.1944360435009003
3302,0.13468579947948456,0.5445706248283386,0.5695448517799377,1.248801276087761
3303,0.12329357117414474,0.5022844672203064,0.5874532461166382,1.2130312845110893
3304,0.11232195049524307,0.49322226643562317,0.527285635471344,1.1328298524022102
3305,0.15436407923698425,0.583600640296936,0.6594606637954712,1.3974253833293915
3306,0.13265691697597504,0.579651951789856,0.7162240743637085,1.4285329431295395
3307,0.16414494812488556,0.6988236308097839,0.7236112356185913,1.5865798145532608
3308,0.12795010209083557,0.48919248580932617,0.549605131149292,1.1667477190494537
3309,0.13538993895053864,0.5045078992843628,0.5392634868621826,1.179161325097084
3310,0.134492427110672,0.672779381275177,0.6510553359985352,1.4583271443843842
3311,0.12474559247493744,0.4976782202720642,0.567156970500946,1.1895807832479477
3312,0.11215545237064362,0.4798547923564911,0.5275493264198303,1.119559571146965
3313,0.1669333130121231,0.6455599069595337,0.7390598654747009,1.5515530854463577
3314,0.12971659004688263,0.4443078935146332,0.5730158090591431,1.1470402926206589
3315,0.1171649917960167,0.4344767928123474,0.5136377215385437,1.0652795061469078
3316,0.10032109916210175,0.3510739207267761,0.4179058372974396,0.8693008571863174
3317,0.12161998450756073,0.522758424282074,0.5626507997512817,1.2070292085409164
3318,0.13116483390331268,0.5427854061126709,0.5530908107757568,1.2270410507917404
3319,0.08558853715658188,0.3474912643432617,0.3868316113948822,0.8199114128947258
3320,0.13514533638954163,0.55861496925354,0.6052941083908081,1.2990544140338898
3321,0.13810451328754425,0.5591160655021667,0.5965378880500793,1.2937584668397903
3322,0.11987080425024033,0.38785630464553833,0.4825763702392578,0.9903034791350365
3323,0.1246478334069252,0.5518147349357605,0.6667706370353699,1.3432332053780556
3324,0.1538989245891571,0.548008143901825,0.6252568960189819,1.327163964509964
3325,0.09051427990198135,0.3148932456970215,0.4540604054927826,0.8594679310917854
3326,0.10914843529462814,0.48610180616378784,0.5357352495193481,1.1309854909777641
3327,0.09498961269855499,0.4093364179134369,0.500312328338623,1.004638358950615
3328,0.12254142761230469,0.5001688003540039,0.5394896268844604,1.162199854850769
3329,0.1785193234682083,0.7318944931030273,0.7649115920066833,1.675325408577919
3330,0.0958312451839447,0.3709816336631775,0.4772324562072754,0.9440453350543976
3331,0.10480678826570511,0.4756741225719452,0.6005122661590576,1.180993176996708
3332,0.11910063773393631,0.4534133970737457,0.5542696714401245,1.1267837062478065
3333,0.10504620522260666,0.40015000104904175,0.5642839074134827,1.069480113685131
3334,0.10408123582601547,0.3764785826206207,0.4699186086654663,0.9504784271121025
3335,0.14241857826709747,0.4637892246246338,0.5529006123542786,1.1591084152460098
3336,0.14696767926216125,0.5047211050987244,0.6354381442070007,1.2871269285678864
3337,0.16566891968250275,0.587200939655304,0.6634551286697388,1.4163249880075455
3338,0.11212868243455887,0.47198718786239624,0.6212347149848938,1.205350585281849
3339,0.11268913745880127,0.44912654161453247,0.5589779615402222,1.120793640613556
3340,0.1035836711525917,0.45493778586387634,0.5916212797164917,1.1501427367329597
3341,0.1426803171634674,0.611290454864502,0.6802066564559937,1.434177428483963
3342,0.1085139662027359,0.4134000241756439,0.5463994145393372,1.068313404917717
3343,0.14342133700847626,0.6158267855644226,0.6387596726417542,1.398007795214653
3344,0.15668046474456787,0.5239893198013306,0.5732090473175049,1.2538788318634033
3345,0.12077634781599045,0.5452582240104675,0.6348695755004883,1.3009041473269463
3346,0.16080398857593536,0.4377289116382599,0.5460990071296692,1.1446319073438644
3347,0.11177650839090347,0.36394810676574707,0.46268966794013977,0.9384142830967903
3348,0.13403238356113434,0.48508182168006897,0.6187573075294495,1.2378715127706528
3349,0.15163056552410126,0.46038171648979187,0.5768769979476929,1.188889279961586
3350,0.14215439558029175,0.6321139931678772,0.6781376600265503,1.4524060487747192
3351,0.11366993933916092,0.45540088415145874,0.5606837272644043,1.129754550755024
3352,0.1139882430434227,0.4339234530925751,0.5243518352508545,1.0722635313868523
3353,0.13657906651496887,0.6529110074043274,0.7040738463401794,1.4935639202594757
3354,0.10467580705881119,0.49080690741539,0.5608737468719482,1.1563564613461494
3355,0.15775641798973083,0.5308777093887329,0.5866011381149292,1.275235265493393
3356,0.12821254134178162,0.5174126625061035,0.5787258744239807,1.2243510782718658
3357,0.1440618932247162,0.5786854028701782,0.60211580991745,1.3248631060123444
3358,0.09982791543006897,0.45413604378700256,0.5104960203170776,1.0644599795341492
3359,0.10940694808959961,0.44646894931793213,0.4998398423194885,1.0557157397270203
3360,0.11352099478244781,0.43870458006858826,0.5085675716400146,1.0607931464910507
3361,0.1262364238500595,0.5418561100959778,0.5765751600265503,1.2446676939725876
3362,0.15365269780158997,0.6360160708427429,0.6215990781784058,1.4112678468227386
3363,0.10023453831672668,0.4280783236026764,0.4900691509246826,1.0183820128440857
3364,0.12261927127838135,0.4490606486797333,0.5563364624977112,1.1280163824558258
3365,0.12778563797473907,0.5034121870994568,0.5609855055809021,1.192183330655098
3366,0.1214265376329422,0.4722152650356293,0.5577087998390198,1.1513506025075912
3367,0.12145800143480301,0.42127424478530884,0.5526419281959534,1.0953741744160652
3368,0.12518569827079773,0.4539133310317993,0.5470395684242249,1.126138597726822
3369,0.14095129072666168,0.5071253776550293,0.5759261846542358,1.2240028530359268
3370,0.11248522251844406,0.46188193559646606,0.5004734992980957,1.0748406574130058
3371,0.15152110159397125,0.6182164549827576,0.6325401067733765,1.4022776633501053
3372,0.0996796190738678,0.45657259225845337,0.5300416946411133,1.0862939059734344
3373,0.13143961131572723,0.5494277477264404,0.6207508444786072,1.3016182035207748
3374,0.11667682230472565,0.6286871433258057,0.65235835313797,1.3977223187685013
3375,0.10903956741094589,0.4118034541606903,0.5486425161361694,1.0694855377078056
3376,0.14666607975959778,0.48484620451927185,0.6041319966316223,1.235644280910492
3377,0.12020467221736908,0.39727288484573364,0.5432907342910767,1.0607682913541794
3378,0.14323365688323975,0.5614101886749268,0.6696902513504028,1.3743340969085693
3379,0.1430967003107071,0.5519561767578125,0.6390995383262634,1.334152415394783
3380,0.12734098732471466,0.5171239376068115,0.5401208400726318,1.184585765004158
3381,0.12584395706653595,0.513188362121582,0.5600091814994812,1.1990415006875992
3382,0.10193925350904465,0.36919498443603516,0.4043838083744049,0.8755180463194847
3383,0.19202689826488495,0.5821237564086914,0.6385002136230469,1.4126508682966232
3384,0.11504002660512924,0.4040324091911316,0.5117863416671753,1.0308587774634361
3385,0.14074547588825226,0.439292848110199,0.5852326154708862,1.1652709394693375
3386,0.14439666271209717,0.4775350093841553,0.6651760339736938,1.2871077060699463
3387,0.14036685228347778,0.473586767911911,0.5792157649993896,1.1931693851947784
3388,0.09324130415916443,0.38520437479019165,0.4772113859653473,0.9556570649147034
3389,0.0956185832619667,0.44743290543556213,0.5102194547653198,1.0532709434628487
3390,0.11993270367383957,0.46341532468795776,0.5057464838027954,1.0890945121645927
3391,0.22281911969184875,0.6078965067863464,0.664313554763794,1.4950291812419891
3392,0.13834427297115326,0.4620780348777771,0.5655871033668518,1.1660094112157822
3393,0.14710277318954468,0.4013701379299164,0.5475097894668579,1.095982700586319
3394,0.11656197905540466,0.4092518091201782,0.5544613003730774,1.0802750885486603
3395,0.09251862019300461,0.29585397243499756,0.4480717182159424,0.8364443108439445
3396,0.1680062711238861,0.5671213865280151,0.6851444840431213,1.4202721416950226
3397,0.12881024181842804,0.503296971321106,0.5849364995956421,1.217043712735176
3398,0.13997609913349152,0.6156359910964966,0.6539083123207092,1.4095204025506973
3399,0.12246280163526535,0.48073050379753113,0.5738969445228577,1.1770902499556541
3400,0.18996796011924744,0.5384305119514465,0.6478967070579529,1.3762951791286469
3401,0.16014336049556732,0.6762094497680664,0.7288990020751953,1.565251812338829
3402,0.17346718907356262,0.5682021975517273,0.718970775604248,1.460640162229538
3403,0.15221400558948517,0.4617231488227844,0.5643760561943054,1.178313210606575
3404,0.12323663383722305,0.41821014881134033,0.5412470698356628,1.0826938524842262
3405,0.14699675142765045,0.5407550930976868,0.5556118488311768,1.243363693356514
3406,0.12978008389472961,0.5864890813827515,0.678125262260437,1.394394427537918
3407,0.14674672484397888,0.5785393118858337,0.6409026980400085,1.3661887347698212
3408,0.14929765462875366,0.5412079095840454,0.5988994240760803,1.2894049882888794
3409,0.12366752326488495,0.5938754081726074,0.5913059115409851,1.3088488429784775
3410,0.10520253330469131,0.41056638956069946,0.5186868906021118,1.0344558134675026
3411,0.11312362551689148,0.4367346167564392,0.5929804444313049,1.1428386867046356
3412,0.133764386177063,0.4769231975078583,0.5684958100318909,1.1791833937168121
3413,0.1254848837852478,0.3845503628253937,0.5360338687896729,1.0460691154003143
3414,0.13307514786720276,0.5204818844795227,0.5940373539924622,1.2475943863391876
3415,0.13094072043895721,0.5228499174118042,0.587425172328949,1.2412158101797104
3416,0.19062396883964539,0.7287053465843201,0.7685734033584595,1.687902718782425
3417,0.09984773397445679,0.34763678908348083,0.39723455905914307,0.8447190821170807
3418,0.12741705775260925,0.47111573815345764,0.542428731918335,1.1409615278244019
3419,0.12371907383203506,0.44321727752685547,0.5199922323226929,1.0869285836815834
3420,0.08942238986492157,0.3398023545742035,0.4571247398853302,0.8863494843244553
3421,0.133555606007576,0.5515749454498291,0.61692214012146,1.302052691578865
3422,0.17538942396640778,0.5827810168266296,0.7276825904846191,1.4858530312776566
3423,0.1485212743282318,0.5722736716270447,0.6585394144058228,1.3793343603610992
3424,0.13183672726154327,0.5925513505935669,0.6383610367774963,1.3627491146326065
3425,0.10091971606016159,0.3949008285999298,0.47978514432907104,0.9756056889891624
3426,0.09759669750928879,0.39445072412490845,0.5161986947059631,1.0082461163401604
3427,0.13467009365558624,0.4640743136405945,0.5592913627624512,1.158035770058632
3428,0.13526472449302673,0.4675264358520508,0.5659630298614502,1.1687541902065277
3429,0.16829855740070343,0.5456828474998474,0.6510937809944153,1.3650751858949661
3430,0.127366304397583,0.48799988627433777,0.6496227979660034,1.2649889886379242
3431,0.177036315202713,0.5639033913612366,0.6805227994918823,1.421462506055832
3432,0.10572734475135803,0.42086830735206604,0.5115610361099243,1.0381566882133484
3433,0.09324346482753754,0.3360404968261719,0.42153728008270264,0.850821241736412
3434,0.12116315960884094,0.4402163624763489,0.4708067774772644,1.0321862995624542
3435,0.11011366546154022,0.4737771451473236,0.5374207496643066,1.1213115602731705
3436,0.1295793652534485,0.41027769446372986,0.5000179409980774,1.0398750007152557
3437,0.12107285112142563,0.4625120460987091,0.5258643627166748,1.1094492599368095
3438,0.1486852467060089,0.6062313914299011,0.6628313064575195,1.4177479445934296
3439,0.11127369850873947,0.4192582070827484,0.5727974772453308,1.1033293828368187
3440,0.1173245832324028,0.42163607478141785,0.5911816358566284,1.130142293870449
3441,0.12712933123111725,0.39603856205940247,0.529566764831543,1.0527346581220627
3442,0.16062068939208984,0.5238854289054871,0.571599543094635,1.256105661392212
3443,0.1139640212059021,0.4962804317474365,0.5246022939682007,1.1348467469215393
3444,0.12889038026332855,0.7381256818771362,0.7129981517791748,1.5800142139196396
3445,0.09366607666015625,0.44888579845428467,0.45309025049209595,0.9956421256065369
3446,0.1188860610127449,0.5110750198364258,0.508177638053894,1.1381387189030647
3447,0.15093311667442322,0.6123992204666138,0.6698466539382935,1.4331789910793304
3448,0.12673427164554596,0.43175655603408813,0.5001003742218018,1.0585912019014359
3449,0.16258859634399414,0.5838255882263184,0.7224054336547852,1.4688196182250977
3450,0.09487126022577286,0.4803374707698822,0.5386830568313599,1.113891787827015
3451,0.09816072881221771,0.4859020411968231,0.4698721766471863,1.0539349466562271
3452,0.13004279136657715,0.7261899709701538,0.6634787917137146,1.5197115540504456
3453,0.08710727095603943,0.5443956851959229,0.4563770592212677,1.08788001537323
3454,0.10695943981409073,0.47052931785583496,0.5249437689781189,1.1024325266480446
3455,0.13802218437194824,0.5722954273223877,0.5869717001914978,1.2972893118858337
3456,0.08833260834217072,0.37570393085479736,0.49794286489486694,0.961979404091835
3457,0.13434308767318726,0.502769410610199,0.5436770915985107,1.180789589881897
3458,0.12464696913957596,0.47103920578956604,0.5610311031341553,1.1567172780632973
3459,0.14177179336547852,0.499146044254303,0.5686143636703491,1.2095322012901306
3460,0.09273557364940643,0.5072947144508362,0.5852725505828857,1.1853028386831284
3461,0.08922716975212097,0.5148559808731079,0.5258103013038635,1.1298934519290924
3462,0.13965211808681488,0.6171802282333374,0.6576416492462158,1.414473995566368
3463,0.09628403186798096,0.6635419130325317,0.7162153720855713,1.476041316986084
3464,0.15129035711288452,0.6862855553627014,0.7242059111595154,1.5617818236351013
3465,0.11689493805170059,0.47895240783691406,0.5519199371337891,1.1477672830224037
3466,0.10722199082374573,0.4689948260784149,0.5379322171211243,1.114149034023285
3467,0.1384846419095993,0.6367037296295166,0.6487087607383728,1.4238971322774887
3468,0.11988744139671326,0.4982394576072693,0.5663226842880249,1.1844495832920074
3469,0.11870277673006058,0.483296662569046,0.5263949632644653,1.128394402563572
3470,0.16266195476055145,0.6791738271713257,0.7385579347610474,1.5803937166929245
3471,0.1090870201587677,0.47587212920188904,0.5718121528625488,1.1567713022232056
3472,0.1026955246925354,0.46548163890838623,0.5147097110748291,1.0828868746757507
3473,0.08630290627479553,0.32068920135498047,0.4184715151786804,0.8254636228084564
3474,0.130130797624588,0.4659367799758911,0.5626202821731567,1.1586878597736359
3475,0.13043390214443207,0.4867945909500122,0.5530346035957336,1.170263096690178
3476,0.07695908099412918,0.32434964179992676,0.3878078758716583,0.7891165986657143
3477,0.11824188381433487,0.5250614285469055,0.606030285358429,1.2493335977196693
3478,0.11439742147922516,0.5629520416259766,0.5980417728424072,1.275391235947609
3479,0.11125592887401581,0.4055841267108917,0.48827651143074036,1.0051165670156479
3480,0.11813224852085114,0.5337934494018555,0.6665213108062744,1.318447008728981
3481,0.15865884721279144,0.5736759305000305,0.6310856938362122,1.3634204715490341
3482,0.09722607582807541,0.31936705112457275,0.4552624523639679,0.8718555793166161
3483,0.12444822490215302,0.4515113830566406,0.5365709662437439,1.1125305742025375
3484,0.09783836454153061,0.3874960243701935,0.5008538961410522,0.9861882850527763
3485,0.1024945080280304,0.4459470212459564,0.5395194888114929,1.0879610180854797
3486,0.175275519490242,0.6864267587661743,0.7688994407653809,1.6306017190217972
3487,0.09234938025474548,0.3846524953842163,0.47766780853271484,0.9546696841716766
3488,0.09702790528535843,0.4940306842327118,0.6004740595817566,1.1915326490998268
3489,0.11706904321908951,0.44916266202926636,0.5567553043365479,1.1229870095849037
3490,0.11908043175935745,0.3859163522720337,0.5662299990653992,1.0712267830967903
3491,0.10403184592723846,0.38459542393684387,0.47271639108657837,0.9613436609506607
3492,0.1320384442806244,0.4503554701805115,0.5528784990310669,1.1352724134922028
3493,0.13092894852161407,0.5459353923797607,0.6370833516120911,1.3139476925134659
3494,0.1297127902507782,0.61208176612854,0.6660360097885132,1.4078305661678314
3495,0.09679055958986282,0.5380430221557617,0.6224013566970825,1.257234938442707
3496,0.14374199509620667,0.5146227478981018,0.5601693987846375,1.218534141778946
3497,0.125844806432724,0.4890550374984741,0.5921875238418579,1.207087367773056
3498,0.15652137994766235,0.6229144930839539,0.6788046360015869,1.4582405090332031
3499,0.0972306951880455,0.40272459387779236,0.5463929176330566,1.0463482066988945
3500,0.16556820273399353,0.5116426348686218,0.639410138130188,1.3166209757328033
3501,0.12532393634319305,0.48650139570236206,0.570401132106781,1.1822264641523361
3502,0.10381121188402176,0.554121196269989,0.6344491243362427,1.2923815324902534
3503,0.12219662964344025,0.46160635352134705,0.5460895895957947,1.129892572760582
3504,0.10391324013471603,0.4231277406215668,0.4624515473842621,0.9894925281405449
3505,0.1495167315006256,0.6072915196418762,0.6201590299606323,1.3769672811031342
3506,0.14166119694709778,0.5077178478240967,0.5780779123306274,1.227456957101822
3507,0.16779126226902008,0.5930163860321045,0.6752959489822388,1.4361035972833633
3508,0.14458535611629486,0.42612791061401367,0.5597567558288574,1.130470022559166
3509,0.11253637820482254,0.41447028517723083,0.5262738466262817,1.0532805100083351
3510,0.14343330264091492,0.6814872622489929,0.706475019454956,1.531395584344864
3511,0.10674270242452621,0.5169519186019897,0.5643008351325989,1.1879954561591148
3512,0.13526752591133118,0.5865797996520996,0.5904470086097717,1.3122943341732025
3513,0.11144178360700607,0.603345513343811,0.5833896398544312,1.2981769368052483
3514,0.14460216462612152,0.6249070763587952,0.6025682091712952,1.3720774501562119
3515,0.12825550138950348,0.5246691107749939,0.5077692270278931,1.1606938391923904
3516,0.12010461091995239,0.4575362801551819,0.4995664358139038,1.077207326889038
3517,0.12743543088436127,0.41657254099845886,0.5057908892631531,1.0497988611459732
3518,0.1111474335193634,0.46889546513557434,0.576941728591919,1.1569846272468567
3519,0.15240758657455444,0.5706384181976318,0.6211346983909607,1.344180703163147
3520,0.12381520867347717,0.38702622056007385,0.49264293909072876,1.0034843683242798
3521,0.10950899869203568,0.4902597665786743,0.5610035061836243,1.1607722714543343
3522,0.12472431361675262,0.6022272109985352,0.5681407451629639,1.2950922697782516
3523,0.12534648180007935,0.5859472751617432,0.5623253583908081,1.2736191153526306
3524,0.09879972785711288,0.5232061147689819,0.5557567477226257,1.1777625903487206
3525,0.12751512229442596,0.5440066456794739,0.5495526790618896,1.2210744470357895
3526,0.12873689830303192,0.47433316707611084,0.5768355131149292,1.179905578494072
3527,0.13196414709091187,0.42292484641075134,0.5018523335456848,1.056741327047348
3528,0.14772368967533112,0.533932626247406,0.6327303051948547,1.3143866211175919
3529,0.11899962276220322,0.4027414917945862,0.5308519601821899,1.0525930747389793
3530,0.13911841809749603,0.5687352418899536,0.6223673820495605,1.3302210420370102
3531,0.117623470723629,0.6807788014411926,0.6504014134407043,1.448803685605526
3532,0.11590595543384552,0.4616476893424988,0.5478724241256714,1.1254260689020157
3533,0.12359984964132309,0.5443301200866699,0.602005124092102,1.269935093820095
3534,0.12788531184196472,0.42725515365600586,0.5425248146057129,1.0976652801036835
3535,0.13688607513904572,0.5413042902946472,0.6684377193450928,1.3466280847787857
3536,0.12278006225824356,0.48970136046409607,0.636191725730896,1.2486731484532356
3537,0.11467183381319046,0.4177059233188629,0.5374364256858826,1.069814182817936
3538,0.13845393061637878,0.4112168252468109,0.558120608329773,1.1077913641929626
3539,0.08847403526306152,0.30060914158821106,0.40324094891548157,0.7923241257667542
3540,0.16903620958328247,0.5122033357620239,0.6359503865242004,1.3171899318695068
3541,0.11720901727676392,0.4158303737640381,0.5115873217582703,1.0446267127990723
3542,0.15852417051792145,0.47101956605911255,0.5849716663360596,1.2145154029130936
3543,0.17168208956718445,0.4799509048461914,0.6652094721794128,1.3168424665927887
3544,0.10987932980060577,0.45516860485076904,0.5792766809463501,1.144324615597725
3545,0.08760370314121246,0.2830300033092499,0.4768933057785034,0.8475270122289658
3546,0.09583476930856705,0.3487260043621063,0.510296106338501,0.9548568800091743
3547,0.0882558599114418,0.35417088866233826,0.5039030909538269,0.946329839527607
3548,0.1757238656282425,0.5279661417007446,0.6618202924728394,1.3655102998018265
3549,0.10840636491775513,0.4849468767642975,0.5640638470649719,1.1574170887470245
3550,0.18162992596626282,0.47401294112205505,0.5461539030075073,1.2017967700958252
3551,0.1394788771867752,0.4696558713912964,0.5548745393753052,1.1640092879533768
3552,0.09183384478092194,0.3103652596473694,0.44676756858825684,0.8489666730165482
3553,0.15753090381622314,0.5258092880249023,0.6865721344947815,1.369912326335907
3554,0.156129390001297,0.41614603996276855,0.5851650834083557,1.1574405133724213
3555,0.12133432924747467,0.5075118541717529,0.652862012386322,1.2817081958055496
3556,0.10616044700145721,0.4443955719470978,0.5736743807792664,1.1242303997278214
3557,0.14550015330314636,0.5389585494995117,0.6482256650924683,1.3326843678951263
3558,0.13880319893360138,0.6885177493095398,0.729831337928772,1.5571522861719131
3559,0.16703569889068604,0.6160196661949158,0.719406247138977,1.5024616122245789
3560,0.1397884339094162,0.5150487422943115,0.5660619735717773,1.220899149775505
3561,0.11016275733709335,0.43545863032341003,0.5423317551612854,1.0879531428217888
3562,0.17586743831634521,0.44509926438331604,0.5534273982048035,1.1743941009044647
3563,0.15275877714157104,0.5207682251930237,0.6785881519317627,1.3521151542663574
3564,0.12940718233585358,0.5294336080551147,0.6445702910423279,1.3034110814332962
3565,0.15809546411037445,0.4888564348220825,0.5992070436477661,1.246158942580223
3566,0.129961758852005,0.5578786134719849,0.5909507870674133,1.2787911593914032
3567,0.11895963549613953,0.45269879698753357,0.5174155831336975,1.0890740156173706
3568,0.13464201986789703,0.46862414479255676,0.5911951661109924,1.1944613307714462
3569,0.15963634848594666,0.4733221232891083,0.5663142800331116,1.1992727518081665
3570,0.12472502142190933,0.36133649945259094,0.535861611366272,1.0219231322407722
3571,0.11948233842849731,0.42937323451042175,0.5929603576660156,1.1418159306049347
3572,0.1473541557788849,0.406107097864151,0.5859931707382202,1.139454424381256
3573,0.16354654729366302,0.5995821952819824,0.7668830156326294,1.5300117582082748
3574,0.09462886303663254,0.30876854062080383,0.3968365788459778,0.8002339825034142
3575,0.14232051372528076,0.4407046139240265,0.5422394871711731,1.1252646148204803
3576,0.11868085712194443,0.45674630999565125,0.5200981497764587,1.0955253168940544
3577,0.10545888543128967,0.37924009561538696,0.4575122594833374,0.942211240530014
3578,0.13688631355762482,0.5658565163612366,0.6160349249839783,1.3187777549028397
3579,0.18968334794044495,0.6547854542732239,0.7267067432403564,1.5711755454540253
3580,0.15651482343673706,0.5285939574241638,0.6591787338256836,1.3442875146865845
3581,0.16736765205860138,0.5131888389587402,0.6378799080848694,1.318436399102211
3582,0.10642080008983612,0.35042113065719604,0.48145973682403564,0.9383016675710678
3583,0.12517882883548737,0.3948996663093567,0.5173474550247192,1.0374259501695633
3584,0.13653787970542908,0.457789808511734,0.5572938323020935,1.1516215205192566
3585,0.0937766581773758,0.47627654671669006,0.5630282759666443,1.1330814808607101
3586,0.13253149390220642,0.5507506132125854,0.6494563817977905,1.3327384889125824
3587,0.1209120899438858,0.533346951007843,0.6482542157173157,1.3025132566690445
3588,0.1575172245502472,0.5991723537445068,0.6798641085624695,1.4365536868572235
3589,0.11798634380102158,0.40966859459877014,0.5090201497077942,1.036675088107586
3590,0.09184227138757706,0.3252384662628174,0.42066842317581177,0.8377491608262062
3591,0.1095423772931099,0.34905579686164856,0.46964284777641296,0.9282410219311714
3592,0.11785738915205002,0.42702749371528625,0.533721923828125,1.0786068066954613
3593,0.15269005298614502,0.38131964206695557,0.49723464250564575,1.0312443375587463
3594,0.18517524003982544,0.46018505096435547,0.5222699046134949,1.1676301956176758
3595,0.1906237155199051,0.6662626266479492,0.6595315337181091,1.5164178758859634
3596,0.12862657010555267,0.5051020979881287,0.5711361169815063,1.2048647850751877
3597,0.14392966032028198,0.47711312770843506,0.5898991227149963,1.2109419107437134
3598,0.11855728924274445,0.3918926417827606,0.5288248062133789,1.039274737238884
3599,0.12555454671382904,0.3923531770706177,0.569919228553772,1.0878269523382187
3600,0.10000242292881012,0.36117106676101685,0.5197722315788269,0.9809457212686539
3601,0.12497071921825409,0.6057040691375732,0.7114582657814026,1.44213305413723
3602,0.112300805747509,0.37612491846084595,0.4494747519493103,0.9379004761576653
3603,0.13204890489578247,0.45744588971138,0.5058683156967163,1.0953631103038788
3604,0.1796632558107376,0.6104173064231873,0.662807047367096,1.4528876096010208
3605,0.14223511517047882,0.46317702531814575,0.4970039129257202,1.1024160534143448
3606,0.15996769070625305,0.6084937453269958,0.7227295637130737,1.4911909997463226
3607,0.1006120815873146,0.41818767786026,0.5360511541366577,1.0548509135842323
3608,0.09829749912023544,0.35970252752304077,0.4712640643119812,0.9292640909552574
3609,0.1242995336651802,0.5323335528373718,0.6631386876106262,1.3197717741131783
3610,0.09651964157819748,0.4845166504383087,0.45780250430107117,1.0388387963175774
3611,0.1180570125579834,0.4261534512042999,0.5234507322311401,1.0676611959934235
3612,0.13488847017288208,0.5258849263191223,0.5826446413993835,1.243418037891388
3613,0.07810879498720169,0.3862948417663574,0.49515581130981445,0.9595594480633736
3614,0.12164527177810669,0.5532137155532837,0.5437804460525513,1.2186394333839417
3615,0.11765371263027191,0.4583798050880432,0.5600972771644592,1.1361307948827744
3616,0.1416756510734558,0.44548508524894714,0.570163905620575,1.157324641942978
3617,0.10768909752368927,0.4269007742404938,0.5880091190338135,1.1225989907979965
3618,0.12752443552017212,0.4261528551578522,0.5265358090400696,1.0802130997180939
3619,0.15438297390937805,0.5845969915390015,0.6568149328231812,1.3957948982715607
3620,0.10859649628400803,0.6060393452644348,0.714533805847168,1.4291696473956108
3621,0.1583295613527298,0.7180084586143494,0.7208070755004883,1.5971450954675674
3622,0.13152652978897095,0.48721981048583984,0.5484204292297363,1.1671667695045471
3623,0.11440692096948624,0.43585750460624695,0.5345194339752197,1.084783859550953
3624,0.12575644254684448,0.5796138048171997,0.6457590460777283,1.3511292934417725
3625,0.1313966065645218,0.4444367289543152,0.5676933526992798,1.1435266882181168
3626,0.11740437895059586,0.45048367977142334,0.5263375639915466,1.0942256227135658
3627,0.14505550265312195,0.6793742179870605,0.7401829957962036,1.564612716436386
3628,0.10706505924463272,0.515429675579071,0.5717940330505371,1.1942887678742409
3629,0.0996096283197403,0.4753389358520508,0.5134537816047668,1.088402345776558
3630,0.07524483650922775,0.32998406887054443,0.41752833127975464,0.8227572366595268
3631,0.11568225175142288,0.48936164379119873,0.5625872611999512,1.1676311567425728
3632,0.1314743310213089,0.4719815254211426,0.5526967644691467,1.1561526209115982
3633,0.08258652687072754,0.30640825629234314,0.38681843876838684,0.7758132219314575
3634,0.11578129976987839,0.5228697657585144,0.60454922914505,1.2432002946734428
3635,0.11048800498247147,0.5182491540908813,0.595049262046814,1.2237864211201668
3636,0.1100885421037674,0.38885655999183655,0.48323968052864075,0.9821847826242447
3637,0.10452353954315186,0.5472304224967957,0.6618931889533997,1.3136471509933472
3638,0.1331433206796646,0.557612955570221,0.6266576647758484,1.317413941025734
3639,0.07749549299478531,0.35812869668006897,0.4533616602420807,0.888985849916935
3640,0.09700698405504227,0.4751362204551697,0.5337806940078735,1.1059238985180855
3641,0.07589664310216904,0.3912585973739624,0.49766626954078674,0.9648215100169182
3642,0.11164883524179459,0.4487307667732239,0.538467288017273,1.0988468900322914
3643,0.16834412515163422,0.674859881401062,0.7652367949485779,1.608440801501274
3644,0.10780361294746399,0.36708399653434753,0.477781742811203,0.9526693522930145
3645,0.11812123656272888,0.5080187320709229,0.6018449664115906,1.2279849350452423
3646,0.11087660491466522,0.47219395637512207,0.5540036559104919,1.1370742172002792
3647,0.10367415100336075,0.4711686074733734,0.5658115148544312,1.1406542733311653
3648,0.10352437198162079,0.409931480884552,0.4714290499687195,0.9848849028348923
3649,0.14097410440444946,0.4538339674472809,0.5533331036567688,1.1481411755084991
3650,0.1376839429140091,0.5493016242980957,0.6370263695716858,1.3240119367837906
3651,0.11444371938705444,0.6048089265823364,0.6618913412094116,1.3811439871788025
3652,0.0941108912229538,0.49990952014923096,0.621268630027771,1.2152890413999557
3653,0.13125912845134735,0.523362934589386,0.5622541308403015,1.2168761938810349
3654,0.09880317002534866,0.5255929827690125,0.5908023715019226,1.2151985242962837
3655,0.13556943833827972,0.6663885116577148,0.6773973107337952,1.4793552607297897
3656,0.0973796546459198,0.4841194152832031,0.5475190281867981,1.129018098115921
3657,0.14663711190223694,0.5886686444282532,0.6391181945800781,1.3744239509105682
3658,0.12919801473617554,0.5167117714881897,0.5725844502449036,1.2184942364692688
3659,0.12152321636676788,0.5670050978660583,0.6332769989967346,1.3218053132295609
3660,0.12030765414237976,0.44608795642852783,0.5453934073448181,1.1117890179157257
3661,0.10145028680562973,0.373452365398407,0.46346157789230347,0.9383642300963402
3662,0.1137058362364769,0.532690703868866,0.6198304891586304,1.2662270292639732
3663,0.1030254065990448,0.5187240242958069,0.5787255167961121,1.2004749476909637
3664,0.12981532514095306,0.6433384418487549,0.6781134605407715,1.4512672275304794
3665,0.10313461720943451,0.48839280009269714,0.5607840418815613,1.152311459183693
3666,0.1251649409532547,0.42451950907707214,0.5252519845962524,1.0749364346265793
3667,0.1379529982805252,0.6272883415222168,0.7034445405006409,1.4686858803033829
3668,0.10116326063871384,0.4121682643890381,0.5612514019012451,1.074582926928997
3669,0.16928137838840485,0.514500081539154,0.5918801426887512,1.2756616026163101
3670,0.10823319107294083,0.50985187292099,0.5819223523139954,1.2000074163079262
3671,0.1427256017923355,0.5396640300750732,0.6011590361595154,1.2835486680269241
3672,0.1020871102809906,0.5172949433326721,0.5122485756874084,1.1316306293010712
3673,0.09432290494441986,0.4804089665412903,0.503881573677063,1.0786134451627731
3674,0.1099885106086731,0.46381494402885437,0.5064260363578796,1.080229490995407
3675,0.12325374782085419,0.49055716395378113,0.5747596025466919,1.1885705143213272
3676,0.16812950372695923,0.550154983997345,0.6211022734642029,1.339386761188507
3677,0.10313541442155838,0.3211561441421509,0.4898841977119446,0.9141757562756538
3678,0.11112381517887115,0.41025006771087646,0.5591251850128174,1.080499067902565
3679,0.13740868866443634,0.4686425030231476,0.5613484382629395,1.1673996299505234
3680,0.10838499665260315,0.45788338780403137,0.5602256655693054,1.12649405002594
3681,0.0870053693652153,0.4262350797653198,0.5541368126869202,1.0673772618174553
3682,0.1117565855383873,0.46267372369766235,0.5463672280311584,1.120797537267208
3683,0.1183447614312172,0.475454717874527,0.5767478346824646,1.1705473139882088
3684,0.10780107975006104,0.43993493914604187,0.5011821985244751,1.048918217420578
3685,0.12474841624498367,0.5343780517578125,0.6319094896316528,1.291035957634449
3686,0.10984917730093002,0.39048853516578674,0.5301826000213623,1.030520312488079
3687,0.12011311948299408,0.4641169607639313,0.6222150325775146,1.20644511282444
3688,0.1303076297044754,0.5422042012214661,0.6526808738708496,1.325192704796791
3689,0.12408706545829773,0.40259623527526855,0.5456354022026062,1.0723187029361725
3690,0.13037808239459991,0.502838671207428,0.6023728847503662,1.235589638352394
3691,0.10722167044878006,0.4043751060962677,0.5413395762443542,1.052936352789402
3692,0.14896368980407715,0.5405977368354797,0.6708474159240723,1.3604088425636292
3693,0.13881422579288483,0.4564651846885681,0.6354436278343201,1.230723038315773
3694,0.10138407349586487,0.3628276586532593,0.537301242351532,1.0015129745006561
3695,0.1182754784822464,0.3842473328113556,0.5610089898109436,1.0635318011045456
3696,0.08124241977930069,0.23439325392246246,0.40304091572761536,0.7186765894293785
3697,0.13404758274555206,0.4566652476787567,0.6369915008544922,1.227704331278801
3698,0.10499652475118637,0.37240907549858093,0.5114667415618896,0.988872341811657
3699,0.124449722468853,0.45089006423950195,0.5837762355804443,1.1591160222887993
3700,0.14711794257164001,0.4566246271133423,0.6642630696296692,1.2680056393146515
3701,0.11420059949159622,0.4374716579914093,0.576259195804596,1.1279314532876015
3702,0.08893207460641861,0.3083952069282532,0.4762296676635742,0.873556949198246
3703,0.09765392541885376,0.3286566436290741,0.5107387900352478,0.9370493590831757
3704,0.0820678323507309,0.3352590799331665,0.5043027400970459,0.9216296523809433
3705,0.14610332250595093,0.49362727999687195,0.6625739932060242,1.302304595708847
3706,0.10942739993333817,0.4300729036331177,0.5668991208076477,1.1063994243741035
3707,0.14692217111587524,0.38466113805770874,0.5476697683334351,1.079253077507019
3708,0.11116079241037369,0.4097948670387268,0.555065929889679,1.0760215893387794
3709,0.07718027383089066,0.29884853959083557,0.4470221996307373,0.8230510130524635
3710,0.1254797726869583,0.5457589030265808,0.6854884624481201,1.3567271381616592
3711,0.12407606095075607,0.4077927768230438,0.581021785736084,1.1128906235098839
3712,0.12973946332931519,0.4663547873497009,0.6511932015419006,1.2472874522209167
3713,0.1031922698020935,0.377987265586853,0.573991060256958,1.0551705956459045
3714,0.13520850241184235,0.4586605727672577,0.6477702260017395,1.2416393011808395
3715,0.12312579154968262,0.6032207608222961,0.7277610898017883,1.454107642173767
3716,0.13383173942565918,0.5567788481712341,0.7182822227478027,1.408892810344696
3717,0.11970642954111099,0.46781983971595764,0.5635741949081421,1.1511004641652107
3718,0.09875675290822983,0.4082576632499695,0.5415565967559814,1.0485710129141808
3719,0.12610888481140137,0.43965718150138855,0.5522959232330322,1.1180619895458221
3720,0.10177506506443024,0.532892644405365,0.6759713888168335,1.3106390982866287
3721,0.11921391636133194,0.45725739002227783,0.6411731839179993,1.217644490301609
3722,0.12971585988998413,0.4266956150531769,0.5987009406089783,1.1551124155521393
3723,0.12090710550546646,0.5082144737243652,0.5913395881652832,1.220461167395115
3724,0.09225399047136307,0.41359853744506836,0.518047034740448,1.0238995626568794
3725,0.1284460872411728,0.48907509446144104,0.5940117239952087,1.2115329056978226
3726,0.1301243007183075,0.5421860814094543,0.5669971108436584,1.2393074929714203
3727,0.10184265673160553,0.46334603428840637,0.5356490612030029,1.1008377522230148
3728,0.11906131356954575,0.5008533596992493,0.592475175857544,1.212389849126339
3729,0.11332707852125168,0.4095284342765808,0.5847092866897583,1.1075647994875908
3730,0.1503869742155075,0.5337823033332825,0.7672200202941895,1.4513892978429794
3731,0.08802707493305206,0.2660053074359894,0.39728495478630066,0.7513173371553421
3732,0.1151505634188652,0.477127343416214,0.5415067672729492,1.1337846741080284
3733,0.1162116527557373,0.46742725372314453,0.5210345387458801,1.104673445224762
3734,0.10869067162275314,0.43385234475135803,0.4566274583339691,0.9991704747080803
3735,0.1667081117630005,0.6969226598739624,0.618701696395874,1.482332468032837
3736,0.15311411023139954,0.7899985313415527,0.7279561161994934,1.6710687577724457
3737,0.14142344892024994,0.6566506028175354,0.659985363483429,1.4580594152212143
3738,0.15739497542381287,0.6011917591094971,0.6373715996742249,1.3959583342075348
3739,0.10106387734413147,0.3766208291053772,0.48364710807800293,0.9613318145275116
3740,0.10135231912136078,0.3823799192905426,0.5186158418655396,1.002348080277443
3741,0.14161936938762665,0.395152747631073,0.5596780180931091,1.0964501351118088
3742,0.1117325946688652,0.431539386510849,0.5639620423316956,1.1072340235114098
3743,0.1486421823501587,0.5804009437561035,0.6494286060333252,1.3784717321395874
3744,0.11382876336574554,0.6543275713920593,0.6491759419441223,1.4173322767019272
3745,0.1401384174823761,0.7182899713516235,0.6805307269096375,1.538959115743637
3746,0.11171600222587585,0.4944450557231903,0.507503092288971,1.113664150238037
3747,0.09293647855520248,0.32117095589637756,0.42045363783836365,0.8345610722899437
3748,0.10569927841424942,0.3593480885028839,0.4689022898674011,0.9339496567845345
3749,0.10807005316019058,0.38135045766830444,0.5356874465942383,1.0251079574227333
3750,0.07851965725421906,0.3351118862628937,0.49518656730651855,0.9088181108236313
3751,0.13343876600265503,0.41939249634742737,0.5225709676742554,1.0754022300243378
3752,0.15706810355186462,0.6470279097557068,0.6586002707481384,1.4626962840557098
3753,0.12669582664966583,0.4931615889072418,0.5701510310173035,1.1900084465742111
3754,0.13536998629570007,0.5092560648918152,0.5882991552352905,1.2329252064228058
3755,0.10997381061315536,0.5034593343734741,0.5297237038612366,1.143156848847866
3756,0.13267990946769714,0.4497792720794678,0.5700263381004333,1.1524855196475983
3757,0.11557237058877945,0.4004408121109009,0.5206290483474731,1.0366422310471535
3758,0.1481398046016693,0.5582539439201355,0.7114725708961487,1.4178663194179535
3759,0.09700142592191696,0.29512909054756165,0.4470418095588684,0.839172326028347
3760,0.1115034967660904,0.35673239827156067,0.504193902015686,0.9724297970533371
3761,0.13906259834766388,0.5577304363250732,0.662320077419281,1.3591131120920181
3762,0.12401875108480453,0.41225847601890564,0.4926041066646576,1.0288813337683678
3763,0.1879817098379135,0.5885647535324097,0.7185103297233582,1.4950567930936813
3764,0.09599529206752777,0.39599865674972534,0.5356866717338562,1.0276806205511093
3765,0.09970691055059433,0.3700897693634033,0.4686039686203003,0.9384006485342979
3766,0.11082147061824799,0.5235965251922607,0.6602299213409424,1.294647917151451
3767,0.08857212960720062,0.43857327103614807,0.45380961894989014,0.9809550195932388
3768,0.11332964152097702,0.3473937511444092,0.5236396789550781,0.9843630716204643
3769,0.12722060084342957,0.425299733877182,0.5813369750976562,1.1338573098182678
3770,0.08123040199279785,0.306069940328598,0.4946858584880829,0.8819862008094788
3771,0.12439724802970886,0.46104875206947327,0.5411581993103027,1.1266041994094849
3772,0.1219320222735405,0.4031065106391907,0.5550249218940735,1.0800634548068047
3773,0.12807196378707886,0.39702439308166504,0.5669499635696411,1.092046320438385
3774,0.09935639798641205,0.41431131958961487,0.5856195092201233,1.0992872267961502
3775,0.13597671687602997,0.4398341476917267,0.5271264314651489,1.1029372960329056
3776,0.14306172728538513,0.5168153643608093,0.6576864719390869,1.3175635635852814
3777,0.13585016131401062,0.5270161628723145,0.7146301865577698,1.3774965107440948
3778,0.1456373631954193,0.6405127644538879,0.7218803763389587,1.508030503988266
3779,0.12099360674619675,0.4540172219276428,0.550352931022644,1.1253637596964836
3780,0.10241207480430603,0.4769030511379242,0.536343514919281,1.1156586408615112
3781,0.13841933012008667,0.5861334800720215,0.6471760869026184,1.3717288970947266
3782,0.12283522635698318,0.46738895773887634,0.5685985088348389,1.1588226929306984
3783,0.11330588907003403,0.44545093178749084,0.5286334753036499,1.0873902961611748
3784,0.14250558614730835,0.633438229560852,0.7383280396461487,1.514271855354309
3785,0.10882838070392609,0.442901074886322,0.5741264820098877,1.1258559376001358
3786,0.10437049716711044,0.43344801664352417,0.5127735137939453,1.05059202760458
3787,0.07094935327768326,0.3339400589466095,0.4188670217990875,0.8237564340233803
3788,0.11671911925077438,0.4905988574028015,0.5618593692779541,1.16917734593153
3789,0.14305372536182404,0.5615915060043335,0.553261935710907,1.2579071670770645
3790,0.07247903943061829,0.37925729155540466,0.39017778635025024,0.8419141173362732
3791,0.11979753524065018,0.5896234512329102,0.6064850687980652,1.3159060552716255
3792,0.11940295249223709,0.5210545063018799,0.5965745449066162,1.2370320037007332
3793,0.11285050213336945,0.3692528307437897,0.48294246196746826,0.9650457948446274
3794,0.10670586675405502,0.5517627000808716,0.6628118753433228,1.3212804421782494
3795,0.13327789306640625,0.5470623970031738,0.6255306005477905,1.3058708906173706
3796,0.07666485756635666,0.38226544857025146,0.4531031847000122,0.9120334908366203
3797,0.09604838490486145,0.48394253849983215,0.5340664982795715,1.1140574216842651
3798,0.07811788469552994,0.4406659007072449,0.498590886592865,1.0173746719956398
3799,0.09732500463724136,0.5309635996818542,0.5381064414978027,1.1663950458168983
3800,0.1484462469816208,0.8345934152603149,0.7675817012786865,1.7506213635206223
3801,0.09036766737699509,0.4054381847381592,0.4792467951774597,0.975052647292614
3802,0.10610706359148026,0.5360919833183289,0.6026111841201782,1.2448102310299873
3803,0.11507592350244522,0.4612468481063843,0.556079089641571,1.1324018612504005
3804,0.10094032436609268,0.43110156059265137,0.567161500453949,1.099203385412693
3805,0.09950316697359085,0.39608752727508545,0.4732712209224701,0.9688619151711464
3806,0.11853285878896713,0.48939943313598633,0.5568050146102905,1.164737306535244
3807,0.12484822422266006,0.5536564588546753,0.6389022469520569,1.3174069300293922
3808,0.10405820608139038,0.6232243776321411,0.662237823009491,1.3895204067230225
3809,0.10398715734481812,0.5541759133338928,0.6205182075500488,1.2786812782287598
3810,0.11410636454820633,0.5758858323097229,0.5611010789871216,1.2510932758450508
3811,0.1045609638094902,0.5469144582748413,0.5923210978507996,1.243796519935131
3812,0.14465104043483734,0.6502231955528259,0.6774892807006836,1.4723635166883469
3813,0.08901990205049515,0.4183908998966217,0.5469470620155334,1.0543578639626503
3814,0.12511257827281952,0.5377611517906189,0.6396881341934204,1.3025618642568588
3815,0.12301091104745865,0.4887276887893677,0.5712422728538513,1.1829808726906776
3816,0.12421201169490814,0.5510228276252747,0.631091833114624,1.3063266724348068
3817,0.11998242884874344,0.45843762159347534,0.5463660955429077,1.1247861459851265
3818,0.09938203543424606,0.4202589690685272,0.46382907032966614,0.9834700748324394
3819,0.12715615332126617,0.6312942504882812,0.6217971444129944,1.3802475482225418
3820,0.12314265966415405,0.5865228772163391,0.5798808336257935,1.2895463705062866
3821,0.14587807655334473,0.693306565284729,0.6783760190010071,1.5175606608390808
3822,0.10231329500675201,0.5088937878608704,0.5660781264305115,1.1772852092981339
3823,0.10575816035270691,0.3928404748439789,0.5240904688835144,1.0226891040802002
3824,0.11701703816652298,0.6396941542625427,0.7040770649909973,1.460788257420063
3825,0.08894569426774979,0.4517161548137665,0.5618962645530701,1.1025581136345863
3826,0.13180279731750488,0.5000705718994141,0.5877273678779602,1.2196007370948792
3827,0.11419959366321564,0.5244802832603455,0.580484926700592,1.2191648036241531
3828,0.13656140863895416,0.5402992963790894,0.6011701226234436,1.2780308276414871
3829,0.11687275767326355,0.5042767524719238,0.5130958557128906,1.134245365858078
3830,0.1058773547410965,0.433590829372406,0.5012238621711731,1.0406920462846756
3831,0.11597832292318344,0.41375061869621277,0.5050181746482849,1.0347471162676811
3832,0.1159311905503273,0.4899693429470062,0.5788803696632385,1.184780903160572
3833,0.140715554356575,0.5383545160293579,0.6205675601959229,1.2996376305818558
3834,0.08518720418214798,0.344761461019516,0.4905945062637329,0.9205431714653969
3835,0.10103067010641098,0.4422907531261444,0.5569129586219788,1.1002343818545341
3836,0.12022026628255844,0.45952510833740234,0.5591983795166016,1.1389437541365623
3837,0.11038748919963837,0.43250730633735657,0.5564078092575073,1.0993026047945023
3838,0.09595049172639847,0.41347795724868774,0.5518147945404053,1.0612432435154915
3839,0.10168740153312683,0.4732840359210968,0.5466414093971252,1.1216128468513489
3840,0.11383014172315598,0.47976386547088623,0.5745096802711487,1.1681036874651909
3841,0.09814955294132233,0.4833061397075653,0.5014157891273499,1.0828714817762375
3842,0.12763358652591705,0.5616053938865662,0.634139895439148,1.3233788758516312
3843,0.09871932119131088,0.39562752842903137,0.5295838713645935,1.0239307209849358
3844,0.10676443576812744,0.4582178294658661,0.619780421257019,1.1847626864910126
3845,0.09782116115093231,0.4931171238422394,0.6531426310539246,1.2440809160470963
3846,0.09085993468761444,0.3739081025123596,0.5459969639778137,1.0107650011777878
3847,0.11633439362049103,0.4658653438091278,0.6019489169120789,1.1841486543416977
3848,0.09550270438194275,0.3886550962924957,0.5437169671058655,1.027874767780304
3849,0.14174987375736237,0.576789379119873,0.6699082851409912,1.3884475380182266
3850,0.1255342811346054,0.5551000833511353,0.6374117732048035,1.3180461376905441
3851,0.09298591315746307,0.4587051570415497,0.5400104522705078,1.0917015224695206
3852,0.11106676608324051,0.4771682918071747,0.5601240992546082,1.1483591571450233
3853,0.08209522813558578,0.3071107864379883,0.4040951132774353,0.7933011278510094
3854,0.1214236244559288,0.5095028281211853,0.6375072598457336,1.2684337124228477
3855,0.08414969593286514,0.33930397033691406,0.510338544845581,0.9337922111153603
3856,0.1160384863615036,0.41417914628982544,0.5843178629875183,1.1145354956388474
3857,0.1311219483613968,0.4526412785053253,0.6631121635437012,1.2468753904104233
3858,0.10495340824127197,0.4226352572441101,0.5756378173828125,1.1032264828681946
3859,0.08471117913722992,0.3539702296257019,0.4759807288646698,0.9146621376276016
3860,0.10197853296995163,0.4034619927406311,0.5092422366142273,1.01468276232481
3861,0.10102065652608871,0.381063312292099,0.5031501054763794,0.9852340742945671
3862,0.13496610522270203,0.496566504240036,0.6607640981674194,1.2922967076301575
3863,0.10612591356039047,0.4264932870864868,0.565238893032074,1.0978580936789513
3864,0.114104263484478,0.3770639896392822,0.5461006164550781,1.0372688695788383
3865,0.12059816718101501,0.40252330899238586,0.5536605715751648,1.0767820477485657
3866,0.07968062162399292,0.28037261962890625,0.44744977355003357,0.8075030148029327
3867,0.14020606875419617,0.5559698343276978,0.6834180951118469,1.3795939981937408
3868,0.09790525585412979,0.4327537417411804,0.5824215412139893,1.1130805388092995
3869,0.11064263433218002,0.5242222547531128,0.6506664752960205,1.2855313643813133
3870,0.11166618019342422,0.40653955936431885,0.5741483569145203,1.0923540964722633
3871,0.11407556384801865,0.4629713296890259,0.6467033624649048,1.2237502560019493
3872,0.13194242119789124,0.5519577860832214,0.7273679971694946,1.4112682044506073
3873,0.14241574704647064,0.4998915195465088,0.7169113159179688,1.3592185825109482
3874,0.11817734688520432,0.4084259271621704,0.5616908669471741,1.0882941409945488
3875,0.09290388226509094,0.3737327456474304,0.539259672164917,1.0058963000774384
3876,0.11477350443601608,0.46700137853622437,0.5520614981651306,1.133836381137371
3877,0.11481363326311111,0.5213982462882996,0.6757528781890869,1.3119647577404976
3878,0.11159687489271164,0.441795289516449,0.6403729915618896,1.1937651559710503
3879,0.11463325470685959,0.40730518102645874,0.5974640846252441,1.1194025203585625
3880,0.09734377264976501,0.44709306955337524,0.5907770395278931,1.1352138817310333
3881,0.08421222865581512,0.3605474829673767,0.5169368982315063,0.9616966098546982
3882,0.10945431888103485,0.4314996302127838,0.5925169587135315,1.1334709078073502
3883,0.14098502695560455,0.49515649676322937,0.5680841207504272,1.2042256444692612
3884,0.10073890537023544,0.4196935296058655,0.5358307957649231,1.056263230741024
3885,0.12585407495498657,0.47795435786247253,0.5926029682159424,1.1964114010334015
3886,0.15711988508701324,0.4591127932071686,0.5863356590270996,1.2025683373212814
3887,0.13190211355686188,0.6865715980529785,0.7690516710281372,1.5875253826379776
3888,0.08386163413524628,0.29839515686035156,0.39813873171806335,0.7803955227136612
3889,0.10044697672128677,0.38072484731674194,0.541102945804596,1.0222747698426247
3890,0.11061394214630127,0.39320266246795654,0.5199565291404724,1.0237731337547302
3891,0.08695581555366516,0.3823105990886688,0.4558924734592438,0.9251588881015778
3892,0.1503743678331375,0.679332435131073,0.618676483631134,1.4483832865953445
3893,0.1266898810863495,0.8214357495307922,0.7256218791007996,1.6737475097179413
3894,0.15738603472709656,0.6665627956390381,0.6579765677452087,1.4819253981113434
3895,0.15542255342006683,0.6528403759002686,0.6380389928817749,1.4463019222021103
3896,0.10037501901388168,0.39771947264671326,0.48158589005470276,0.9796803817152977
3897,0.09958674758672714,0.45157331228256226,0.520311176776886,1.0714712366461754
3898,0.11820267140865326,0.4094619154930115,0.56092369556427,1.0885882824659348
3899,0.1197185292840004,0.4207250475883484,0.5652568340301514,1.1057004109025002
3900,0.1559445559978485,0.4855829179286957,0.6489219665527344,1.2904494404792786
3901,0.10363118350505829,0.5138877630233765,0.6511581540107727,1.2686771005392075
3902,0.13782460987567902,0.6352075338363647,0.6799991130828857,1.4530312567949295
3903,0.09336698800325394,0.4888608455657959,0.509103000164032,1.0913308337330818
3904,0.10007448494434357,0.3799874782562256,0.4194790720939636,0.8995410352945328
3905,0.1260046809911728,0.45263075828552246,0.470442533493042,1.0490779727697372
3906,0.10747629404067993,0.4739631116390228,0.5361920595169067,1.1176314651966095
3907,0.10712070763111115,0.384255588054657,0.49625131487846375,0.9876276105642319
3908,0.13312600553035736,0.4227888286113739,0.5229764580726624,1.0788912922143936
3909,0.13687708973884583,0.5290170907974243,0.6589266061782837,1.3248207867145538
3910,0.12392513453960419,0.41487494111061096,0.5715894103050232,1.1103894859552383
3911,0.1102876365184784,0.4287697970867157,0.5880387425422668,1.127096176147461
3912,0.12125734984874725,0.4634835422039032,0.527498185634613,1.1122390776872635
3913,0.12539255619049072,0.45171529054641724,0.5679025650024414,1.1450104117393494
3914,0.10259239375591278,0.4287015497684479,0.5190433263778687,1.0503372699022293
3915,0.13288156688213348,0.654261589050293,0.7101794481277466,1.497322604060173
3916,0.0837879478931427,0.32773450016975403,0.44773533940315247,0.8592577874660492
3917,0.1092417910695076,0.3788702189922333,0.5044565796852112,0.9925685897469521
3918,0.12793461978435516,0.5897411108016968,0.6645136475563049,1.3821893781423569
3919,0.16147640347480774,0.38535618782043457,0.49151504039764404,1.0383476316928864
3920,0.14467968046665192,0.5506705641746521,0.7195745706558228,1.4149248152971268
3921,0.089107945561409,0.37039586901664734,0.5349674224853516,0.9944712370634079
3922,0.0913374274969101,0.3443290889263153,0.467583030462265,0.9032495468854904
3923,0.1315069943666458,0.567644476890564,0.6596470475196838,1.3587985187768936
3924,0.10290933400392532,0.4136803150177002,0.4514088034629822,0.9679984524846077
3925,0.11453013867139816,0.3861626982688904,0.521679162979126,1.0223719999194145
3926,0.12666232883930206,0.48109811544418335,0.5802075862884521,1.1879680305719376
3927,0.08443427830934525,0.3437637686729431,0.4946734607219696,0.922871507704258
3928,0.12747174501419067,0.443080335855484,0.5421515107154846,1.1127035915851593
3929,0.09439439326524734,0.3749939501285553,0.5548415780067444,1.024229921400547
3930,0.1099783256649971,0.3928626775741577,0.566316545009613,1.0691575482487679
3931,0.10497881472110748,0.447999507188797,0.5841739177703857,1.1371522396802902
3932,0.09658364951610565,0.4487076699733734,0.5255146026611328,1.0708059221506119
3933,0.14810378849506378,0.5285301208496094,0.6544056534767151,1.3310395628213882
3934,0.12012214958667755,0.5220634937286377,0.7117870450019836,1.353972688317299
3935,0.1506374627351761,0.6036615371704102,0.7205867171287537,1.47488571703434
3936,0.11294527351856232,0.42387157678604126,0.5470750331878662,1.0838918834924698
3937,0.10844265669584274,0.42560335993766785,0.5359050631523132,1.0699510797858238
3938,0.12763923406600952,0.5725624561309814,0.6463749408721924,1.3465766310691833
3939,0.11108105629682541,0.45304515957832336,0.5689603686332703,1.133086584508419
3940,0.1028987243771553,0.43362411856651306,0.5308427810668945,1.067365624010563
3941,0.1310095340013504,0.5886186957359314,0.7414189577102661,1.461047187447548
3942,0.10025693476200104,0.4239793121814728,0.579287588596344,1.1035238355398178
3943,0.10334637016057968,0.409172385931015,0.5174424052238464,1.0299611613154411
3944,0.08156803250312805,0.31777533888816833,0.42201343178749084,0.8213568031787872
3945,0.11804403364658356,0.44509151577949524,0.5632129311561584,1.1263484805822372
3946,0.14791448414325714,0.505149781703949,0.5556869506835938,1.2087512165307999
3947,0.09324589371681213,0.3455233573913574,0.38650962710380554,0.8252788782119751
3948,0.11892823129892349,0.5896950960159302,0.6058926582336426,1.3145159855484962
3949,0.12504532933235168,0.5489144325256348,0.5978759527206421,1.2718357145786285
3950,0.09211324900388718,0.3457415699958801,0.4828030467033386,0.9206578657031059
3951,0.1098012700676918,0.49594730138778687,0.6639112830162048,1.2696598544716835
3952,0.13380637764930725,0.4614042043685913,0.6289100050926208,1.2241205871105194
3953,0.09004907310009003,0.2719867527484894,0.4533897638320923,0.8154255896806717
3954,0.11696816980838776,0.4131273329257965,0.5344268083572388,1.064522311091423
3955,0.0949496254324913,0.3849419951438904,0.5005537867546082,0.9804454073309898
3956,0.11179077625274658,0.49452686309814453,0.5371118783950806,1.1434295177459717
3957,0.15371643006801605,0.8059792518615723,0.7649403810501099,1.7246360629796982
3958,0.0926455408334732,0.4270365536212921,0.4767184555530548,0.9964005500078201
3959,0.09087329357862473,0.5864385962486267,0.6000856161117554,1.2773975059390068
3960,0.10386686772108078,0.4997722804546356,0.552679717540741,1.1563188657164574
3961,0.09581305831670761,0.4586072862148285,0.5661126375198364,1.1205329820513725
3962,0.09391836076974869,0.38747262954711914,0.47323933243751526,0.9546303227543831
3963,0.13350042700767517,0.441670686006546,0.5545127987861633,1.1296839118003845
3964,0.13159668445587158,0.4849900007247925,0.6347373127937317,1.2513239979743958
3965,0.13845212757587433,0.5344952940940857,0.6612524390220642,1.3341998606920242
3966,0.1017882376909256,0.5219824910163879,0.6224230527877808,1.2461937814950943
3967,0.10693742334842682,0.5097870230674744,0.5564736723899841,1.1731981188058853
3968,0.10871684551239014,0.577238142490387,0.5898156762123108,1.275770664215088
3969,0.14035098254680634,0.7355347275733948,0.6786993741989136,1.5545850843191147
3970,0.09899575263261795,0.5202468037605286,0.5472992062568665,1.166541762650013
3971,0.13105136156082153,0.590031623840332,0.6380376815795898,1.3591206669807434
3972,0.10780666768550873,0.47841131687164307,0.5727505087852478,1.1589684933423996
3973,0.12762199342250824,0.5225300192832947,0.6358110904693604,1.2859631031751633
3974,0.10804752260446548,0.4097094237804413,0.5466276407241821,1.064384587109089
3975,0.09714636206626892,0.40077513456344604,0.46413254737854004,0.962054044008255
3976,0.1452844738960266,0.570363461971283,0.6208449602127075,1.336492896080017
3977,0.12800009548664093,0.5654308795928955,0.5804956555366516,1.273926630616188
3978,0.14991600811481476,0.6978830099105835,0.6783245205879211,1.5261235386133194
3979,0.11243739724159241,0.5544230341911316,0.5608957409858704,1.2277561724185944
3980,0.10301198065280914,0.47475025057792664,0.5242566466331482,1.102018877863884
3981,0.12281107157468796,0.6836576461791992,0.7041022777557373,1.5105709955096245
3982,0.09134183824062347,0.4808911979198456,0.5655459761619568,1.1377790123224258
3983,0.1348765343427658,0.4627460539340973,0.5857572555541992,1.1833798438310623
3984,0.09461639821529388,0.4446776211261749,0.5796727538108826,1.1189667731523514
3985,0.12033754587173462,0.47140616178512573,0.6005247235298157,1.192268431186676
3986,0.09715135395526886,0.4453091025352478,0.512433648109436,1.0548941045999527
3987,0.10917438566684723,0.4235461950302124,0.5001893639564514,1.032909944653511
3988,0.10485729575157166,0.42965564131736755,0.5067453384399414,1.0412582755088806
3989,0.1289144605398178,0.5094760656356812,0.5752460360527039,1.2136365622282028
3990,0.14454151690006256,0.5531131029129028,0.6176576018333435,1.315312221646309
3991,0.10609357804059982,0.3467951714992523,0.49023568630218506,0.9431244358420372
3992,0.08765129745006561,0.40682411193847656,0.556383490562439,1.0508588999509811
3993,0.10522673279047012,0.4468122124671936,0.5583930611610413,1.110432006418705
3994,0.09692090004682541,0.4081323444843292,0.5559666752815247,1.0610199198126793
3995,0.08168542385101318,0.3568035662174225,0.5517660975456238,0.9902550876140594
3996,0.0986638218164444,0.4156000316143036,0.544879138469696,1.059142991900444
3997,0.10827025026082993,0.465246319770813,0.5728604197502136,1.1463769897818565
3998,0.10023410618305206,0.44594255089759827,0.49972206354141235,1.0458987206220627
3999,0.13845233619213104,0.5340638160705566,0.630682110786438,1.3031982630491257
4000,0.0979975163936615,0.40402790904045105,0.5294198989868164,1.031445324420929
4001,0.12227877974510193,0.4752863347530365,0.6209487318992615,1.2185138463974
4002,0.101670041680336,0.4855334758758545,0.6498269438743591,1.2370304614305496
4003,0.09633055329322815,0.37154632806777954,0.545171320438385,1.0130482017993927
4004,0.10252159833908081,0.4639594852924347,0.599686861038208,1.1661679446697235
4005,0.11114397644996643,0.37355393171310425,0.540553092956543,1.0252510011196136
4006,0.13153570890426636,0.538296103477478,0.6690900921821594,1.3389219045639038
4007,0.11350064724683762,0.5329812169075012,0.637431800365448,1.2839136645197868
4008,0.09236910939216614,0.44689422845840454,0.5400075912475586,1.0792709290981293
4009,0.10718277841806412,0.48120272159576416,0.5612013936042786,1.1495868936181068
4010,0.0828949362039566,0.3026820421218872,0.40613114833831787,0.7917081266641617
4011,0.11556489020586014,0.573143720626831,0.6394222378730774,1.3281308487057686
4012,0.08552240580320358,0.399194598197937,0.5108867883682251,0.9956037923693657
4013,0.11340077966451645,0.4314715564250946,0.582044243812561,1.126916579902172
4014,0.13262726366519928,0.49226775765419006,0.6652218699455261,1.2901168912649155
4015,0.11561016738414764,0.4401492178440094,0.5772278308868408,1.1329872161149979
4016,0.07802759110927582,0.3201170265674591,0.47582554817199707,0.873970165848732
4017,0.0862036719918251,0.36747658252716064,0.5103175044059753,0.9639977589249611
4018,0.07704109698534012,0.3870815336704254,0.5037022829055786,0.9678249135613441
4019,0.12530839443206787,0.5620361566543579,0.6616060733795166,1.3489506244659424
4020,0.11027347296476364,0.48527899384498596,0.564673662185669,1.1602261289954185
4021,0.133799746632576,0.4454599916934967,0.5463082790374756,1.1255680173635483
4022,0.10828109830617905,0.44347846508026123,0.5517245531082153,1.1034841164946556
4023,0.07295399159193039,0.28182047605514526,0.4474894404411316,0.8022639080882072
4024,0.12172330170869827,0.5122554302215576,0.6828508973121643,1.3168296292424202
4025,0.1017972007393837,0.39791473746299744,0.5802982449531555,1.0800101831555367
4026,0.0981949046254158,0.5100241899490356,0.6504716277122498,1.2586907222867012
4027,0.09312176704406738,0.4461004137992859,0.5719314217567444,1.1111536026000977
4028,0.10586894303560257,0.535484790802002,0.6451164484024048,1.2864701822400093
4029,0.11555301398038864,0.6148333549499512,0.7251908183097839,1.4555771872401237
4030,0.12489312887191772,0.5483394265174866,0.7160139083862305,1.3892464637756348
4031,0.09504789113998413,0.4071207046508789,0.5605222582817078,1.0626908540725708
4032,0.0902351438999176,0.3710394501686096,0.5392098426818848,1.000484436750412
4033,0.10848668962717056,0.4198038876056671,0.5518777370452881,1.0801683142781258
4034,0.09941386431455612,0.5155326128005981,0.6748970150947571,1.2898434922099113
4035,0.09846018254756927,0.5122758150100708,0.6390042304992676,1.2497402280569077
4036,0.11971323192119598,0.46659377217292786,0.5973013043403625,1.1836083084344864
4037,0.09498461335897446,0.480232834815979,0.5889663100242615,1.164183758199215
4038,0.08043758571147919,0.35236918926239014,0.5163532495498657,0.949160024523735
4039,0.1047925278544426,0.42187535762786865,0.5935092568397522,1.1201771423220634
4040,0.12273640930652618,0.4775954782962799,0.5693239569664001,1.1696558445692062
4041,0.08039171993732452,0.4216237962245941,0.5376454591751099,1.0396609753370285
4042,0.1048513725399971,0.48145943880081177,0.5940340161323547,1.1803448274731636
4043,0.11392304301261902,0.4908868670463562,0.5883780121803284,1.1931879222393036
4044,0.11350840330123901,0.6682619452476501,0.7680999040603638,1.549870252609253
4045,0.08683585375547409,0.2953283190727234,0.39627161622047424,0.7784357890486717
4046,0.11218683421611786,0.3956301808357239,0.5408089756965637,1.0486259907484055
4047,0.10945962369441986,0.36996498703956604,0.5201504826545715,0.9995750933885574
4048,0.0771968737244606,0.319039523601532,0.45590025186538696,0.8521366491913795
4049,0.12179011851549149,0.5593400597572327,0.6152883768081665,1.2964185550808907
4050,0.1227806955575943,0.6833720803260803,0.726036012172699,1.5321887880563736
4051,0.1167435497045517,0.598691999912262,0.6588305234909058,1.3742660731077194
4052,0.1406608670949936,0.6275567412376404,0.6374257206916809,1.4056433290243149
4053,0.08361537754535675,0.38749855756759644,0.4816332161426544,0.9527471512556076
4054,0.11434124410152435,0.46607303619384766,0.516187310218811,1.096601590514183
4055,0.13001514971256256,0.4500722587108612,0.5583886504173279,1.1384760588407516
4056,0.09571980684995651,0.4102228879928589,0.5638371109962463,1.0697798058390617
4057,0.1434525102376938,0.4900148808956146,0.6477124691009521,1.2811798602342606
4058,0.10189391672611237,0.44986873865127563,0.6471309661865234,1.1988936215639114
4059,0.13802291452884674,0.5556040406227112,0.6795346140861511,1.373161569237709
4060,0.0849471315741539,0.3990349769592285,0.5114545226097107,0.9954366311430931
4061,0.07783965766429901,0.3253164291381836,0.4213211238384247,0.8244772106409073
4062,0.09461966156959534,0.428244948387146,0.4703577160835266,0.9932223260402679
4063,0.09731917828321457,0.44666677713394165,0.5360480546951294,1.0800340101122856
4064,0.08521129935979843,0.41640526056289673,0.4980148673057556,0.9996314272284508
4065,0.11495086550712585,0.4712822437286377,0.5238798260688782,1.1101129353046417
4066,0.13907277584075928,0.5520477294921875,0.6581013798713684,1.3492218852043152
4067,0.10887771844863892,0.39909473061561584,0.5704658031463623,1.078438252210617
4068,0.11111888289451599,0.3809993863105774,0.5873779654502869,1.0794962346553802
4069,0.1225745901465416,0.37532326579093933,0.5267660021781921,1.024663858115673
4070,0.10705030709505081,0.41279032826423645,0.5681065320968628,1.08794716745615
4071,0.09646105766296387,0.4028220772743225,0.5210949182510376,1.020378053188324
4072,0.11830072849988937,0.6141890287399292,0.7106887698173523,1.4431785270571709
4073,0.08974209427833557,0.32062679529190063,0.44827449321746826,0.8586433827877045
4074,0.12191464006900787,0.3851770758628845,0.5047557950019836,1.011847510933876
4075,0.15609633922576904,0.592386782169342,0.6665878295898438,1.4150709509849548
4076,0.13162724673748016,0.3909743130207062,0.49381130933761597,1.0164128690958023
4077,0.14448261260986328,0.5614205002784729,0.7199299335479736,1.4258330464363098
4078,0.08979187905788422,0.37873375415802,0.5353403687477112,1.0038660019636154
4079,0.07601980119943619,0.30937689542770386,0.46765249967575073,0.8530491963028908
4080,0.1192907840013504,0.49516966938972473,0.6600182056427002,1.2744786590337753
4081,0.08855502307415009,0.3762069344520569,0.45384034514427185,0.9186023026704788
4082,0.10870809853076935,0.3416929244995117,0.5221479535102844,0.9725489765405655
4083,0.11767061799764633,0.4496094882488251,0.5796005725860596,1.146880678832531
4084,0.09023541957139969,0.3450220227241516,0.4935916066169739,0.9288490489125252
4085,0.13840100169181824,0.4754481911659241,0.5395026803016663,1.1533518731594086
4086,0.10104376077651978,0.39953187108039856,0.5537657737731934,1.0543414056301117
4087,0.12890683114528656,0.4122001826763153,0.5663762092590332,1.107483223080635
4088,0.10987083613872528,0.4254581034183502,0.5854441523551941,1.1207730919122696
4089,0.08889428526163101,0.3947775065898895,0.5254344940185547,1.0091062858700752
4090,0.13424603641033173,0.5033004879951477,0.6552379131317139,1.2927844375371933
4091,0.11004234850406647,0.5084377527236938,0.7121869325637817,1.330667033791542
4092,0.16233962774276733,0.605635941028595,0.7196640372276306,1.487639605998993
4093,0.13169069588184357,0.4101046919822693,0.5467976331710815,1.0885930210351944
4094,0.1524481624364853,0.3898576498031616,0.5364950895309448,1.0788009017705917
4095,0.14782150089740753,0.5742890238761902,0.6451826095581055,1.3672931343317032
4096,0.12822586297988892,0.46423280239105225,0.5653352737426758,1.157793939113617
4097,0.10975552350282669,0.4799177646636963,0.5275801420211792,1.1172534301877022
4098,0.13045988976955414,0.6613819599151611,0.7384393811225891,1.5302812308073044
4099,0.09492918103933334,0.4808000326156616,0.5731296539306641,1.148858867585659
4100,0.08946497738361359,0.4504285454750061,0.514986515045166,1.0548800379037857
4101,0.0749446228146553,0.32910776138305664,0.4210408627986908,0.8250932469964027
4102,0.11272373050451279,0.43528902530670166,0.5639281868934631,1.1119409427046776
4103,0.12861870229244232,0.4340689182281494,0.5559453368186951,1.1186329573392868
4104,0.08911577612161636,0.3072313666343689,0.38666844367980957,0.7830155864357948
4105,0.1247652992606163,0.5075563192367554,0.6062803864479065,1.2386020049452782
4106,0.13464592397212982,0.5129647850990295,0.5978958010673523,1.2455065101385117
4107,0.10268434137105942,0.39317741990089417,0.48419278860092163,0.9800545498728752
4108,0.13602949678897858,0.5456870198249817,0.6646672487258911,1.3463837653398514
4109,0.13812576234340668,0.5541827082633972,0.6245066523551941,1.316815122961998
4110,0.06803193688392639,0.28009238839149475,0.4523373246192932,0.8004616498947144
4111,0.08912154287099838,0.3622013032436371,0.5334364175796509,0.9847592636942863
4112,0.08009660989046097,0.3124038577079773,0.5002440810203552,0.8927445486187935
4113,0.09686116129159927,0.39636069536209106,0.5386098623275757,1.031831718981266
4114,0.16556885838508606,0.692886233329773,0.7669212818145752,1.6253763735294342
4115,0.09683362394571304,0.39517831802368164,0.4787074625492096,0.9707194045186043
4116,0.11400672793388367,0.5625061988830566,0.5993510484695435,1.2758639752864838
4117,0.1197475716471672,0.5582498908042908,0.5530432462692261,1.231040708720684
4118,0.10781940817832947,0.505172848701477,0.5632776618003845,1.176269918680191
4119,0.08906794339418411,0.4650077521800995,0.4718319773674011,1.0259076729416847
4120,0.12181980907917023,0.48397013545036316,0.5516411066055298,1.1574310511350632
4121,0.14177286624908447,0.5081549882888794,0.6356988549232483,1.2856267094612122
4122,0.12241800874471664,0.470325231552124,0.6610375046730042,1.2537807449698448
4123,0.09621662646532059,0.4171313941478729,0.6198060512542725,1.133154071867466
4124,0.10390345007181168,0.416946679353714,0.5573245882987976,1.0781747177243233
4125,0.1012335792183876,0.48577558994293213,0.5917090773582458,1.1787182465195656
4126,0.13080395758152008,0.6760356426239014,0.6835448145866394,1.4903844147920609
4127,0.08126850426197052,0.5220603346824646,0.5491060614585876,1.1524349004030228
4128,0.12573856115341187,0.6740114688873291,0.6405646204948425,1.4403146505355835
4129,0.11911086738109589,0.585146427154541,0.570357084274292,1.274614378809929
4130,0.10759403556585312,0.5523448586463928,0.6312046647071838,1.2911435589194298
4131,0.1303628832101822,0.40861180424690247,0.5472549200057983,1.086229607462883
4132,0.07689890265464783,0.34499886631965637,0.46241965889930725,0.8843174278736115
4133,0.12724904716014862,0.4389040172100067,0.6198302507400513,1.1859833151102066
4134,0.09769174456596375,0.44818660616874695,0.5767178535461426,1.1225962042808533
4135,0.12719520926475525,0.6467537879943848,0.6767553091049194,1.4507043063640594
4136,0.09973200410604477,0.5354180932044983,0.5602365732192993,1.1953866705298424
4137,0.10243207961320877,0.4563206136226654,0.5226247906684875,1.0813774839043617
4138,0.13224856555461884,0.6993631720542908,0.7039638161659241,1.5355755537748337
4139,0.08069714903831482,0.5255153179168701,0.5654767751693726,1.1716892421245575
4140,0.1287464201450348,0.5155434608459473,0.5855705142021179,1.2298603951931
4141,0.10142108052968979,0.47462791204452515,0.5781938433647156,1.1542428359389305
4142,0.1407085657119751,0.5054288506507874,0.6028276085853577,1.2489650249481201
4143,0.10209968686103821,0.3836618661880493,0.5091065764427185,0.994868129491806
4144,0.08232450485229492,0.3608269691467285,0.49971362948417664,0.9428651034832001
4145,0.10133848339319229,0.36794528365135193,0.5046790838241577,0.9739628508687019
4146,0.10386323928833008,0.49665021896362305,0.5756402015686035,1.1761536598205566
4147,0.13393832743167877,0.5736663937568665,0.6189321875572205,1.3265369087457657
4148,0.09034045040607452,0.38776418566703796,0.4890928864479065,0.967197522521019
4149,0.10784659534692764,0.4585983157157898,0.5562785863876343,1.1227234974503517
4150,0.1150258406996727,0.49112701416015625,0.5580905079841614,1.1642433628439903
4151,0.09910766035318375,0.4420611560344696,0.5552268624305725,1.0963956788182259
4152,0.07350216805934906,0.39229893684387207,0.5531653165817261,1.0189664214849472
4153,0.08623858541250229,0.38547176122665405,0.5456279516220093,1.0173382982611656
4154,0.10391005128622055,0.4437465965747833,0.5735669136047363,1.1212235614657402
4155,0.08926556259393692,0.39740580320358276,0.498101145029068,0.9847725108265877
4156,0.12108702212572098,0.5120565295219421,0.6294087171554565,1.2625522688031197
4157,0.08390134572982788,0.42033082246780396,0.528917133808136,1.0331493020057678
4158,0.10370973497629166,0.5080271363258362,0.6187391877174377,1.2304760590195656
4159,0.10494258999824524,0.5573511123657227,0.6472175717353821,1.30951127409935
4160,0.08068935573101044,0.4215256869792938,0.5461184978485107,1.048333540558815
4161,0.09408832341432571,0.46544089913368225,0.6012483239173889,1.1607775464653969
4162,0.11186495423316956,0.40721648931503296,0.540209949016571,1.0592913925647736
4163,0.11458898335695267,0.5110599994659424,0.6684437394142151,1.2940927222371101
4164,0.10288351774215698,0.4775405824184418,0.6331638693809509,1.2135879695415497
4165,0.09996408969163895,0.4287568926811218,0.5376177430152893,1.06633872538805
4166,0.10667920857667923,0.4383622705936432,0.5601744055747986,1.105215884745121
4167,0.08460886776447296,0.29580453038215637,0.4059583246707916,0.786371722817421
4168,0.12327087670564651,0.5431529879570007,0.6388567686080933,1.3052806332707405
4169,0.08096186071634293,0.38446635007858276,0.5117008686065674,0.9771290794014931
4170,0.09957529604434967,0.48914217948913574,0.5834385752677917,1.1721560508012772
4171,0.13861709833145142,0.5583963394165039,0.6632283329963684,1.3602417707443237
4172,0.10916806012392044,0.49944210052490234,0.5773448944091797,1.1859550550580025
4173,0.06980199366807938,0.3430408239364624,0.4776183068752289,0.8904611244797707
4174,0.06621306389570236,0.3570576310157776,0.5085561871528625,0.9318268820643425
4175,0.07435373961925507,0.3425101041793823,0.5036952495574951,0.9205590933561325
4176,0.13675950467586517,0.5225393176078796,0.662166953086853,1.3214657753705978
4177,0.10624154657125473,0.490013062953949,0.5654899477958679,1.1617445573210716
4178,0.1385020762681961,0.4484153389930725,0.5477359890937805,1.1346534043550491
4179,0.10075309127569199,0.4573458135128021,0.5501563549041748,1.108255259692669
4180,0.07508805394172668,0.36736419796943665,0.44623976945877075,0.8886920213699341
4181,0.1258481740951538,0.6226122379302979,0.6824768781661987,1.4309372901916504
4182,0.09314989298582077,0.44515809416770935,0.5824089050292969,1.120716892182827
4183,0.08788479119539261,0.5005494356155396,0.6490692496299744,1.2375034764409065
4184,0.08360637724399567,0.37056487798690796,0.5744368433952332,1.0286080986261368
4185,0.11058519035577774,0.4851076602935791,0.6452251076698303,1.2409179583191872
4186,0.10639216005802155,0.58126300573349,0.7243250012397766,1.4119801670312881
4187,0.13831627368927002,0.5966143608093262,0.7164456844329834,1.4513763189315796
4188,0.1099550873041153,0.4703976809978485,0.560554027557373,1.1409067958593369
4189,0.08504565060138702,0.48764660954475403,0.5422106981277466,1.1149029582738876
4190,0.10239439457654953,0.5517377257347107,0.5523939728736877,1.206526093184948
4191,0.09419239312410355,0.6221450567245483,0.6751559972763062,1.391493447124958
4192,0.0997798889875412,0.6058560609817505,0.6430343389511108,1.3486702889204025
4193,0.1178872212767601,0.47691917419433594,0.5977877378463745,1.1925941333174706
4194,0.10190551728010178,0.4827148914337158,0.5896843075752258,1.1743047162890434
4195,0.07963442802429199,0.3690725862979889,0.516865074634552,0.9655720889568329
4196,0.10340607166290283,0.43204495310783386,0.5899474620819092,1.1253984868526459
4197,0.10863341391086578,0.47097495198249817,0.5640811920166016,1.1436895579099655
4198,0.07540503144264221,0.43661731481552124,0.5351144671440125,1.047136813402176
4199,0.10840725898742676,0.5556638836860657,0.5937344431877136,1.257805585861206
4200,0.12368997931480408,0.5358051061630249,0.5857449173927307,1.2452400028705597
4201,0.14922451972961426,0.7099979519844055,0.7701538801193237,1.6293763518333435
4202,0.07955519109964371,0.33661913871765137,0.39869579672813416,0.8148701265454292
4203,0.1070796474814415,0.4379047453403473,0.541795551776886,1.0867799445986748
4204,0.11011842638254166,0.4222026467323303,0.5217784643173218,1.0540995374321938
4205,0.09238175302743912,0.34649455547332764,0.4558485448360443,0.8947248533368111
4206,0.1103530079126358,0.5349828600883484,0.6144072413444519,1.259743109345436
4207,0.11731240153312683,0.6095940470695496,0.7258334755897522,1.4527399241924286
4208,0.10002034902572632,0.5713231563568115,0.6591543555259705,1.3304978609085083
4209,0.11296282708644867,0.5616204738616943,0.6365065574645996,1.3110898584127426
4210,0.08269544690847397,0.3802967369556427,0.480629026889801,0.9436212107539177
4211,0.08354317396879196,0.44493451714515686,0.5173507332801819,1.0458284243941307
4212,0.12080000340938568,0.48694461584091187,0.5588752627372742,1.1666198819875717
4213,0.08800341188907623,0.4706740975379944,0.5663535594940186,1.1250310689210892
4214,0.10815157741308212,0.5299193859100342,0.6484701633453369,1.2865411266684532
4215,0.11155594885349274,0.48783981800079346,0.6477332711219788,1.247129037976265
4216,0.14199921488761902,0.5225822329521179,0.6784642338752747,1.3430456817150116
4217,0.10935235023498535,0.3410232961177826,0.5090853571891785,0.9594610035419464
4218,0.09811116009950638,0.2706089913845062,0.42026185989379883,0.7889820113778114
4219,0.1052912250161171,0.3347463309764862,0.46734780073165894,0.9073853567242622
4220,0.11189744621515274,0.4185447096824646,0.5357873439788818,1.0662294998764992
4221,0.07846193015575409,0.40505918860435486,0.4984862506389618,0.9820073693990707
4222,0.1052311509847641,0.4586176872253418,0.5244604349136353,1.0883092731237411
4223,0.144027441740036,0.6416521072387695,0.6576502919197083,1.4433298408985138
4224,0.12788966298103333,0.44988545775413513,0.5708469748497009,1.1486220955848694
4225,0.1043427437543869,0.3824712336063385,0.5871229767799377,1.0739369541406631
4226,0.09336395561695099,0.3362346291542053,0.5273374915122986,0.9569360762834549
4227,0.10602113604545593,0.3483566641807556,0.5679337382316589,1.0223115384578705
4228,0.08136066794395447,0.3544689118862152,0.5215076804161072,0.9573372602462769
4229,0.09175994992256165,0.5825072526931763,0.7123479843139648,1.3866151869297028
4230,0.07457355409860611,0.31316307187080383,0.4491773247718811,0.836913950741291
4231,0.09820976108312607,0.39514392614364624,0.5074726939201355,1.0008263811469078
4232,0.1386956125497818,0.610038697719574,0.6666224002838135,1.4153567105531693
4233,0.10542286187410355,0.3715953230857849,0.4949328601360321,0.9719510450959206
4234,0.1360526829957962,0.5568936467170715,0.7203741669654846,1.4133204966783524
4235,0.10277462750673294,0.3838445246219635,0.5360746383666992,1.0226937904953957
4236,0.09076382219791412,0.3482668697834015,0.47007015347480774,0.9091008454561234
4237,0.1378743201494217,0.501792311668396,0.6628078818321228,1.3024745136499405
4238,0.10741354525089264,0.4220709502696991,0.4497841000556946,0.9792685955762863
4239,0.09450824558734894,0.3579554557800293,0.523561418056488,0.9760251194238663
4240,0.11278971284627914,0.4695335626602173,0.5801669359207153,1.1624902114272118
4241,0.06787963211536407,0.3255347013473511,0.49385005235671997,0.8872643858194351
4242,0.10067243874073029,0.4402371346950531,0.5406096577644348,1.0815192312002182
4243,0.08931805938482285,0.3932447135448456,0.5557823181152344,1.0383450910449028
4244,0.1320241391658783,0.40355533361434937,0.5655722618103027,1.1011517345905304
4245,0.10992292314767838,0.46553340554237366,0.5834334492683411,1.158889777958393
4246,0.12133125215768814,0.4313102960586548,0.5241267681121826,1.0767683163285255
4247,0.13536149263381958,0.542665421962738,0.6579419374465942,1.3359688520431519
4248,0.10788939148187637,0.5347480177879333,0.712687611579895,1.3553250208497047
4249,0.11987222731113434,0.6080272197723389,0.721488356590271,1.4493878036737442
4250,0.09818904846906662,0.40489083528518677,0.5481992363929749,1.0512791201472282
4251,0.10098692774772644,0.43763357400894165,0.5366789102554321,1.0752994120121002
4252,0.1462518721818924,0.6062440276145935,0.6445598602294922,1.397055760025978
4253,0.13331329822540283,0.46242621541023254,0.5642859935760498,1.1600255072116852
4254,0.11803127080202103,0.43998733162879944,0.5270605683326721,1.0850791707634926
4255,0.15289922058582306,0.5986669063568115,0.7382222414016724,1.489788368344307
4256,0.0962100476026535,0.4872312843799591,0.5725517272949219,1.1559930592775345
4257,0.10110925883054733,0.45255061984062195,0.5120930075645447,1.065752886235714
4258,0.08154399693012238,0.35974642634391785,0.41743507981300354,0.8587255030870438
4259,0.10882913321256638,0.5316893458366394,0.5605970621109009,1.2011155411601067
4260,0.10184308141469955,0.5245940685272217,0.5558781027793884,1.1823152527213097
4261,0.0623457245528698,0.33288922905921936,0.3857843577861786,0.7810193113982677
4262,0.1306922882795334,0.5518609285354614,0.6058494448661804,1.2884026616811752
4263,0.11395581811666489,0.5450370907783508,0.59690260887146,1.2558955177664757
4264,0.1036205068230629,0.35029879212379456,0.4843698740005493,0.9382891729474068
4265,0.1067875325679779,0.4995800852775574,0.6654220223426819,1.2717896401882172
4266,0.13365775346755981,0.5240046381950378,0.6239898800849915,1.2816522717475891
4267,0.06477965414524078,0.34066689014434814,0.452900767326355,0.8583473116159439
4268,0.08333408087491989,0.48732051253318787,0.5330626964569092,1.103717289865017
4269,0.07828255742788315,0.4453844726085663,0.4992997348308563,1.0229667648673058
4270,0.10263654589653015,0.509645402431488,0.5392466187477112,1.1515285670757294
4271,0.15811403095722198,0.6878350377082825,0.7651236653327942,1.6110727339982986
4272,0.08115240931510925,0.34701284766197205,0.4774497449398041,0.9056150019168854
4273,0.08002304285764694,0.4382254183292389,0.5988180041313171,1.117066465318203
4274,0.11225180327892303,0.4220556318759918,0.5519760251045227,1.0862834602594376
4275,0.10113666951656342,0.427222341299057,0.5630009174346924,1.0913599282503128
4276,0.09818734228610992,0.42734286189079285,0.47202131152153015,0.9975515156984329
4277,0.10586058348417282,0.5075522065162659,0.5518345832824707,1.1652473732829094
4278,0.13143570721149445,0.611138105392456,0.6363995671272278,1.3789733797311783
4279,0.10148295015096664,0.623458981513977,0.6621326804161072,1.3870746120810509
4280,0.09163304418325424,0.5133522748947144,0.6219361424446106,1.2269214615225792
4281,0.093331478536129,0.4725947082042694,0.5601772665977478,1.1261034533381462
4282,0.09641774743795395,0.4798591136932373,0.5910162925720215,1.1672931537032127
4283,0.13896311819553375,0.6137025356292725,0.6807355880737305,1.4334012418985367
4284,0.0897878110408783,0.433677077293396,0.5478188991546631,1.0712837874889374
4285,0.12259848415851593,0.5590754747390747,0.6384914517402649,1.3201654106378555
4286,0.10453622043132782,0.5579057931900024,0.574317216873169,1.2367592304944992
4287,0.09341951459646225,0.5622861385345459,0.6291252374649048,1.284830890595913
4288,0.10183857381343842,0.4953652024269104,0.5488023161888123,1.146006092429161
4289,0.08195789158344269,0.4271722137928009,0.4648149907588959,0.9739450961351395
4290,0.1190943717956543,0.5570648908615112,0.624408483505249,1.3005677461624146
4291,0.11151191592216492,0.4976491928100586,0.5806180238723755,1.189779132604599
4292,0.1428462117910385,0.6172485947608948,0.6792302131652832,1.4393250197172165
4293,0.11841729283332825,0.46966683864593506,0.5622817873954773,1.1503659188747406
4294,0.09763549268245697,0.430672824382782,0.5232895016670227,1.0515978187322617
4295,0.12350385636091232,0.6898723840713501,0.7016322612762451,1.5150085017085075
4296,0.07051432132720947,0.48952969908714294,0.5612956285476685,1.1213396489620209
4297,0.11317089945077896,0.47124162316322327,0.5851724147796631,1.1695849373936653
4298,0.10345077514648438,0.5181452631950378,0.5788952708244324,1.2004913091659546
4299,0.11868354678153992,0.5858089327812195,0.6010679602622986,1.305560439825058
4300,0.09459907561540604,0.4954416751861572,0.5096709728240967,1.09971172362566
4301,0.09165556728839874,0.46932804584503174,0.5023618936538696,1.0633455067873
4302,0.10709550976753235,0.3894197940826416,0.50715571641922,1.003671020269394
4303,0.09880062192678452,0.4424082338809967,0.5764673352241516,1.1176761910319328
4304,0.12224017828702927,0.5018500685691833,0.6191972494125366,1.2432874962687492
4305,0.1014503613114357,0.323126882314682,0.48839685320854187,0.9129740968346596
4306,0.09687460958957672,0.4049244523048401,0.555029034614563,1.0568280965089798
4307,0.09916070103645325,0.5267807245254517,0.559083878993988,1.185025304555893
4308,0.0933898538351059,0.4997484087944031,0.5573478937149048,1.1504861563444138
4309,0.08803125470876694,0.47019681334495544,0.5519341230392456,1.110162191092968
4310,0.08097132295370102,0.4783998429775238,0.548575758934021,1.1079469248652458
4311,0.1173325628042221,0.488304078578949,0.5767213106155396,1.1823579519987106
4312,0.09105181694030762,0.44345417618751526,0.5030549764633179,1.0375609695911407
4313,0.12860797345638275,0.531622588634491,0.6316631436347961,1.2918937057256699
4314,0.09227707237005234,0.4154715836048126,0.531700849533081,1.039449505507946
4315,0.11204861849546432,0.5002906918525696,0.6209220886230469,1.2332613989710808
4316,0.10049302875995636,0.5349875092506409,0.6507474780082703,1.2862280160188675
4317,0.08693690598011017,0.4407375752925873,0.5467334985733032,1.0744079798460007
4318,0.09615817666053772,0.5155465602874756,0.6007028818130493,1.2124076187610626
4319,0.10174001753330231,0.4775256812572479,0.5411571860313416,1.1204228848218918
4320,0.11684226989746094,0.6034886837005615,0.6677305698394775,1.3880615234375
4321,0.09444475919008255,0.5153682827949524,0.6334612369537354,1.2432742789387703
4322,0.09092556685209274,0.3999328017234802,0.534994900226593,1.025853268802166
4323,0.10895547270774841,0.3795022666454315,0.5558551549911499,1.0443128943443298
4324,0.0824337750673294,0.23928427696228027,0.4004151523113251,0.7221332043409348
4325,0.1212468147277832,0.48395368456840515,0.6361151337623596,1.241315633058548
4326,0.0772571936249733,0.36343488097190857,0.5103086233139038,0.9510006979107857
4327,0.11447955667972565,0.46478503942489624,0.5840402841567993,1.1633048802614212
4328,0.10783983767032623,0.516663670539856,0.6648241877555847,1.289327695965767
4329,0.10901231318712234,0.47079670429229736,0.5771182775497437,1.1569272950291634
4330,0.07202960550785065,0.3401365578174591,0.4765370786190033,0.888703241944313
4331,0.06448916345834732,0.39070793986320496,0.5111676454544067,0.966364748775959
4332,0.07268934696912766,0.34616461396217346,0.501723051071167,0.9205770120024681
4333,0.12047416716814041,0.5232465267181396,0.6599823832511902,1.3037030771374702
4334,0.09053467959165573,0.4447736442089081,0.5658745765686035,1.1011829003691673
4335,0.11668110638856888,0.36423733830451965,0.546674907207489,1.0275933519005775
4336,0.08716598153114319,0.3793919086456299,0.5522027015686035,1.0187605917453766
4337,0.06394753605127335,0.288265585899353,0.446715772151947,0.7989288941025734
4338,0.10868661850690842,0.5411979556083679,0.6822662949562073,1.3321508690714836
4339,0.09409287571907043,0.4228862226009369,0.5820116400718689,1.0989907383918762
4340,0.0980522558093071,0.5042934417724609,0.6503777503967285,1.2527234479784966
4341,0.08045589178800583,0.370023250579834,0.5729425549507141,1.023421697318554
4342,0.10780051350593567,0.4614753723144531,0.6462010741233826,1.2154769599437714
4343,0.10246389359235764,0.5221012830734253,0.7252437472343445,1.3498089239001274
4344,0.11392352730035782,0.48644810914993286,0.71551114320755,1.3158827796578407
4345,0.09200659394264221,0.3854281008243561,0.5620170831680298,1.039451777935028
4346,0.07459411770105362,0.43210646510124207,0.5396794080734253,1.046379990875721
4347,0.09354853630065918,0.4679484963417053,0.5513148903846741,1.1128119230270386
4348,0.10187582671642303,0.5739524960517883,0.6729611754417419,1.3487894982099533
4349,0.10896461457014084,0.560777485370636,0.640284538269043,1.3100266382098198
4350,0.1115465834736824,0.4911489188671112,0.5964483022689819,1.1991438046097755
4351,0.08538050949573517,0.4942547678947449,0.5881752371788025,1.1678105145692825
4352,0.0804755911231041,0.4065680503845215,0.5174617767333984,1.004505418241024
4353,0.09451419860124588,0.41847893595695496,0.5919443368911743,1.1049374714493752
4354,0.11021331697702408,0.4392281472682953,0.56649249792099,1.1159339621663094
4355,0.08390375971794128,0.33877432346343994,0.5335711240768433,0.9562492072582245
4356,0.09827835112810135,0.49111485481262207,0.5919978022575378,1.1813910081982613
4357,0.10107826441526413,0.5008365511894226,0.5859183669090271,1.1878331825137138
4358,0.11925593763589859,0.8190391063690186,0.76758873462677,1.7058837786316872
4359,0.07355727255344391,0.35768598318099976,0.39651724696159363,0.8277605026960373
4360,0.09564950317144394,0.45847150683403015,0.5393972992897034,1.0935183092951775
4361,0.09507302939891815,0.4001956284046173,0.5186929702758789,1.0139616280794144
4362,0.07509136199951172,0.34266698360443115,0.4563828110694885,0.8741411566734314
4363,0.12268601357936859,0.5238077044487,0.6140384674072266,1.260532185435295
4364,0.12640920281410217,0.5684357285499573,0.7257678508758545,1.420612782239914
4365,0.11268153041601181,0.4939422309398651,0.6563389897346497,1.2629627510905266
4366,0.12484478205442429,0.5380316376686096,0.6384866833686829,1.3013631030917168
4367,0.07470688223838806,0.380705863237381,0.4791090786457062,0.9345218241214752
4368,0.07890865951776505,0.45324185490608215,0.5159115195274353,1.0480620339512825
4369,0.10803993791341782,0.5502452254295349,0.5584525465965271,1.2167377099394798
4370,0.09949415177106857,0.5773762464523315,0.565199613571167,1.242070011794567
4371,0.10657487064599991,0.6093353629112244,0.6486113667488098,1.364521600306034
4372,0.08392650634050369,0.5604826807975769,0.650037944316864,1.2944471314549446
4373,0.12219034880399704,0.5868620276451111,0.6800151467323303,1.3890675231814384
4374,0.0813128650188446,0.3866425156593323,0.5100747346878052,0.9780301153659821
4375,0.07046258449554443,0.278978556394577,0.4200212061405182,0.7694623470306396
4376,0.09104401618242264,0.3422710597515106,0.4702339768409729,0.9035490527749062
4377,0.09854911267757416,0.405241459608078,0.5359516739845276,1.0397422462701797
4378,0.08118382096290588,0.3729473650455475,0.4980265200138092,0.9521577060222626
4379,0.09448575973510742,0.43753817677497864,0.5226941108703613,1.0547180473804474
4380,0.13818760216236115,0.6579626202583313,0.6588091850280762,1.4549594074487686
4381,0.08733610063791275,0.4859054386615753,0.5706263780593872,1.1438679173588753
4382,0.09332473576068878,0.46225860714912415,0.5887270569801331,1.144310399889946
4383,0.08276999741792679,0.37369513511657715,0.5275897979736328,0.9840549305081367
4384,0.09452828019857407,0.38758477568626404,0.5689815282821655,1.0510945841670036
4385,0.08964714407920837,0.3504679203033447,0.5197844505310059,0.959899514913559
4386,0.09766198694705963,0.5452092885971069,0.7103285193443298,1.3531997948884964
4387,0.07011202722787857,0.2835064232349396,0.4473041594028473,0.8009226098656654
4388,0.08601691573858261,0.37311747670173645,0.5024121999740601,0.9615465924143791
4389,0.10899569094181061,0.5881375670433044,0.6593954563140869,1.356528714299202
4390,0.09352746605873108,0.39270898699760437,0.4913034737110138,0.9775399267673492
4391,0.10475953668355942,0.5921953320503235,0.716142475605011,1.413097344338894
4392,0.07755404710769653,0.38666215538978577,0.5344209671020508,0.9986371695995331
4393,0.06823962926864624,0.3307214677333832,0.4685156047344208,0.8674767017364502
4394,0.11021364480257034,0.4781339466571808,0.6596013903617859,1.247948981821537
4395,0.08240891993045807,0.4199228286743164,0.4530634880065918,0.9553952366113663
4396,0.0948195606470108,0.35399124026298523,0.5232849717140198,0.9720957726240158
4397,0.11426228284835815,0.46636703610420227,0.5815529227256775,1.162182241678238
4398,0.06722066551446915,0.34528371691703796,0.49624505639076233,0.9087494388222694
4399,0.1065831184387207,0.43146222829818726,0.5416796803474426,1.0797250270843506
4400,0.08394141495227814,0.405081182718277,0.5556246042251587,1.0446472018957138
4401,0.11390045285224915,0.4288063049316406,0.5666000843048096,1.1093068420886993
4402,0.0801638811826706,0.45748257637023926,0.5815337896347046,1.1191802471876144
4403,0.08979423344135284,0.38839033246040344,0.5222486257553101,1.0004331916570663
4404,0.12364255636930466,0.5069921016693115,0.6561672687530518,1.286801926791668
4405,0.10158704221248627,0.4921276569366455,0.709225058555603,1.3029397577047348
4406,0.1319735199213028,0.567257821559906,0.716895580291748,1.4161269217729568
4407,0.10864941030740738,0.41959264874458313,0.5474255084991455,1.075667567551136
4408,0.09066621959209442,0.4444900453090668,0.5355668067932129,1.070723071694374
4409,0.10282620042562485,0.6136497855186462,0.6433081030845642,1.3597840890288353
4410,0.09182804822921753,0.4864041805267334,0.5639842748641968,1.1422165036201477
4411,0.09346006065607071,0.4573574960231781,0.5256946682929993,1.076512224972248
4412,0.14489580690860748,0.5808170437812805,0.7359127402305603,1.4616255909204483
4413,0.10554476827383041,0.42259231209754944,0.5699374079704285,1.0980744883418083
4414,0.09677546471357346,0.3695346713066101,0.5114823579788208,0.9777924939990044
4415,0.0655665174126625,0.3282420337200165,0.41699492931365967,0.8108034804463387
4416,0.114881232380867,0.5005511045455933,0.5621953010559082,1.1776276379823685
4417,0.12588004767894745,0.5242207646369934,0.5527278184890747,1.2028286308050156
4418,0.06550862640142441,0.35134801268577576,0.38662269711494446,0.8034793362021446
4419,0.09750080108642578,0.6288246512413025,0.605678915977478,1.3320043683052063
4420,0.09615906327962875,0.5654889941215515,0.5960595607757568,1.257707618176937
4421,0.08381842821836472,0.35958319902420044,0.48025837540626526,0.9236600026488304
4422,0.09896191209554672,0.527984619140625,0.6630293726921082,1.2899759039282799
4423,0.13373719155788422,0.483236163854599,0.6225558519363403,1.2395292073488235
4424,0.08837117999792099,0.23870907723903656,0.4509830176830292,0.7780632749199867
4425,0.09191161394119263,0.3631548583507538,0.5308770537376404,0.9859435260295868
4426,0.08685439079999924,0.33784806728363037,0.4987213909626007,0.9234238490462303
4427,0.09090353548526764,0.3995591402053833,0.5357358455657959,1.0261985212564468
4428,0.13080070912837982,0.6506479978561401,0.7628782391548157,1.5443269461393356
4429,0.07397729158401489,0.35172441601753235,0.4752996861934662,0.9010013937950134
4430,0.07599857449531555,0.4777955412864685,0.5987937450408936,1.1525878608226776
4431,0.10862228274345398,0.445271372795105,0.5533763766288757,1.1072700321674347
4432,0.09265803545713425,0.39453619718551636,0.5624831914901733,1.049677424132824
4433,0.10235431045293808,0.32092753052711487,0.46850600838661194,0.8917878493666649
4434,0.1050872877240181,0.34530362486839294,0.5500361323356628,1.0004270449280739
4435,0.11148068308830261,0.42664143443107605,0.632154643535614,1.1702767610549927
4436,0.09349506348371506,0.48566579818725586,0.6588667035102844,1.2380275651812553
4437,0.0891490951180458,0.43215030431747437,0.6181944608688354,1.1394938603043556
4438,0.0932866781949997,0.4517379403114319,0.5562987327575684,1.101323351264
4439,0.09790892899036407,0.4297180771827698,0.5887055993080139,1.1163326054811478
4440,0.12171027064323425,0.5826502442359924,0.6746788620948792,1.3790393769741058
4441,0.07845965027809143,0.3888010084629059,0.5475319623947144,1.0147926211357117
4442,0.10763362050056458,0.5020054578781128,0.6346291303634644,1.2442682087421417
4443,0.09421335905790329,0.48374611139297485,0.5718290209770203,1.1497884914278984
4444,0.09238473325967789,0.5393686294555664,0.6304001212120056,1.26215348392725
4445,0.09235767275094986,0.4611854553222656,0.5460412502288818,1.0995843783020973
4446,0.07859791070222855,0.40597808361053467,0.4613788425922394,0.9459548369050026
4447,0.09041406959295273,0.5198667645454407,0.6188645958900452,1.2291454300284386
4448,0.09331943839788437,0.4465852677822113,0.5776619911193848,1.1175666972994804
4449,0.11377805471420288,0.602030336856842,0.6784399747848511,1.394248366355896
4450,0.09255348145961761,0.4386766254901886,0.5635024905204773,1.0947325974702835
4451,0.09645603597164154,0.3789489269256592,0.5256743431091309,1.0010793060064316
4452,0.1187090128660202,0.6309565305709839,0.7011154890060425,1.4507810324430466
4453,0.08123011142015457,0.4745580852031708,0.561716616153717,1.1175048127770424
4454,0.13421037793159485,0.5014463663101196,0.5862594246864319,1.2219161689281464
4455,0.08935636281967163,0.5307536125183105,0.5767494440078735,1.1968594193458557
4456,0.10257430374622345,0.606580913066864,0.5982165932655334,1.307371810078621
4457,0.08324024081230164,0.4834475815296173,0.507339596748352,1.074027419090271
4458,0.08096516877412796,0.45310544967651367,0.4993616044521332,1.0334322229027748
4459,0.08717576414346695,0.4030289351940155,0.5036987662315369,0.9939034655690193
4460,0.09851590543985367,0.4334976375102997,0.5732452869415283,1.1052588298916817
4461,0.11158407479524612,0.5214145183563232,0.6180086731910706,1.25100726634264
4462,0.08508697897195816,0.36725252866744995,0.48908531665802,0.9414248242974281
4463,0.07988765090703964,0.4529668986797333,0.5571315288543701,1.089986078441143
4464,0.0897502675652504,0.5313171148300171,0.5600709915161133,1.1811383739113808
4465,0.08433767408132553,0.48443663120269775,0.5558469891548157,1.124621294438839
4466,0.07385064661502838,0.4248702824115753,0.5493102073669434,1.048031136393547
4467,0.07520850747823715,0.3988896906375885,0.5423098802566528,1.0164080783724785
4468,0.10298289358615875,0.45730122923851013,0.572165846824646,1.1324499696493149
4469,0.08186154067516327,0.3995821475982666,0.49831441044807434,0.9797580987215042
4470,0.10999972373247147,0.5090024471282959,0.6289515495300293,1.2479537203907967
4471,0.09311234205961227,0.4054119884967804,0.5309867262840271,1.0295110568404198
4472,0.10436835139989853,0.4912867844104767,0.6212629675865173,1.2169181033968925
4473,0.09198755770921707,0.5423738956451416,0.6520716547966003,1.286433108150959
4474,0.08338476717472076,0.4362925589084625,0.5460982322692871,1.0657755583524704
4475,0.08391664177179337,0.48509934544563293,0.5997576713562012,1.1687736585736275
4476,0.09176260977983475,0.45196226239204407,0.5402292013168335,1.0839540734887123
4477,0.11412041634321213,0.5592580437660217,0.6656243205070496,1.3390027806162834
4478,0.09496259689331055,0.5229849815368652,0.6350409984588623,1.252988576889038
4479,0.07978121936321259,0.4415980577468872,0.5357527136802673,1.0571319907903671
4480,0.09683630615472794,0.4405005872249603,0.5588822364807129,1.0962191298604012
4481,0.055953603237867355,0.2657496929168701,0.40187403559684753,0.723577331751585
4482,0.11382418125867844,0.5045268535614014,0.6353662014007568,1.2537172362208366
4483,0.07319071888923645,0.39208921790122986,0.5108659863471985,0.9761459231376648
4484,0.11050137877464294,0.5021815299987793,0.5824937224388123,1.1951766312122345
4485,0.11068499088287354,0.5269914865493774,0.6621395349502563,1.2998160123825073
4486,0.09200799465179443,0.47781407833099365,0.5775018334388733,1.1473239064216614
4487,0.06932412087917328,0.355650395154953,0.4764879047870636,0.9014624208211899
4488,0.06790247559547424,0.3698948621749878,0.5101562738418579,0.94795361161232
4489,0.07629916071891785,0.3538370728492737,0.5020816922187805,0.932217925786972
4490,0.13153010606765747,0.5318996906280518,0.6608821749687195,1.3243119716644287
4491,0.08878739178180695,0.4961375892162323,0.5657870769500732,1.1507120579481125
4492,0.09735434502363205,0.4406781494617462,0.5486593246459961,1.0866918191313744
4493,0.09064240008592606,0.46487122774124146,0.554116427898407,1.1096300557255745
4494,0.06453278660774231,0.302749902009964,0.4462943375110626,0.8135770261287689
4495,0.10395292192697525,0.5254172086715698,0.6843774914741516,1.3137476220726967
4496,0.10153064876794815,0.418056845664978,0.583594560623169,1.1031820550560951
4497,0.10347341746091843,0.4862420856952667,0.6547620892524719,1.244477592408657
4498,0.08694162219762802,0.3760165870189667,0.5771759152412415,1.0401341244578362
4499,0.09490976482629776,0.4654930830001831,0.6484368443489075,1.2088396921753883
4500,0.10855313390493393,0.5888525247573853,0.7287033200263977,1.4261089786887169
4501,0.11799927055835724,0.532200276851654,0.7163271307945251,1.3665266782045364
4502,0.09559126198291779,0.3860521912574768,0.5629565119743347,1.0445999652147293
4503,0.08881984651088715,0.3515302538871765,0.5369414687156677,0.9772915691137314
4504,0.09609076380729675,0.41207829117774963,0.5520127415657043,1.0601817965507507
4505,0.10121961683034897,0.49140483140945435,0.6725547909736633,1.2651792392134666
4506,0.08067602664232254,0.4544388949871063,0.6383997201919556,1.1735146418213844
4507,0.10097634047269821,0.40897807478904724,0.5960549116134644,1.1060093268752098
4508,0.0796399787068367,0.43645161390304565,0.5880541801452637,1.104145772755146
4509,0.06381520628929138,0.36656638979911804,0.5167856812477112,0.9471672773361206
4510,0.08811885118484497,0.3807620406150818,0.5900872945785522,1.058968186378479
4511,0.10508077591657639,0.459260493516922,0.5644325613975525,1.1287738308310509
4512,0.07222644239664078,0.37808939814567566,0.5342194437980652,0.9845352843403816
4513,0.08744847774505615,0.45355555415153503,0.5922042727470398,1.133208304643631
4514,0.1038254052400589,0.42713412642478943,0.5843507647514343,1.1153102964162827
4515,0.12299902737140656,0.6385825276374817,0.7668707370758057,1.528452292084694
4516,0.07329747080802917,0.30943769216537476,0.39721909165382385,0.7799542546272278
4517,0.10271190106868744,0.48546797037124634,0.541079580783844,1.1292594522237778
4518,0.08956262469291687,0.557877779006958,0.5201984643936157,1.1676388680934906
4519,0.06053939461708069,0.47811901569366455,0.4578324854373932,0.9964908957481384
4520,0.11260468512773514,0.6147225499153137,0.6154718995094299,1.3427991345524788
4521,0.11372171342372894,0.6169247031211853,0.7253177165985107,1.455964133143425
4522,0.12338699400424957,0.5135691165924072,0.6573481559753418,1.2943042665719986
4523,0.12833023071289062,0.4880291521549225,0.635795533657074,1.252154916524887
4524,0.08186996728181839,0.3185366988182068,0.4794110655784607,0.8798177316784859
4525,0.07223137468099594,0.36649325489997864,0.5159361362457275,0.9546607658267021
4526,0.10184329003095627,0.4961380362510681,0.5601431727409363,1.1581244990229607
4527,0.07995373010635376,0.5500634908676147,0.5662113428115845,1.196228563785553
4528,0.10689899325370789,0.665429949760437,0.6502272486686707,1.4225561916828156
4529,0.0822199359536171,0.6906214952468872,0.6550794839859009,1.4279209151864052
4530,0.11286579072475433,0.7277735471725464,0.6878287196159363,1.528468057513237
4531,0.0772964358329773,0.5205782651901245,0.5147727131843567,1.1126474142074585
4532,0.06779671460390091,0.3594425916671753,0.42447131872177124,0.8517106249928474
4533,0.08775459229946136,0.3604464828968048,0.4778738021850586,0.9260748773813248
4534,0.07522205263376236,0.39263492822647095,0.5438275337219238,1.0116845145821571
4535,0.06769992411136627,0.33697444200515747,0.5020474791526794,0.9067218452692032
4536,0.10542260855436325,0.4246942698955536,0.5272747874259949,1.0573916658759117
4537,0.12267277389764786,0.6682026386260986,0.6678545475006104,1.4587299600243568
4538,0.10098220407962799,0.49952346086502075,0.5715813040733337,1.1720869690179825
4539,0.08788979798555374,0.4598594903945923,0.5887345671653748,1.1364838555455208
4540,0.07809960097074509,0.4171399772167206,0.5273538827896118,1.0225934609770775
4541,0.09284967184066772,0.4511154294013977,0.5677716732025146,1.11173677444458
4542,0.08733030408620834,0.4113306999206543,0.51873779296875,1.0173987969756126
4543,0.10280752182006836,0.5726975202560425,0.711154043674469,1.3866590857505798
4544,0.06810098886489868,0.2984825074672699,0.44824740290641785,0.8148308992385864
4545,0.08602891862392426,0.36585959792137146,0.503800630569458,0.9556891471147537
4546,0.10800382494926453,0.5595346093177795,0.6590754389762878,1.326613873243332
4547,0.1026003509759903,0.41736745834350586,0.4929960072040558,1.012963816523552
4548,0.11022718250751495,0.6312594413757324,0.7196536660194397,1.461140289902687
4549,0.07521062344312668,0.3997187912464142,0.5349088311195374,1.0098382458090782
4550,0.05939798429608345,0.3537096679210663,0.4686460793018341,0.8817537315189838
4551,0.09693638980388641,0.5221832990646362,0.6576554775238037,1.2767751663923264
4552,0.08284592628479004,0.4387263059616089,0.4507809579372406,0.9723531901836395
4553,0.0745772272348404,0.33977481722831726,0.5210242867469788,0.9353763312101364
4554,0.09121628850698471,0.385063111782074,0.5780080556869507,1.0542874559760094
4555,0.05260229483246803,0.29198145866394043,0.4948691725730896,0.8394529260694981
4556,0.09354410320520401,0.4402715563774109,0.5423198938369751,1.07613555341959
4557,0.1035369485616684,0.4055146276950836,0.5561361908912659,1.0651877671480179
4558,0.08974828571081161,0.4479576349258423,0.5691973567008972,1.1069032773375511
4559,0.08282142877578735,0.4413648247718811,0.5843241214752197,1.1085103750228882
4560,0.09331409633159637,0.41913098096847534,0.5297316312789917,1.0421767085790634
4561,0.10437333583831787,0.4715586006641388,0.6549727916717529,1.2309047281742096
4562,0.10195251554250717,0.4667884409427643,0.7124427556991577,1.2811837121844292
4563,0.1348029375076294,0.5603457093238831,0.7166955471038818,1.4118441939353943
4564,0.11752289533615112,0.3776097297668457,0.5456992387771606,1.0408318638801575
4565,0.10559970885515213,0.3758336305618286,0.5342472791671753,1.015680618584156
4566,0.12352999299764633,0.5616810917854309,0.6435233950614929,1.3287344798445702
4567,0.10385298728942871,0.4454193711280823,0.5630983710289001,1.1123707294464111
4568,0.07793974131345749,0.42362087965011597,0.523889422416687,1.0254500433802605
4569,0.1072283610701561,0.5617687702178955,0.7344781160354614,1.403475247323513
4570,0.08924982696771622,0.43931055068969727,0.5699422955513,1.0985026732087135
4571,0.08670581132173538,0.38346752524375916,0.511048436164856,0.9812217727303505
4572,0.06757842749357224,0.2987915277481079,0.41600945591926575,0.7823794111609459
4573,0.1084640696644783,0.4287201464176178,0.5599015951156616,1.0970858111977577
4574,0.11881597340106964,0.4001128077507019,0.5518831610679626,1.0708119422197342
4575,0.05963442102074623,0.2847766578197479,0.38542982935905457,0.7298409081995487
4576,0.1015375405550003,0.5427103638648987,0.6027160286903381,1.2469639331102371
4577,0.101533442735672,0.5061665177345276,0.5962788462638855,1.203978806734085
4578,0.07743188738822937,0.37208589911460876,0.47903648018836975,0.9285542666912079
4579,0.09306405484676361,0.5877116322517395,0.6607808470726013,1.3415565341711044
4580,0.1170630231499672,0.5158246755599976,0.6228711605072021,1.255758859217167
4581,0.06128191575407982,0.24289950728416443,0.4498429298400879,0.7540243528783321
4582,0.08107761293649673,0.3161086142063141,0.5309292674064636,0.9281154945492744
4583,0.0838007852435112,0.28134289383888245,0.49581342935562134,0.860957108438015
4584,0.0975184440612793,0.3387947082519531,0.535613477230072,0.9719266295433044
4585,0.13430394232273102,0.5854389071464539,0.760935366153717,1.480678215622902
4586,0.07261060178279877,0.33455097675323486,0.474505215883255,0.8816667944192886
4587,0.07245955616235733,0.43566426634788513,0.5969651341438293,1.1050889566540718
4588,0.09918650984764099,0.41642993688583374,0.5520790815353394,1.067695528268814
4589,0.07664288580417633,0.3795616924762726,0.5616600513458252,1.017864629626274
4590,0.08043055236339569,0.31863847374916077,0.46924397349357605,0.8683129996061325
4591,0.1021995022892952,0.33138084411621094,0.5494939088821411,0.9830742552876472
4592,0.11887343227863312,0.3763338625431061,0.6319898366928101,1.1271971315145493
4593,0.09740573912858963,0.413486123085022,0.6576470732688904,1.168538935482502
4594,0.07992547750473022,0.3751727044582367,0.6181336045265198,1.0732317864894867
4595,0.09067690372467041,0.39837223291397095,0.5552524328231812,1.0443015694618225
4596,0.09634824842214584,0.39072296023368835,0.5872204303741455,1.0742916390299797
4597,0.11174959689378738,0.5706787705421448,0.6764428615570068,1.358871228992939
4598,0.0826730728149414,0.3593754768371582,0.5444548726081848,0.9865034222602844
4599,0.10144027322530746,0.45003610849380493,0.6351339817047119,1.1866103634238243
4600,0.09373611211776733,0.4207029342651367,0.5701759457588196,1.0846149921417236
4601,0.08157844841480255,0.44748467206954956,0.6264398694038391,1.1555029898881912
4602,0.0942089706659317,0.40512359142303467,0.5454505085945129,1.0447830706834793
4603,0.07932783663272858,0.3630448281764984,0.4612431824207306,0.9036158472299576
4604,0.09235131740570068,0.5280421376228333,0.6185618042945862,1.2389552593231201
4605,0.09339296817779541,0.4985872507095337,0.5760088562965393,1.1679890751838684
4606,0.10816023498773575,0.5871775150299072,0.6742286682128906,1.3695664182305336
4607,0.07154113054275513,0.3740381598472595,0.5565685033798218,1.0021477937698364
4608,0.08812735229730606,0.358993262052536,0.5241730809211731,0.9712936952710152
4609,0.11345576494932175,0.5995216369628906,0.7043184638023376,1.41729586571455
4610,0.08440686762332916,0.4319669008255005,0.5626288056373596,1.0790025740861893
4611,0.12441357970237732,0.47023704648017883,0.5880517363548279,1.182702362537384
4612,0.09087066352367401,0.5052183866500854,0.5782033801078796,1.174292430281639
4613,0.10368384420871735,0.6073248982429504,0.5998948812484741,1.310903623700142
4614,0.07734715193510056,0.4996604919433594,0.50945645570755,1.08646409958601
4615,0.0650283619761467,0.5406619310379028,0.500205397605896,1.1058956906199455
4616,0.07554753869771957,0.5160505771636963,0.5050598382949829,1.0966579541563988
4617,0.08359958976507187,0.49640265107154846,0.5727353692054749,1.1527376100420952
4618,0.10630284994840622,0.5446720123291016,0.6196012496948242,1.270576111972332
4619,0.07699004560709,0.3513292968273163,0.4900413751602173,0.9183607175946236
4620,0.08403141796588898,0.43259429931640625,0.5563541650772095,1.0729798823595047
4621,0.08754011988639832,0.4593163728713989,0.5588443875312805,1.1057008802890778
4622,0.08587881177663803,0.4731277525424957,0.5575724840164185,1.1165790483355522
4623,0.08243303000926971,0.43923115730285645,0.5516465902328491,1.0733107775449753
4624,0.07416684180498123,0.4676385819911957,0.5426679849624634,1.0844734087586403
4625,0.09331464022397995,0.5491824746131897,0.5721578001976013,1.214654915034771
4626,0.07486347109079361,0.48020273447036743,0.4983268082141876,1.0533930137753487
4627,0.0970081016421318,0.5451759696006775,0.6301071643829346,1.2722912356257439
4628,0.07187962532043457,0.43048548698425293,0.528369665145874,1.0307347774505615
4629,0.08978229761123657,0.4727400839328766,0.6183894276618958,1.180911809206009
4630,0.09355971962213516,0.5330753326416016,0.6502062082290649,1.2768412604928017
4631,0.08099047094583511,0.3849585950374603,0.5461207628250122,1.0120698288083076
4632,0.08846287429332733,0.45655685663223267,0.6005250811576843,1.1455448120832443
4633,0.07987719774246216,0.418232798576355,0.5421411991119385,1.0402511954307556
4634,0.125526562333107,0.5711472034454346,0.665905237197876,1.3625790029764175
4635,0.10222137719392776,0.5312803387641907,0.6331215500831604,1.2666232660412788
4636,0.07492206245660782,0.43615254759788513,0.5347002744674683,1.0457748845219612
4637,0.09010685980319977,0.4491472840309143,0.5563166737556458,1.0955708175897598
4638,0.059497758746147156,0.3130815923213959,0.40357843041419983,0.7761577814817429
4639,0.12217215448617935,0.50731360912323,0.6349029541015625,1.2643887177109718
4640,0.07578146457672119,0.3876134157180786,0.5120396018028259,0.9754344820976257
4641,0.09933430701494217,0.425065815448761,0.5824267864227295,1.1068269088864326
4642,0.10494652390480042,0.5005273818969727,0.6645122170448303,1.2699861228466034
4643,0.08356887102127075,0.4561793804168701,0.5779135227203369,1.1176617741584778
4644,0.06923305988311768,0.3410787284374237,0.47900477051734924,0.8893165588378906
4645,0.06771788001060486,0.40768757462501526,0.5100055932998657,0.9854110479354858
4646,0.074103944003582,0.41948202252388,0.50184565782547,0.995431624352932
4647,0.10398939996957779,0.5549468994140625,0.6607506275177002,1.3196869269013405
4648,0.09943468123674393,0.4539295434951782,0.5646560788154602,1.1180203035473824
4649,0.091171994805336,0.3830743432044983,0.545133650302887,1.0193799883127213
4650,0.08697657287120819,0.39805638790130615,0.5536884665489197,1.038721427321434
4651,0.057194922119379044,0.29284703731536865,0.4466917812824249,0.7967337407171726
4652,0.11189372837543488,0.5223618745803833,0.6824765205383301,1.3167321234941483
4653,0.08393064886331558,0.432940274477005,0.5813879370689392,1.0982588604092598
4654,0.08174517005681992,0.4895921051502228,0.6493210196495056,1.2206582948565483
4655,0.07677016407251358,0.3707606792449951,0.5742156505584717,1.0217464938759804
4656,0.09733837842941284,0.4472242593765259,0.6453778147697449,1.1899404525756836
4657,0.09917373955249786,0.5794240236282349,0.7264848947525024,1.4050826579332352
4658,0.12446009367704391,0.5184996128082275,0.7143887281417847,1.3573484346270561
4659,0.08836820721626282,0.38786453008651733,0.5622885823249817,1.0385213196277618
4660,0.08066558837890625,0.3422420620918274,0.5370336771011353,0.9599413275718689
4661,0.09330970793962479,0.4411880075931549,0.5516175627708435,1.0861152783036232
4662,0.10783793032169342,0.47921013832092285,0.6724740862846375,1.2595221549272537
4663,0.08322063088417053,0.45347604155540466,0.6390629410743713,1.1757596135139465
4664,0.09574814140796661,0.40207669138908386,0.596505343914032,1.0943301767110825
4665,0.07759720087051392,0.44228309392929077,0.5877931118011475,1.1076734066009521
4666,0.063202865421772,0.3400697708129883,0.5175310969352722,0.9208037331700325
4667,0.07833714038133621,0.372077614068985,0.5898074507713318,1.040222205221653
4668,0.1000775471329689,0.42900779843330383,0.5654347538948059,1.0945200994610786
4669,0.065160371363163,0.3570718765258789,0.5349253416061401,0.957157589495182
4670,0.0805695652961731,0.4281077980995178,0.5895159840583801,1.098193347454071
4671,0.1040051281452179,0.4454982280731201,0.583039402961731,1.132542759180069
4672,0.1263589859008789,0.6385327577590942,0.765500545501709,1.5303922891616821
4673,0.06882695108652115,0.292479932308197,0.39738306403160095,0.7586899474263191
4674,0.08604741096496582,0.37130865454673767,0.5386255979537964,0.9959816634654999
4675,0.08905588090419769,0.3948458731174469,0.5197324752807617,1.0036342293024063
4676,0.06143252179026604,0.37459444999694824,0.45672106742858887,0.8927480392158031
4677,0.09419018030166626,0.5783253312110901,0.6129360198974609,1.2854515314102173
4678,0.11572336405515671,0.7269272208213806,0.7243691086769104,1.5670196935534477
4679,0.0960354134440422,0.735369086265564,0.6603893637657166,1.4917938634753227
4680,0.10658271610736847,0.6158555746078491,0.6361586451530457,1.3585969358682632
4681,0.06919106841087341,0.35025155544281006,0.4798756241798401,0.8993182480335236
4682,0.06544556468725204,0.3182879388332367,0.5162829756736755,0.9000164791941643
4683,0.08772487938404083,0.3895605802536011,0.5578056573867798,1.0350911170244217
4684,0.08012180030345917,0.4391913115978241,0.5633361339569092,1.0826492458581924
4685,0.10709338635206223,0.5664577484130859,0.6469235420227051,1.3204746767878532
4686,0.07944946736097336,0.6551551818847656,0.6496949791908264,1.3842996284365654
4687,0.12405834347009659,0.7382076382637024,0.6851415038108826,1.5474074855446815
4688,0.07810798287391663,0.5581973195075989,0.5138989686965942,1.1502042710781097
4689,0.07655972242355347,0.41573822498321533,0.42280876636505127,0.9151067137718201
4690,0.08338342607021332,0.45475003123283386,0.47327160835266113,1.0114050656557083
4691,0.07641179114580154,0.43505534529685974,0.5392740964889526,1.050741232931614
4692,0.06529465317726135,0.4147336184978485,0.500567615032196,0.9805958867073059
4693,0.09299196302890778,0.45845064520835876,0.5268985629081726,1.0783411711454391
4694,0.12626059353351593,0.6020264029502869,0.6663626432418823,1.3946496397256851
4695,0.0965423732995987,0.46607309579849243,0.5752928853034973,1.1379083544015884
4696,0.08481831848621368,0.4554920792579651,0.5927184224128723,1.133028820157051
4697,0.07887046784162521,0.4512416124343872,0.5295202732086182,1.0596323534846306
4698,0.08945366740226746,0.5138291120529175,0.5709133148193359,1.1741960942745209
4699,0.0913582295179367,0.45791131258010864,0.5207899212837219,1.0700594633817673
4700,0.1024293527007103,0.7006029486656189,0.7113990187644958,1.514431320130825
4701,0.05662120133638382,0.35030171275138855,0.44819727540016174,0.8551201894879341
4702,0.08545495569705963,0.3937787115573883,0.5052591562271118,0.9844928234815598
4703,0.1285412609577179,0.5924018621444702,0.6621596217155457,1.3831027448177338
4704,0.09417425841093063,0.3788844347000122,0.4928800165653229,0.9659387096762657
4705,0.1173330545425415,0.5433129072189331,0.7179626226425171,1.3786085844039917
4706,0.08417298644781113,0.41602379083633423,0.5349932909011841,1.0351900681853294
4707,0.05944331735372543,0.410082072019577,0.46877580881118774,0.9383011981844902
4708,0.10278903692960739,0.6052751541137695,0.6615670323371887,1.3696312233805656
4709,0.08190140873193741,0.4509338140487671,0.44737008213996887,0.9802053049206734
4710,0.08334466069936752,0.4389008581638336,0.5238835215568542,1.0461290404200554
4711,0.11269691586494446,0.47153446078300476,0.5789588689804077,1.163190245628357
4712,0.06367512047290802,0.3297514021396637,0.49464428424835205,0.8880708068609238
4713,0.08962348848581314,0.4285935163497925,0.5403013825416565,1.0585183873772621
4714,0.07611262053251266,0.34431347250938416,0.554527759552002,0.9749538525938988
4715,0.10401108860969543,0.3995988667011261,0.5663551092147827,1.0699650645256042
4716,0.07617731392383575,0.4554457366466522,0.5863108038902283,1.1179338544607162
4717,0.08546479046344757,0.5031461119651794,0.525335431098938,1.113946333527565
4718,0.11283093690872192,0.6211933493614197,0.6609492897987366,1.3949735760688782
4719,0.10064910352230072,0.6148624420166016,0.7166701555252075,1.4321817010641098
4720,0.11211717873811722,0.6749640703201294,0.7238227725028992,1.5109040215611458
4721,0.09860502183437347,0.39345183968544006,0.5501365065574646,1.0421933680772781
4722,0.09037370979785919,0.36001187562942505,0.5361118316650391,0.9864974170923233
4723,0.11302889883518219,0.5218674540519714,0.6432486176490784,1.278144970536232
4724,0.09614177793264389,0.43430325388908386,0.5641382336616516,1.0945832654833794
4725,0.10148674994707108,0.4594033360481262,0.5261319875717163,1.0870220735669136
4726,0.12074139714241028,0.6758026480674744,0.737099826335907,1.5336438715457916
4727,0.08151234686374664,0.49068230390548706,0.5718004107475281,1.1439950615167618
4728,0.08428941667079926,0.41145607829093933,0.5127522349357605,1.008497729897499
4729,0.06392895430326462,0.3180123567581177,0.415881484746933,0.7978227958083153
4730,0.11390677839517593,0.42923805117607117,0.5609779357910156,1.1041227653622627
4731,0.11588844656944275,0.4599102735519409,0.5526149868965149,1.1284137070178986
4732,0.06949770450592041,0.29369187355041504,0.38569021224975586,0.7488797903060913
4733,0.12620028853416443,0.48849183320999146,0.6031326651573181,1.217824786901474
4734,0.14671483635902405,0.45100459456443787,0.5944258570671082,1.19214528799057
4735,0.10090955346822739,0.3249724209308624,0.4833768904209137,0.9092588648200035
4736,0.17206615209579468,0.5230568051338196,0.6620895266532898,1.357212483882904
4737,0.11742553114891052,0.5776772499084473,0.6229607462882996,1.3180635273456573
4738,0.06353417783975601,0.3272310495376587,0.4506418704986572,0.8414070978760719
4739,0.07935245335102081,0.5006658434867859,0.5313537120819092,1.1113720089197159
4740,0.06573667377233505,0.3804466128349304,0.496561735868454,0.9427450224757195
4741,0.09247036278247833,0.40894052386283875,0.5355497002601624,1.0369605869054794
4742,0.1389390379190445,0.5671713948249817,0.7643551826477051,1.4704656153917313
4743,0.07588683813810349,0.29779666662216187,0.4765668213367462,0.8502503260970116
4744,0.08678444474935532,0.4129636883735657,0.5976126790046692,1.0973608121275902
4745,0.10341659188270569,0.4344494938850403,0.5527678728103638,1.0906339585781097
4746,0.0866384282708168,0.45545822381973267,0.5637540817260742,1.1058507338166237
4747,0.08816903084516525,0.4121459722518921,0.4701051115989685,0.9704201146960258
4748,0.11468929797410965,0.41743597388267517,0.5509092807769775,1.0830345526337624
4749,0.10723232477903366,0.4617760479450226,0.6329907178878784,1.2019990906119347
4750,0.09637182205915451,0.4776742160320282,0.6586461067199707,1.2326921448111534
4751,0.07884340733289719,0.3726021647453308,0.6175308227539062,1.0689763948321342
4752,0.08485286682844162,0.3972909152507782,0.556252658367157,1.0383964404463768
4753,0.08739511668682098,0.3860678970813751,0.5885960459709167,1.0620590597391129
4754,0.12017552554607391,0.5587126016616821,0.6738560795783997,1.3527442067861557
4755,0.08635762333869934,0.36499348282814026,0.5450235605239868,0.9963746666908264
4756,0.11403460055589676,0.4821510910987854,0.6353841423988342,1.2315698340535164
4757,0.10471339523792267,0.42317429184913635,0.5682141184806824,1.0961018055677414
4758,0.08546722680330276,0.46534574031829834,0.628280758857727,1.1790937259793282
4759,0.09869205951690674,0.38669267296791077,0.5438509583473206,1.029235690832138
4760,0.07455945760011673,0.31575995683670044,0.4611121714115143,0.8514315858483315
4761,0.10410889238119125,0.403781920671463,0.6168371438980103,1.1247279569506645
4762,0.09237002581357956,0.3968881070613861,0.5741769075393677,1.0634350404143333
4763,0.11706532537937164,0.5617299675941467,0.672275185585022,1.3510704785585403
4764,0.08233772218227386,0.41115066409111023,0.556580662727356,1.05006904900074
4765,0.09342451393604279,0.343667596578598,0.5215805768966675,0.9586726874113083
4766,0.10407403111457825,0.5500924587249756,0.6990711688995361,1.35323765873909
4767,0.0644150972366333,0.36583560705184937,0.558775007724762,0.9890257120132446
4768,0.1074267104268074,0.40873122215270996,0.5839067101478577,1.100064642727375
4769,0.09875747561454773,0.4238070845603943,0.5794211626052856,1.1019857227802277
4770,0.11861482262611389,0.48643895983695984,0.6002719402313232,1.205325722694397
4771,0.09649521857500076,0.4303380846977234,0.51129150390625,1.0381248071789742
4772,0.09066034108400345,0.46161341667175293,0.5004344582557678,1.0527082160115242
4773,0.09298107028007507,0.4410361647605896,0.5080322027206421,1.0420494377613068
4774,0.10046403855085373,0.49368035793304443,0.5773029327392578,1.171447329223156
4775,0.12060118466615677,0.536340057849884,0.6218675971031189,1.2788088396191597
4776,0.07273615896701813,0.33902785181999207,0.49222731590270996,0.9039913266897202
4777,0.07892155647277832,0.41539931297302246,0.5585182309150696,1.0528391003608704
4778,0.09016355872154236,0.456182599067688,0.5612660646438599,1.1076122224330902
4779,0.08436325937509537,0.41500407457351685,0.5592689514160156,1.0586362853646278
4780,0.08750474452972412,0.37871867418289185,0.5521336197853088,1.0183570384979248
4781,0.08271966129541397,0.40162867307662964,0.5439741611480713,1.028322495520115
4782,0.09804924577474594,0.4637564420700073,0.5726335644721985,1.1344392523169518
4783,0.0843806266784668,0.42311540246009827,0.49739235639572144,1.0048883855342865
4784,0.08977523446083069,0.5348772406578064,0.6281282305717468,1.252780705690384
4785,0.07198019325733185,0.4464397728443146,0.5296611189842224,1.0480810850858688
4786,0.09256456047296524,0.4794282019138336,0.6185574531555176,1.1905502155423164
4787,0.09080933779478073,0.5159941911697388,0.6499098539352417,1.2567133828997612
4788,0.08040802925825119,0.3523540794849396,0.5459543466567993,0.9787164553999901
4789,0.08650654554367065,0.4172241985797882,0.6001855134963989,1.1039162576198578
4790,0.08072242140769958,0.37374964356422424,0.54038405418396,0.9948561191558838
4791,0.11800312995910645,0.5325266718864441,0.6657183766365051,1.3162481784820557
4792,0.09822861850261688,0.5495396852493286,0.6332105994224548,1.2809789031744003
4793,0.0767550840973854,0.48922812938690186,0.5344056487083435,1.1003888621926308
4794,0.09420641511678696,0.48186853528022766,0.5562997460365295,1.1323746964335442
4795,0.06050968915224075,0.3293546438217163,0.40121692419052124,0.7910812571644783
4796,0.1285722851753235,0.5222551226615906,0.6330400705337524,1.2838674783706665
4797,0.06564020365476608,0.39071226119995117,0.5097659230232239,0.9661183878779411
4798,0.10007030516862869,0.4267362356185913,0.5805250406265259,1.1073315814137459
4799,0.09720514714717865,0.4485032558441162,0.6616767644882202,1.207385167479515
4800,0.09709396958351135,0.46075496077537537,0.5756196975708008,1.1334686279296875
4801,0.08125054836273193,0.3585173785686493,0.47847798466682434,0.9182459115982056
4802,0.0701962485909462,0.40459656715393066,0.5111654996871948,0.9859583154320717
4803,0.07274428009986877,0.4227679967880249,0.5027337670326233,0.998246043920517
4804,0.10884272307157516,0.5364551544189453,0.6619287133216858,1.3072265908122063
4805,0.08740698546171188,0.47318053245544434,0.564225971698761,1.1248134896159172
4806,0.0919642522931099,0.42860808968544006,0.5449560880661011,1.065528430044651
4807,0.08210403472185135,0.4383861720561981,0.5523260831832886,1.072816289961338
4808,0.059261441230773926,0.3140915334224701,0.4472878873348236,0.8206408619880676
4809,0.09247635304927826,0.5025955438613892,0.6825794577598572,1.2776513546705246
4810,0.08688182383775711,0.4069974422454834,0.5822001099586487,1.0760793760418892
4811,0.08005322515964508,0.477798193693161,0.6501122117042542,1.2079636305570602
4812,0.08213064819574356,0.42498746514320374,0.5736751556396484,1.0807932689785957
4813,0.09302686154842377,0.4770975708961487,0.6447679996490479,1.2148924320936203
4814,0.08931656926870346,0.6127082109451294,0.7238021492958069,1.4258269295096397
4815,0.11533547192811966,0.5467684864997864,0.7157525420188904,1.3778565004467964
4816,0.07670321315526962,0.41755348443984985,0.5618082284927368,1.0560649260878563
4817,0.0726114809513092,0.3636361062526703,0.5397965908050537,0.9760441780090332
4818,0.09391146898269653,0.42523524165153503,0.5515314936637878,1.0706782042980194
4819,0.08292528986930847,0.5144407749176025,0.6758897304534912,1.2732557952404022
4820,0.08239145576953888,0.503497302532196,0.6412931680679321,1.227181926369667
4821,0.10117229074239731,0.43232598900794983,0.5969910621643066,1.1304893419146538
4822,0.09166032820940018,0.5105282068252563,0.5909156799316406,1.1931042149662971
4823,0.06338626146316528,0.34752321243286133,0.5157780051231384,0.926687479019165
4824,0.08208970725536346,0.44361141324043274,0.5908699035644531,1.1165710240602493
4825,0.10409100353717804,0.4769738018512726,0.5639432668685913,1.145008072257042
4826,0.07161162048578262,0.3969249427318573,0.5347333550453186,1.0032699182629585
4827,0.0995698943734169,0.4548504650592804,0.590349018573761,1.1447693780064583
4828,0.09399223327636719,0.4240095913410187,0.5846659541130066,1.1026677787303925
4829,0.11019064486026764,0.6062310934066772,0.7645594477653503,1.4809811860322952
4830,0.06511079519987106,0.28411608934402466,0.39765238761901855,0.7468792721629143
4831,0.08296794444322586,0.4227434992790222,0.5390903949737549,1.044801838696003
4832,0.09368056803941727,0.44300955533981323,0.52097088098526,1.0576610043644905
4833,0.07080685347318649,0.3756856620311737,0.456573486328125,0.9030660018324852
4834,0.11476948112249374,0.60942542552948,0.6131589412689209,1.3373538479208946
4835,0.11179450154304504,0.6685807108879089,0.7244186401367188,1.5047938525676727
4836,0.11994095146656036,0.5454840064048767,0.656448245048523,1.32187320291996
4837,0.10886738449335098,0.5798733830451965,0.6352206468582153,1.3239614143967628
4838,0.0724417045712471,0.41285377740859985,0.4795362949371338,0.9648317769169807
4839,0.06679513305425644,0.473471462726593,0.5182496905326843,1.0585162863135338
4840,0.09777528047561646,0.4757142663002014,0.5579941868782043,1.1314837336540222
4841,0.08051382005214691,0.4723086357116699,0.5625368356704712,1.115359291434288
4842,0.11241799592971802,0.5037785768508911,0.6454469561576843,1.2616435289382935
4843,0.09177963435649872,0.48534175753593445,0.645976185798645,1.2230975776910782
4844,0.11899412423372269,0.5989606380462646,0.6781877279281616,1.396142490208149
4845,0.07445292174816132,0.39999595284461975,0.5081157088279724,0.9825645834207535
4846,0.07329626381397247,0.3279598355293274,0.4194621741771698,0.8207182735204697
4847,0.09691552817821503,0.43104538321495056,0.46967706084251404,0.9976379722356796
4848,0.07316043972969055,0.4465036988258362,0.536669909954071,1.0563340485095978
4849,0.09801535308361053,0.45792341232299805,0.49959373474121094,1.0555325001478195
4850,0.08461800962686539,0.5034480094909668,0.5253298878669739,1.113395906984806
4851,0.11757554113864899,0.6516677141189575,0.6631307005882263,1.4323739558458328
4852,0.08631587028503418,0.4916246831417084,0.5758762955665588,1.1538168489933014
4853,0.08293865621089935,0.42341312766075134,0.5932427644729614,1.0995945483446121
4854,0.078865185379982,0.3754507005214691,0.5291156768798828,0.9834315627813339
4855,0.09534343332052231,0.47152945399284363,0.5737497806549072,1.1406226679682732
4856,0.08710113912820816,0.42713966965675354,0.525255024433136,1.0394958332180977
4857,0.088325135409832,0.6895322799682617,0.7138832211494446,1.4917406365275383
4858,0.061479922384023666,0.3559633195400238,0.4498269259929657,0.8672701679170132
4859,0.0832219049334526,0.431957483291626,0.5071008205413818,1.0222802087664604
4860,0.1292445957660675,0.6145512461662292,0.6612824201583862,1.405078262090683
4861,0.10243221372365952,0.3833841383457184,0.49256306886672974,0.9783794209361076
4862,0.12571008503437042,0.5194445252418518,0.7169914245605469,1.362146034836769
4863,0.07353958487510681,0.37288475036621094,0.5362800359725952,0.982704371213913
4864,0.07047486305236816,0.3364205062389374,0.4686558246612549,0.8755511939525604
4865,0.10722695291042328,0.5768321752548218,0.6643599271774292,1.3484190553426743
4866,0.08547087013721466,0.415049284696579,0.4522806704044342,0.9528008252382278
4867,0.07963977754116058,0.4010178744792938,0.5212547183036804,1.0019123703241348
4868,0.12185772508382797,0.5095623135566711,0.577579140663147,1.208999179303646
4869,0.0637463703751564,0.3928457796573639,0.4939146935939789,0.9505068436264992
4870,0.11515878885984421,0.4528079926967621,0.5390176773071289,1.1069844588637352
4871,0.08561346679925919,0.39969566464424133,0.5528192520141602,1.0381283834576607
4872,0.10985257476568222,0.3967609107494354,0.5665931105613708,1.0732065960764885
4873,0.08355960249900818,0.4023052752017975,0.584686279296875,1.0705511569976807
4874,0.0966312512755394,0.3999713361263275,0.5264196991920471,1.023022286593914
4875,0.12368712574243546,0.4968196153640747,0.6549019813537598,1.27540872246027
4876,0.09272581338882446,0.5515596866607666,0.7152347564697266,1.3595202565193176
4877,0.13495337963104248,0.756182074546814,0.7221245765686035,1.61326003074646
4878,0.10141029208898544,0.5091051459312439,0.5493741631507874,1.1598896011710167
4879,0.0851634070277214,0.47885140776634216,0.5397085547447205,1.103723369538784
4880,0.09588450938463211,0.639580488204956,0.6478150486946106,1.3832800462841988
4881,0.09211782366037369,0.4802232086658478,0.5680928826332092,1.1404339149594307
4882,0.09002170711755753,0.43601110577583313,0.5279979109764099,1.0540307238698006
4883,0.11575448513031006,0.5520211458206177,0.7370455265045166,1.4048211574554443
4884,0.08642023056745529,0.43121159076690674,0.572563111782074,1.090194933116436
4885,0.09204807132482529,0.4347332715988159,0.512579619884491,1.0393609628081322
4886,0.0599774606525898,0.35417354106903076,0.4202290177345276,0.8343800194561481
4887,0.10477664321660995,0.5742962956428528,0.5631868839263916,1.2422598227858543
4888,0.09653368592262268,0.6058806777000427,0.5580174326896667,1.2604317963123322
4889,0.06440979987382889,0.3750348389148712,0.38735246658325195,0.8267971053719521
4890,0.0960867702960968,0.5568974614143372,0.6050465703010559,1.2580308020114899
4891,0.11026018857955933,0.5400835871696472,0.6012022495269775,1.251546025276184
4892,0.08562664687633514,0.35255610942840576,0.48509931564331055,0.9232820719480515
4893,0.11252337694168091,0.4757736921310425,0.6628555059432983,1.2511525750160217
4894,0.12129166722297668,0.44941022992134094,0.6238842606544495,1.194586157798767
4895,0.06448890268802643,0.2621269226074219,0.452316552400589,0.7789323776960373
4896,0.08704686909914017,0.43210333585739136,0.5324915647506714,1.051641769707203
4897,0.09063441306352615,0.4082178473472595,0.49647432565689087,0.9953265860676765
4898,0.09065160155296326,0.47688761353492737,0.537156879901886,1.1046960949897766
4899,0.1417686641216278,0.7535524964332581,0.767877995967865,1.6631991565227509
4900,0.07956547290086746,0.42230579257011414,0.4757392108440399,0.9776104763150215
4901,0.08898819237947464,0.4521583616733551,0.5972780585289001,1.1384246125817299
4902,0.10327781736850739,0.37947866320610046,0.5522994995117188,1.0350559800863266
4903,0.08964641392230988,0.340197890996933,0.5630044937133789,0.9928487986326218
4904,0.090161994099617,0.3306099772453308,0.4697314500808716,0.8905034214258194
4905,0.11695369333028793,0.41698217391967773,0.5515347719192505,1.0854706391692162
4906,0.126753032207489,0.515321671962738,0.6330840587615967,1.2751587629318237
4907,0.09164170920848846,0.5672739148139954,0.6568202376365662,1.31573586165905
4908,0.07226287573575974,0.5063418745994568,0.6176023483276367,1.1962070986628532
4909,0.0818006694316864,0.5115236043930054,0.5567223429679871,1.1500466167926788
4910,0.08844082057476044,0.48774468898773193,0.589360773563385,1.1655462831258774
4911,0.15361462533473969,0.5729010105133057,0.6753626465797424,1.4018782824277878
4912,0.07689924538135529,0.37551718950271606,0.5458661317825317,0.9982825666666031
4913,0.11708863824605942,0.4973357617855072,0.6377196311950684,1.252144031226635
4914,0.1095062643289566,0.4408212900161743,0.5697242617607117,1.1200518161058426
4915,0.0992005318403244,0.4707932472229004,0.6273027062416077,1.1972964853048325
4916,0.10174418985843658,0.40499812364578247,0.5450213551521301,1.0517636686563492
4917,0.08266826719045639,0.35637837648391724,0.46110641956329346,0.9001530632376671
4918,0.09294577687978745,0.49932610988616943,0.6169294714927673,1.2092013582587242
4919,0.08908654004335403,0.45945513248443604,0.5752125978469849,1.123754270374775
4920,0.11786134541034698,0.561317503452301,0.6736588478088379,1.352837696671486
4921,0.0852157324552536,0.3937439024448395,0.5575326681137085,1.0364923030138016
4922,0.09752921015024185,0.34565961360931396,0.5210855603218079,0.9642743840813637
4923,0.10127229243516922,0.5016680955886841,0.6997265219688416,1.3026669099926949
4924,0.06389863044023514,0.3865463435649872,0.5582401156425476,1.00868508964777
4925,0.11856978386640549,0.4424147605895996,0.5822256207466125,1.1432101652026176
4926,0.0861406922340393,0.41972821950912476,0.575386643409729,1.081255555152893
4927,0.12045035511255264,0.49920782446861267,0.5968176126480103,1.2164757922291756
4928,0.07726340740919113,0.3990703225135803,0.5074864625930786,0.9838201925158501
4929,0.07562514394521713,0.43080005049705505,0.49802178144454956,1.0044469758868217
4930,0.10334352403879166,0.38880231976509094,0.5057095289230347,0.9978553727269173
4931,0.1042802706360817,0.43318119645118713,0.5749080777168274,1.1123695448040962
4932,0.11304447799921036,0.5063127279281616,0.6189464926719666,1.2383036985993385
4933,0.08639592677354813,0.33419445157051086,0.49055176973342896,0.911142148077488
4934,0.08827023208141327,0.4013305902481079,0.5577579736709595,1.0473587960004807
4935,0.09627099335193634,0.44807469844818115,0.561616837978363,1.1059625297784805
4936,0.08381916582584381,0.3917878568172455,0.5580298900604248,1.033636912703514
4937,0.0686233714222908,0.35679441690444946,0.5521341562271118,0.9775519445538521
4938,0.07222883403301239,0.34891870617866516,0.5442479848861694,0.965395525097847
4939,0.10695258527994156,0.40385571122169495,0.572966992855072,1.0837752893567085
4940,0.08664388954639435,0.3631412088871002,0.49806052446365356,0.9478456228971481
4941,0.11835719645023346,0.4641988277435303,0.6290611624717712,1.211617186665535
4942,0.09496468305587769,0.3629104197025299,0.5280250310897827,0.9859001338481903
4943,0.10445202887058258,0.4316517114639282,0.6168160438537598,1.1529197841882706
4944,0.09281408786773682,0.48532634973526,0.6479493975639343,1.2260898351669312
4945,0.07692821323871613,0.3708139955997467,0.5456477403640747,0.9933899492025375
4946,0.08438127487897873,0.448697566986084,0.6012176871299744,1.134296528995037
4947,0.07656387984752655,0.33947235345840454,0.5411093831062317,0.9571456164121628
4948,0.12055656313896179,0.4744277894496918,0.6687001585960388,1.2636845111846924
4949,0.08055784553289413,0.46358850598335266,0.6324743032455444,1.1766206547617912
4950,0.07544567435979843,0.39262571930885315,0.5353231430053711,1.0033945366740227
4951,0.09261839091777802,0.4178636968135834,0.5560632944107056,1.066545382142067
4952,0.06649717688560486,0.2868375778198242,0.40228813886642456,0.7556228935718536
4953,0.1061805710196495,0.5182254314422607,0.6341274976730347,1.258533500134945
4954,0.06711267679929733,0.4011479914188385,0.5090696811676025,0.9773303493857384
4955,0.09374964237213135,0.44569769501686096,0.5799946188926697,1.119441956281662
4956,0.0902380645275116,0.46815529465675354,0.6612259149551392,1.2196192741394043
4957,0.08739102631807327,0.43640562891960144,0.5740981101989746,1.0978947654366493
4958,0.06102028861641884,0.3372626006603241,0.47570687532424927,0.8739897646009922
4959,0.06334543973207474,0.3834502398967743,0.510427713394165,0.9572233930230141
4960,0.06516892462968826,0.3490089178085327,0.5021513104438782,0.9163291528820992
4961,0.10921485722064972,0.5421422123908997,0.6609401106834412,1.3122971802949905
4962,0.0840865895152092,0.48782193660736084,0.5643184185028076,1.1362269446253777
4963,0.11208947747945786,0.416501522064209,0.5454858541488647,1.0740768536925316
4964,0.08270730078220367,0.48524269461631775,0.5529670715332031,1.1209170669317245
4965,0.05528213828802109,0.3265765309333801,0.4454112946987152,0.8272699639201164
4966,0.0916583463549614,0.5742355585098267,0.6810654401779175,1.3469593450427055
4967,0.07396677881479263,0.4764242172241211,0.5814488530158997,1.1318398490548134
4968,0.0935826301574707,0.5045897960662842,0.6486533284187317,1.2468257546424866
4969,0.07768271118402481,0.4146385192871094,0.5722256898880005,1.0645469203591347
4970,0.09473676234483719,0.4592590630054474,0.6448383331298828,1.1988341584801674
4971,0.1057664230465889,0.5557074546813965,0.7243571281433105,1.385831005871296
4972,0.11709395051002502,0.5498449206352234,0.7128380537033081,1.3797769248485565
4973,0.0892808809876442,0.45747825503349304,0.5607600212097168,1.107519157230854
4974,0.07980894297361374,0.4503427743911743,0.5389301180839539,1.069081835448742
4975,0.08508505672216415,0.47891610860824585,0.5496752262115479,1.1136763915419579
4976,0.0899784043431282,0.5976493954658508,0.6747947335243225,1.3624225333333015
4977,0.08115213364362717,0.5552258491516113,0.641045331954956,1.2774233147501945
4978,0.09309859573841095,0.4636578857898712,0.5963267087936401,1.1530831903219223
4979,0.08307723701000214,0.44737526774406433,0.5885505676269531,1.1190030723810196
4980,0.07668641209602356,0.3482702672481537,0.5147451758384705,0.9397018551826477
4981,0.08429354429244995,0.42332983016967773,0.5908096432685852,1.098433017730713
4982,0.11054563522338867,0.500603437423706,0.5649392008781433,1.176088273525238
4983,0.09679587930440903,0.43333205580711365,0.5387942790985107,1.0689222142100334
4984,0.11408334225416183,0.4663645923137665,0.5929868221282959,1.1734347566962242
4985,0.10852795094251633,0.4868016839027405,0.5864173769950867,1.1817470118403435
4986,0.1107882633805275,0.6368400454521179,0.767971932888031,1.5156002417206764
4987,0.06183558329939842,0.26539871096611023,0.39783069491386414,0.7250649891793728
4988,0.10799019038677216,0.367442786693573,0.5393173694610596,1.0147503465414047
4989,0.08560431748628616,0.3594256639480591,0.5201525688171387,0.9651825502514839
4990,0.061958931386470795,0.3308185935020447,0.4551737606525421,0.8479512855410576
4991,0.126771479845047,0.5344843864440918,0.6131306886672974,1.2743865549564362
4992,0.10249344259500504,0.6177740693092346,0.7255676984786987,1.4458352103829384
4993,0.09561488777399063,0.5269955992698669,0.6556031703948975,1.278213657438755
4994,0.11354630440473557,0.5304234027862549,0.6337441802024841,1.2777138873934746
4995,0.07398347556591034,0.33371561765670776,0.4778587818145752,0.8855578750371933
4996,0.08001157641410828,0.37368279695510864,0.5159392952919006,0.9696336686611176
4997,0.10587730258703232,0.37239688634872437,0.556889533996582,1.0351637229323387
4998,0.0812547579407692,0.3832915723323822,0.5613260865211487,1.0258724167943
4999,0.1126503124833107,0.47215890884399414,0.6443108916282654,1.2291201129555702
5000,0.09015396982431412,0.4867071807384491,0.6447507739067078,1.221611924469471
5001,0.10776633024215698,0.5466364026069641,0.6769438982009888,1.3313466310501099
5002,0.07815125584602356,0.38010093569755554,0.5076178908348083,0.9658700823783875
5003,0.06937125325202942,0.295748770236969,0.4192458689212799,0.7843658924102783
5004,0.08508460968732834,0.33770617842674255,0.46696388721466064,0.8897546753287315
5005,0.0781671330332756,0.33662524819374084,0.5320887565612793,0.9468811377882957
5006,0.07226742804050446,0.3178251087665558,0.49483025074005127,0.8849227875471115
5007,0.07913272827863693,0.3774230480194092,0.5204071402549744,0.9769629165530205
5008,0.1055581271648407,0.5374146103858948,0.6559556722640991,1.2989284098148346
5009,0.08282908797264099,0.4164259433746338,0.5703451633453369,1.0696001946926117
5010,0.08754478394985199,0.41062647104263306,0.5879327058792114,1.0861039608716965
5011,0.07893088459968567,0.3614666759967804,0.5271679759025574,0.9675655364990234
5012,0.09033564478158951,0.3623715341091156,0.5685558319091797,1.0212630107998848
5013,0.08039906620979309,0.31783124804496765,0.5190619230270386,0.9172922372817993
5014,0.10431548953056335,0.5377523899078369,0.7117120623588562,1.3537799417972565
5015,0.06447894871234894,0.2945534288883209,0.44737330079078674,0.8064056783914566
5016,0.07852562516927719,0.362719863653183,0.5033705830574036,0.9446160718798637
5017,0.09924913942813873,0.539834201335907,0.6606671214103699,1.2997504621744156
5018,0.08955130726099014,0.3686489760875702,0.4941474497318268,0.9523477330803871
5019,0.10227338969707489,0.5733577609062195,0.7219510078430176,1.397582158446312
5020,0.0768514946103096,0.3298387825489044,0.5370023250579834,0.9436926022171974
5021,0.06587821990251541,0.28646039962768555,0.46618327498435974,0.8185218945145607
5022,0.1130799651145935,0.47390589118003845,0.659072995185852,1.246058851480484
5023,0.09425296634435654,0.38285931944847107,0.45144644379615784,0.9285587295889854
5024,0.09441390633583069,0.33330368995666504,0.5199881792068481,0.9477057754993439
5025,0.09706570953130722,0.45219627022743225,0.5806967616081238,1.1299587413668633
5026,0.05975038930773735,0.34823161363601685,0.4937736392021179,0.9017556421458721
5027,0.08625077456235886,0.47046342492103577,0.5396177172660828,1.0963319167494774
5028,0.07635319232940674,0.41549360752105713,0.554381251335144,1.046228051185608
5029,0.10445373505353928,0.462397038936615,0.5662990212440491,1.1331497952342033
5030,0.09898261725902557,0.43794673681259155,0.5802624225616455,1.1171917766332626
5031,0.08602617681026459,0.39836186170578003,0.5239831805229187,1.0083712190389633
5032,0.1120573878288269,0.44067782163619995,0.6531741619110107,1.2059093713760376
5033,0.09731857478618622,0.4502251446247101,0.7138133645057678,1.2613570839166641
5034,0.14135940372943878,0.5552145838737488,0.7181900143623352,1.4147640019655228
5035,0.09949896484613419,0.3962395489215851,0.544781506061554,1.0405200198292732
5036,0.08137765526771545,0.39903539419174194,0.5326289534568787,1.013042002916336
5037,0.09672421216964722,0.6129326224327087,0.6433614492416382,1.3530182838439941
5038,0.08417410403490067,0.4962567090988159,0.5630605220794678,1.1434913352131844
5039,0.1029854491353035,0.4856392741203308,0.5255417823791504,1.1141665056347847
5040,0.11340346187353134,0.6283173561096191,0.7358511686325073,1.4775719866156578
5041,0.08346772938966751,0.4107205271720886,0.569290041923523,1.063478298485279
5042,0.078892782330513,0.3473249673843384,0.5128979086875916,0.9391156584024429
5043,0.05307049676775932,0.2741231322288513,0.4159298241138458,0.7431234531104565
5044,0.08984678983688354,0.4616624116897583,0.5621437430381775,1.1136529445648193
5045,0.10342229902744293,0.48519542813301086,0.5494827628135681,1.138100489974022
5046,0.051331471651792526,0.3388722836971283,0.38599690794944763,0.7762006632983685
5047,0.08487322926521301,0.549638569355011,0.6031064987182617,1.2376182973384857
5048,0.09613737463951111,0.6016675233840942,0.5930922031402588,1.2908971011638641
5049,0.08310436457395554,0.4373799264431,0.4812089204788208,1.0016932114958763
5050,0.0992581695318222,0.5896427035331726,0.6609119772911072,1.349812850356102
5051,0.11458120495080948,0.48236918449401855,0.6223288774490356,1.2192792668938637
5052,0.05972009524703026,0.2647950351238251,0.45200246572494507,0.7765175960958004
5053,0.08551458269357681,0.33818814158439636,0.5312337279319763,0.9549364522099495
5054,0.06722059845924377,0.29590654373168945,0.49632528424263,0.8594524264335632
5055,0.08474734425544739,0.36267563700675964,0.536989152431488,0.9844121336936951
5056,0.12451419979333878,0.626339852809906,0.7639778256416321,1.5148318782448769
5057,0.06260325759649277,0.3487834334373474,0.47568875551223755,0.8870754465460777
5058,0.06504320353269577,0.47299203276634216,0.5978876352310181,1.135922871530056
5059,0.0827043205499649,0.4278373420238495,0.5527728199958801,1.0633144825696945
5060,0.07087332010269165,0.37879976630210876,0.5621825456619263,1.0118556320667267
5061,0.0769079178571701,0.33373820781707764,0.46869543194770813,0.8793415576219559
5062,0.09876246005296707,0.32312747836112976,0.5492709875106812,0.971160925924778
5063,0.10653367638587952,0.413337767124176,0.6322439312934875,1.152115374803543
5064,0.09931697696447372,0.45672568678855896,0.6557931303977966,1.2118357941508293
5065,0.0801810622215271,0.4552593529224396,0.6181565523147583,1.153596967458725
5066,0.08495200425386429,0.4839639365673065,0.5559069514274597,1.1248228922486305
5067,0.08308079838752747,0.46413877606391907,0.5870488286018372,1.1342684030532837
5068,0.12907114624977112,0.5677827596664429,0.6728401780128479,1.369694083929062
5069,0.06559980660676956,0.35045507550239563,0.5432623028755188,0.959317184984684
5070,0.09642082452774048,0.4826522469520569,0.6333645582199097,1.212437629699707
5071,0.0874403566122055,0.4201318621635437,0.5692247748374939,1.076796993613243
5072,0.08852964639663696,0.45777469873428345,0.6266970038414001,1.1730013489723206
5073,0.08122321963310242,0.3706076741218567,0.543960452079773,0.9957913458347321
5074,0.08603903651237488,0.34018975496292114,0.4604168236255646,0.8866456151008606
5075,0.10430239140987396,0.48554858565330505,0.6166398525238037,1.2064908295869827
5076,0.09178084880113602,0.4392143487930298,0.573104739189148,1.1040999367833138
5077,0.1290673464536667,0.5622849464416504,0.6733400225639343,1.3646923154592514
5078,0.07719313353300095,0.4350530207157135,0.5573368668556213,1.0695830211043358
5079,0.10639762133359909,0.38725119829177856,0.5207695364952087,1.0144183561205864
5080,0.11885012686252594,0.5549152493476868,0.698743999004364,1.3725093752145767
5081,0.07713078707456589,0.357179194688797,0.557695746421814,0.9920057281851768
5082,0.10075657069683075,0.41019952297210693,0.5837204456329346,1.0946765393018723
5083,0.07868079096078873,0.40042170882225037,0.5744204521179199,1.053522951900959
5084,0.0956946536898613,0.4867357313632965,0.5965912938117981,1.179021678864956
5085,0.07742851972579956,0.4424370527267456,0.5077794790267944,1.0276450514793396
5086,0.07449252158403397,0.44772547483444214,0.49816733598709106,1.0203853324055672
5087,0.1003100648522377,0.4121386408805847,0.5026622414588928,1.0151109471917152
5088,0.09444727003574371,0.4483829736709595,0.5732078552246094,1.1160380989313126
5089,0.10930103808641434,0.5078094005584717,0.6168028116226196,1.2339132502675056
5090,0.08214617520570755,0.36368441581726074,0.488461434841156,0.9342920258641243
5091,0.08867702633142471,0.4241109788417816,0.554980456829071,1.0677684620022774
5092,0.09890177845954895,0.4629954993724823,0.5569124817848206,1.1188097596168518
5093,0.10450293123722076,0.400293231010437,0.5553082823753357,1.0601044446229935
5094,0.07379013299942017,0.34527260065078735,0.5488210916519165,0.967883825302124
5095,0.07120952010154724,0.3639289140701294,0.5421509742736816,0.9772894084453583
5096,0.10696232318878174,0.42844799160957336,0.5716966986656189,1.107107013463974
5097,0.07178185880184174,0.35818493366241455,0.49814876914024353,0.9281155616044998
5098,0.09902355819940567,0.465411514043808,0.6279858350753784,1.192420907318592
5099,0.07014884054660797,0.3672705888748169,0.5289707779884338,0.9663902074098587
5100,0.1119222491979599,0.4501340091228485,0.6188628673553467,1.180919125676155
5101,0.08776191622018814,0.4915880262851715,0.6453995704650879,1.2247495129704475
5102,0.0932525172829628,0.35027483105659485,0.5456418395042419,0.9891691878437996
5103,0.09753501415252686,0.4506082832813263,0.5980425477027893,1.1461858451366425
5104,0.0951712355017662,0.3547517955303192,0.5372229814529419,0.9871460124850273
5105,0.11254412680864334,0.47715821862220764,0.6634863018989563,1.2531886473298073
5106,0.09645552933216095,0.45868924260139465,0.6313835382461548,1.1865283101797104
5107,0.07634136825799942,0.4142979681491852,0.5339446067810059,1.0245839431881905
5108,0.0906764417886734,0.424421489238739,0.5553863048553467,1.070484235882759
5109,0.06427282094955444,0.2866010367870331,0.4025333821773529,0.7534072399139404
5110,0.1086558997631073,0.5134274959564209,0.636444628238678,1.2585280239582062
5111,0.0690668597817421,0.38949769735336304,0.5102245211601257,0.9687890782952309
5112,0.10887223482131958,0.45737943053245544,0.5835769176483154,1.1498285830020905
5113,0.11096680164337158,0.48686903715133667,0.6625406742095947,1.260376513004303
5114,0.1029859185218811,0.4444562494754791,0.5758858323097229,1.1233280003070831
5115,0.0665074810385704,0.31255799531936646,0.475430428981781,0.8544959053397179
5116,0.06763014197349548,0.3394107222557068,0.5085098743438721,0.9155507385730743
5117,0.0725339725613594,0.35478562116622925,0.5024394392967224,0.9297590330243111
5118,0.1249767392873764,0.5377440452575684,0.6594858765602112,1.322206661105156
5119,0.08894085139036179,0.48339664936065674,0.563096284866333,1.1354337856173515
5120,0.09092854708433151,0.4333595633506775,0.5469464063644409,1.07123451679945
5121,0.09613420069217682,0.4785803258419037,0.5530547499656677,1.1277692764997482
5122,0.06528186053037643,0.3383890986442566,0.4476526975631714,0.8513236567378044
5123,0.10807809233665466,0.5277663469314575,0.6817845702171326,1.3176290094852448
5124,0.08502544462680817,0.40839099884033203,0.5802042484283447,1.073620691895485
5125,0.08814387023448944,0.4825325310230255,0.6488200426101685,1.2194964438676834
5126,0.06872984766960144,0.4366183876991272,0.5733540654182434,1.078702300786972
5127,0.09199332445859909,0.5200180411338806,0.6432287096977234,1.255240075290203
5128,0.0896562784910202,0.5931224226951599,0.7260478138923645,1.4088265150785446
5129,0.12450709193944931,0.5918282270431519,0.7170397639274597,1.4333750829100609
5130,0.0812455341219902,0.4423258304595947,0.5634157657623291,1.086987130343914
5131,0.08249311149120331,0.4082411825656891,0.539454996585846,1.0301892906427383
5132,0.0943012684583664,0.47595152258872986,0.5510278344154358,1.121280625462532
5133,0.09152741730213165,0.5940638184547424,0.6734009981155396,1.3589922338724136
5134,0.08785025775432587,0.5730874538421631,0.6396042108535767,1.3005419224500656
5135,0.09898388385772705,0.4675469696521759,0.5965761542320251,1.163107007741928
5136,0.08226735889911652,0.5104512572288513,0.5886608362197876,1.1813794523477554
5137,0.06617511063814163,0.3962595760822296,0.5147510766983032,0.9771857634186745
5138,0.08420257270336151,0.427721232175827,0.5919819474220276,1.1039057523012161
5139,0.11221528798341751,0.48987478017807007,0.5653817057609558,1.1674717739224434
5140,0.06977970153093338,0.4470013678073883,0.5372418761253357,1.0540229454636574
5141,0.09304305166006088,0.5558976531028748,0.5947161912918091,1.2436568960547447
5142,0.08713574707508087,0.5498371124267578,0.5875998139381409,1.2245726734399796
5143,0.1037309467792511,0.7183140516281128,0.7707535624504089,1.5927985608577728
5144,0.0689266100525856,0.3227514326572418,0.39730098843574524,0.7889790311455727
5145,0.08137916028499603,0.38386422395706177,0.5399660468101501,1.005209431052208
5146,0.0861043632030487,0.3553604483604431,0.5194023251533508,0.9608671367168427
5147,0.0650455430150032,0.3281433880329132,0.45586854219436646,0.8490574732422829
5148,0.09657128155231476,0.5391944050788879,0.6157012581825256,1.2514669448137283
5149,0.09020600467920303,0.6199419498443604,0.7259089946746826,1.436056949198246
5150,0.11008590459823608,0.534514307975769,0.6564422249794006,1.3010424375534058
5151,0.13029928505420685,0.5609908103942871,0.6379556059837341,1.329245701432228
5152,0.08075149357318878,0.3651745021343231,0.47707125544548035,0.9229972511529922
5153,0.06595288962125778,0.3950183391571045,0.5177181959152222,0.9786894246935844
5154,0.09536991268396378,0.4315589964389801,0.5587363243103027,1.0856652334332466
5155,0.07680033892393112,0.4314499497413635,0.5616043210029602,1.0698546096682549
5156,0.09612807631492615,0.5112253427505493,0.6487763524055481,1.2561297714710236
5157,0.07527438551187515,0.4761708080768585,0.6475996375083923,1.199044831097126
5158,0.11240436136722565,0.5344162583351135,0.6798872947692871,1.3267079144716263
5159,0.07299729436635971,0.3752918839454651,0.5086330771446228,0.9569222554564476
5160,0.07744423300027847,0.3019976317882538,0.419066458940506,0.7985083237290382
5161,0.08220800012350082,0.3557679057121277,0.4672988951206207,0.9052748009562492
5162,0.07039931416511536,0.3894123136997223,0.5314358472824097,0.9912474751472473
5163,0.06398103386163712,0.3401277959346771,0.4952538311481476,0.8993626609444618
5164,0.0843978226184845,0.4075692892074585,0.5183870196342468,1.0103541314601898
5165,0.10710247606039047,0.48268866539001465,0.6533308029174805,1.2431219443678856
5166,0.07112886756658554,0.3547414243221283,0.5674883723258972,0.993358664214611
5167,0.07891756296157837,0.35529452562332153,0.5853568315505981,1.019568920135498
5168,0.0740828663110733,0.32864251732826233,0.5244824290275574,0.927207812666893
5169,0.08535240590572357,0.3903847634792328,0.5671624541282654,1.0428996235132217
5170,0.06698001176118851,0.3524528443813324,0.5184978246688843,0.9379306808114052
5171,0.0801498144865036,0.5557631254196167,0.7088966965675354,1.3448096364736557
5172,0.05816346034407616,0.28445082902908325,0.4455600678920746,0.788174357265234
5173,0.07663539797067642,0.32476791739463806,0.5016697645187378,0.9030730798840523
5174,0.10004108399152756,0.514363169670105,0.6570177674293518,1.2714220210909843
5175,0.08690053224563599,0.34007298946380615,0.4912264347076416,0.9181999564170837
5176,0.09293235093355179,0.5142418146133423,0.717860758304596,1.32503492385149
5177,0.07354807108640671,0.36391791701316833,0.5355731844902039,0.9730391725897789
5178,0.06815283000469208,0.3044692873954773,0.4671153426170349,0.8397374600172043
5179,0.07853536307811737,0.4905794858932495,0.6607136130332947,1.2298284620046616
5180,0.08709369599819183,0.405193954706192,0.4546847641468048,0.9469724148511887
5181,0.07060064375400543,0.3211316466331482,0.5226539969444275,0.9143862873315811
5182,0.09729083627462387,0.4201377034187317,0.5783848762512207,1.0958134159445763
5183,0.06157577037811279,0.3329717218875885,0.49288153648376465,0.8874290287494659
5184,0.08405245840549469,0.42159825563430786,0.5371948480606079,1.0428455621004105
5185,0.06891805678606033,0.3969293534755707,0.5530586242675781,1.0189060345292091
5186,0.08034868538379669,0.41846224665641785,0.5631378889083862,1.0619488209486008
5187,0.07242722064256668,0.4406709372997284,0.5796955227851868,1.0927936807274818
5188,0.07625196874141693,0.4053111970424652,0.5217898488044739,1.003353014588356
5189,0.09833204001188278,0.47290006279945374,0.6532732248306274,1.224505327641964
5190,0.07839906215667725,0.46771642565727234,0.7099495530128479,1.2560650408267975
5191,0.10861343890428543,0.522598385810852,0.7171856760978699,1.3483975008130074
5192,0.09888670593500137,0.34340083599090576,0.5465230941772461,0.9888106361031532
5193,0.08656593412160873,0.33526456356048584,0.5329657793045044,0.954796276986599
5194,0.10126424580812454,0.5203645825386047,0.6411484479904175,1.2627772763371468
5195,0.09170317649841309,0.4115062355995178,0.5635069608688354,1.0667163729667664
5196,0.08034974336624146,0.4247247576713562,0.5230370759963989,1.0281115770339966
5197,0.10509679466485977,0.6009101271629333,0.733038604259491,1.439045526087284
5198,0.06899403035640717,0.4934595823287964,0.5686337351799011,1.1310873478651047
5199,0.07670623809099197,0.42104023694992065,0.5105999112129211,1.0083463862538338
5200,0.05849119648337364,0.2926274836063385,0.4146544337272644,0.7657731138169765
5201,0.09886302798986435,0.37793436646461487,0.5583111643791199,1.035108558833599
5202,0.10353792458772659,0.39534297585487366,0.5495521426200867,1.048433043062687
5203,0.053294211626052856,0.25120648741722107,0.38537970185279846,0.6898804008960724
5204,0.09134236723184586,0.45945489406585693,0.6023987531661987,1.1531960144639015
5205,0.08874693512916565,0.5309199690818787,0.5932641625404358,1.21293106675148
5206,0.08388684689998627,0.4008122980594635,0.4821329712867737,0.9668321162462234
5207,0.08746565878391266,0.5450983643531799,0.6594361662864685,1.292000189423561
5208,0.09821566939353943,0.4995887279510498,0.6212576031684875,1.2190620005130768
5209,0.06242236867547035,0.30198583006858826,0.45242294669151306,0.8168311454355717
5210,0.07895123958587646,0.3947322964668274,0.5304122567176819,1.0040957927703857
5211,0.06391921639442444,0.30359843373298645,0.494992196559906,0.8625098466873169
5212,0.08092452585697174,0.35680800676345825,0.5348174571990967,0.9725499898195267
5213,0.13496272265911102,0.5407891869544983,0.7620372772216797,1.437789186835289
5214,0.0715220645070076,0.280428946018219,0.4746740162372589,0.8266250267624855
5215,0.061803240329027176,0.3855305016040802,0.5967279076576233,1.0440616495907307
5216,0.07835519313812256,0.41319867968559265,0.5524770021438599,1.044030874967575
5217,0.07684305310249329,0.4055997431278229,0.5643567442893982,1.0467995405197144
5218,0.07653305679559708,0.3751632273197174,0.4696268141269684,0.9213230982422829
5219,0.07976341247558594,0.36844736337661743,0.5511276125907898,0.9993383884429932
5220,0.09387940913438797,0.42763033509254456,0.6338006854057312,1.1553104296326637
5221,0.0813802033662796,0.42980313301086426,0.6564940214157104,1.1676773577928543
5222,0.08579472452402115,0.35703977942466736,0.6173481941223145,1.060182698071003
5223,0.08402950316667557,0.3974831998348236,0.5542388558387756,1.0357515588402748
5224,0.0709947869181633,0.4232245981693268,0.5858781337738037,1.0800975188612938
5225,0.11221668869256973,0.5453168749809265,0.6717702746391296,1.3293038383126259
5226,0.0648612231016159,0.38080424070358276,0.5435993075370789,0.9892647713422775
5227,0.09334691613912582,0.4946897029876709,0.6322415471076965,1.2202781662344933
5228,0.08326178044080734,0.45118248462677,0.5660877823829651,1.1005320474505424
5229,0.10155756771564484,0.4585028886795044,0.6247178316116333,1.1847782880067825
5230,0.08549678325653076,0.37564194202423096,0.5432213544845581,1.0043600797653198
5231,0.0743635818362236,0.29297560453414917,0.4599640667438507,0.8273032531142235
5232,0.09270231425762177,0.42292213439941406,0.6158625483512878,1.1314869970083237
5233,0.08280371874570847,0.38328805565834045,0.5736706256866455,1.0397624000906944
5234,0.10780315846204758,0.5055983066558838,0.6729498505592346,1.286351315677166
5235,0.06986752897500992,0.3788037896156311,0.5566695928573608,1.0053409114480019
5236,0.07666834443807602,0.3951362371444702,0.5209053754806519,0.9927099570631981
5237,0.1026783436536789,0.5786588788032532,0.699165403842926,1.380502626299858
5238,0.07600706070661545,0.4074917733669281,0.5586667656898499,1.0421655997633934
5239,0.11474711447954178,0.4582054913043976,0.5812352895736694,1.1541878953576088
5240,0.0797482505440712,0.4258301556110382,0.5736950039863586,1.079273410141468
5241,0.1337733119726181,0.46094822883605957,0.5966916680335999,1.1914132088422775
5242,0.08116863667964935,0.4074571430683136,0.5093075037002563,0.9979332834482193
5243,0.07358309626579285,0.40267330408096313,0.4987713098526001,0.9750277101993561
5244,0.07685986906290054,0.3876532018184662,0.5024997591972351,0.9670128300786018
5245,0.08087611943483353,0.47578927874565125,0.5728362798690796,1.1295016780495644
5246,0.09323050081729889,0.5498734712600708,0.6156631708145142,1.2587671428918839
5247,0.0754673182964325,0.3955962657928467,0.4870324730873108,0.95809605717659
5248,0.07335176318883896,0.4419388771057129,0.5534747242927551,1.068765364587307
5249,0.09706509113311768,0.4748212695121765,0.5585010051727295,1.1303873658180237
5250,0.08521619439125061,0.43861740827560425,0.5539951920509338,1.0778287947177887
5251,0.07981841266155243,0.3708919584751129,0.5499050617218018,1.000615432858467
5252,0.08003905415534973,0.40065884590148926,0.5428493022918701,1.023547202348709
5253,0.11274927854537964,0.43776124715805054,0.5724149346351624,1.1229254603385925
5254,0.07767944037914276,0.38001593947410583,0.49850305914878845,0.956198439002037
5255,0.1315212994813919,0.5260699987411499,0.6276547908782959,1.2852460891008377
5256,0.09376068413257599,0.45383936166763306,0.5305644273757935,1.0781644731760025
5257,0.09051358699798584,0.5831143260002136,0.6208274364471436,1.294455349445343
5258,0.0915369763970375,0.59157794713974,0.6477054357528687,1.3308203592896461
5259,0.0761137455701828,0.4180496633052826,0.5472313165664673,1.0413947254419327
5260,0.09748931974172592,0.4798557460308075,0.6003526449203491,1.1776977106928825
5261,0.07570698857307434,0.35709354281425476,0.5380020141601562,0.9708025455474854
5262,0.10453911870718002,0.4886857569217682,0.6642760634422302,1.2575009390711784
5263,0.09485596418380737,0.46081751585006714,0.630837082862854,1.1865105628967285
5264,0.09524475038051605,0.4188266694545746,0.5338665246963501,1.0479379445314407
5265,0.10165222734212875,0.4716424345970154,0.554351270198822,1.1276459321379662
5266,0.08446472883224487,0.34418395161628723,0.4028722643852234,0.8315209448337555
5267,0.11040154844522476,0.6023216247558594,0.6361232995986938,1.348846472799778
5268,0.08133850246667862,0.48772406578063965,0.5118712186813354,1.0809337869286537
5269,0.09476717561483383,0.5423998236656189,0.5828685760498047,1.2200355753302574
5270,0.10340603440999985,0.5407984256744385,0.6631216406822205,1.3073261007666588
5271,0.08957750350236893,0.5067020654678345,0.5769640803337097,1.1732436493039131
5272,0.062164247035980225,0.38680022954940796,0.47765305638313293,0.9266175329685211
5273,0.05908532813191414,0.40410327911376953,0.5100409984588623,0.973229605704546
5274,0.0642649307847023,0.367931991815567,0.5011597275733948,0.9333566501736641
5275,0.1178211122751236,0.5208731293678284,0.659153401851654,1.297847643494606
5276,0.10018153488636017,0.43191447854042053,0.5641930103302002,1.096289023756981
5277,0.09015920013189316,0.38426411151885986,0.5456924438476562,1.0201157554984093
5278,0.09533687680959702,0.45099860429763794,0.5504173040390015,1.0967527851462364
5279,0.07939896732568741,0.39966434240341187,0.4486086666584015,0.9276719763875008
5280,0.10819186270236969,0.6366992592811584,0.6836611032485962,1.4285522252321243
5281,0.07951277494430542,0.5291069149971008,0.5816593170166016,1.1902790069580078
5282,0.09227730333805084,0.5494975447654724,0.6515117287635803,1.2932865768671036
5283,0.07458063960075378,0.3822849690914154,0.5731475949287415,1.0300132036209106
5284,0.09123702347278595,0.44883567094802856,0.6431215405464172,1.1831942349672318
5285,0.09265467524528503,0.5466089248657227,0.7259321808815002,1.365195780992508
5286,0.10190680623054504,0.5580378174781799,0.715645968914032,1.375590592622757
5287,0.07347230613231659,0.461216002702713,0.5627736449241638,1.0974619537591934
5288,0.06562186032533646,0.4405728280544281,0.539882242679596,1.0460769310593605
5289,0.08403269201517105,0.5058075785636902,0.5516141057014465,1.1414543762803078
5290,0.07515327632427216,0.6295931339263916,0.6771457195281982,1.381892129778862
5291,0.09269467741250992,0.5595933198928833,0.6418591141700745,1.2941471114754677
5292,0.11782021820545197,0.5155021548271179,0.5988145470619202,1.23213692009449
5293,0.08648492395877838,0.5599575042724609,0.5916415452957153,1.2380839735269547
5294,0.06744556128978729,0.42925766110420227,0.5169480443000793,1.013651266694069
5295,0.09227461367845535,0.4670869708061218,0.5910522937774658,1.150413878262043
5296,0.1049688458442688,0.4818772077560425,0.5648991465568542,1.1517452001571655
5297,0.06886304914951324,0.41791874170303345,0.5345771908760071,1.0213589817285538
5298,0.08525034040212631,0.4839428663253784,0.5923544764518738,1.1615476831793785
5299,0.08497630059719086,0.4500107169151306,0.5858855843544006,1.120872601866722
5300,0.11531729251146317,0.7128947377204895,0.7688042521476746,1.5970162823796272
5301,0.06426417082548141,0.38608863949775696,0.39901745319366455,0.8493702635169029
5302,0.0823487862944603,0.5467437505722046,0.5426146984100342,1.171707235276699
5303,0.07802928239107132,0.5689849853515625,0.5225654244422913,1.169579692184925
5304,0.060606446117162704,0.45701315999031067,0.4578264653682709,0.9754460714757442
5305,0.09453146904706955,0.6346086263656616,0.6141706705093384,1.3433107659220695
5306,0.09287186712026596,0.5984374284744263,0.723558247089386,1.4148675426840782
5307,0.1015378013253212,0.5132048726081848,0.6592840552330017,1.2740267291665077
5308,0.11614535003900528,0.49548494815826416,0.6381387114524841,1.2497690096497536
5309,0.0659933090209961,0.33970651030540466,0.4810793697834015,0.8867791891098022
5310,0.06693311035633087,0.41999495029449463,0.5179219841957092,1.0048500448465347
5311,0.08872911334037781,0.5072645545005798,0.5622557997703552,1.1582494676113129
5312,0.06947394460439682,0.5403514504432678,0.5643743276596069,1.1741997227072716
5313,0.10362447798252106,0.6435724496841431,0.6498855948448181,1.3970825225114822
5314,0.07621929049491882,0.6462094783782959,0.6520636081695557,1.3744923770427704
5315,0.10057443380355835,0.6869251728057861,0.6799778342247009,1.4674774408340454
5316,0.06660883128643036,0.4690704047679901,0.5110916495323181,1.0467708855867386
5317,0.06297000497579575,0.3479647636413574,0.421650767326355,0.8325855359435081
5318,0.08602849394083023,0.36693620681762695,0.46956536173820496,0.9225300624966621
5319,0.0885629802942276,0.38231542706489563,0.5357858538627625,1.0066642612218857
5320,0.06646683067083359,0.29514920711517334,0.49450355768203735,0.8561195954680443
5321,0.08512239903211594,0.38371384143829346,0.5190847516059875,0.9879209920763969
5322,0.09959918260574341,0.5345606207847595,0.6559516191482544,1.2901114225387573
5323,0.08022964745759964,0.45174095034599304,0.5691496729850769,1.1011202707886696
5324,0.08736733347177505,0.42371538281440735,0.5866320133209229,1.0977147296071053
5325,0.07547047734260559,0.3762865960597992,0.5253172516822815,0.9770743250846863
5326,0.0931641086935997,0.40845075249671936,0.5663254261016846,1.0679402872920036
5327,0.06213809549808502,0.3552497625350952,0.5187146067619324,0.9361024647951126
5328,0.06978339701890945,0.5407745838165283,0.706951916217804,1.3175098970532417
5329,0.06068352982401848,0.2819811701774597,0.44726040959358215,0.7899251095950603
5330,0.08985965698957443,0.3318001329898834,0.5022406578063965,0.9239004477858543
5331,0.1116228923201561,0.5220082998275757,0.6598950624465942,1.293526254594326
5332,0.0980411246418953,0.36924827098846436,0.49138981103897095,0.9586792066693306
5333,0.10926639288663864,0.5694568157196045,0.7187439799308777,1.3974671885371208
5334,0.0678824633359909,0.384858101606369,0.5337024331092834,0.9864429980516434
5335,0.07020654529333115,0.34978729486465454,0.4661986529827118,0.8861924931406975
5336,0.08450162410736084,0.47045183181762695,0.6584376096725464,1.2133910655975342
5337,0.07911910116672516,0.4551927447319031,0.45014622807502747,0.9844580739736557
5338,0.06838032603263855,0.3354016840457916,0.5205978155136108,0.924379825592041
5339,0.10013308376073837,0.41395479440689087,0.5780825614929199,1.0921704396605492
5340,0.04795854911208153,0.3122400939464569,0.49418383836746216,0.8543824814260006
5341,0.09194403141736984,0.4209780991077423,0.5395833849906921,1.0525055155158043
5342,0.06765783578157425,0.37420928478240967,0.5548831820487976,0.9967503026127815
5343,0.08025971800088882,0.42773404717445374,0.5645759701728821,1.0725697353482246
5344,0.08260662853717804,0.41223227977752686,0.580377459526062,1.075216367840767
5345,0.07680436223745346,0.39072296023368835,0.5216901898384094,0.9892175123095512
5346,0.09900788962841034,0.4786074459552765,0.6531392931938171,1.230754628777504
5347,0.0732879564166069,0.4506394863128662,0.7092694640159607,1.2331969067454338
5348,0.10023345053195953,0.5552595257759094,0.7169182300567627,1.3724112063646317
5349,0.0802883729338646,0.37344464659690857,0.5463846325874329,1.000117652118206
5350,0.0752478539943695,0.37586551904678345,0.5344341993331909,0.9855475723743439
5351,0.11739291250705719,0.5144588947296143,0.6402673125267029,1.2721191197633743
5352,0.09648444503545761,0.40928566455841064,0.5624735951423645,1.0682437047362328
5353,0.08283000439405441,0.37517160177230835,0.5225908160209656,0.9805924221873283
5354,0.10202255100011826,0.5264598727226257,0.7331762909889221,1.361658714711666
5355,0.06958664208650589,0.3944525122642517,0.5687322616577148,1.0327714160084724
5356,0.0721471756696701,0.3761827349662781,0.5099589824676514,0.9582888931035995
5357,0.05338335037231445,0.30814453959465027,0.4143335521221161,0.7758614420890808
5358,0.10034429281949997,0.4213397204875946,0.5585439205169678,1.0802279338240623
5359,0.09161005169153214,0.4153839647769928,0.5503625869750977,1.0573566034436226
5360,0.05647677555680275,0.27799683809280396,0.3851567208766937,0.7196303345263004
5361,0.09951676428318024,0.4253852069377899,0.6025677919387817,1.127469763159752
5362,0.09541314095258713,0.41694119572639465,0.5929902195930481,1.1053445562720299
5363,0.07449092715978622,0.31976205110549927,0.4801624119281769,0.8744153901934624
5364,0.08610839396715164,0.4499185383319855,0.6583328247070312,1.1943597570061684
5365,0.101531483232975,0.4821002781391144,0.6216668486595154,1.2052986100316048
5366,0.059413984417915344,0.2998739778995514,0.45061174035072327,0.80989970266819
5367,0.09283957630395889,0.39721256494522095,0.5305585861206055,1.0206107273697853
5368,0.06686088442802429,0.3565390110015869,0.49421828985214233,0.9176181852817535
5369,0.08439255505800247,0.4056747257709503,0.534517228603363,1.0245845094323158
5370,0.15637393295764923,0.6368496417999268,0.761955976486206,1.555179551243782
5371,0.07608065754175186,0.28968819975852966,0.47636106610298157,0.8421299234032631
5372,0.07209119200706482,0.3635104298591614,0.5972228646278381,1.0328244864940643
5373,0.08249348402023315,0.35907626152038574,0.552334189414978,0.9939039349555969
5374,0.09384401142597198,0.3039046823978424,0.56267911195755,0.9604278057813644
5375,0.0808575227856636,0.3171711266040802,0.4686362147331238,0.8666648641228676
5376,0.08549332618713379,0.39447033405303955,0.5492561459541321,1.0292198061943054
5377,0.08827148377895355,0.49692535400390625,0.6328990459442139,1.2180958837270737
5378,0.08049969375133514,0.5396412014961243,0.6576610207557678,1.2778019160032272
5379,0.09887274354696274,0.44467779994010925,0.6182100176811218,1.1617605611681938
5380,0.07940471172332764,0.42969247698783875,0.5545679330825806,1.063665121793747
5381,0.07483287900686264,0.40641260147094727,0.5874893069267273,1.0687347874045372
5382,0.13334964215755463,0.4901682138442993,0.6734403371810913,1.2969581931829453
5383,0.07165025919675827,0.2879887819290161,0.5422629714012146,0.901902012526989
5384,0.10273381322622299,0.4199669361114502,0.6322929263114929,1.154993675649166
5385,0.08263222128152847,0.4073622226715088,0.5679020285606384,1.0578964725136757
5386,0.08041620254516602,0.4753910303115845,0.626944899559021,1.1827521324157715
5387,0.09300337731838226,0.4155424237251282,0.5447424054145813,1.0532882064580917
5388,0.06540865451097488,0.3615209460258484,0.4620557725429535,0.8889853730797768
5389,0.0839642584323883,0.46754151582717896,0.6169564723968506,1.1684622466564178
5390,0.08549569547176361,0.4184815287590027,0.5746378898620605,1.0786151140928268
5391,0.10733497887849808,0.4956866502761841,0.6735391616821289,1.276560790836811
5392,0.07024359703063965,0.3540138304233551,0.5562876462936401,0.9805450737476349
5393,0.08045173436403275,0.3179379105567932,0.5207321643829346,0.9191218093037605
5394,0.09593547135591507,0.5118971467018127,0.7000735998153687,1.3079062178730965
5395,0.07090786099433899,0.403261661529541,0.5600457787513733,1.0342153012752533
5396,0.14318867027759552,0.4546053111553192,0.583244264125824,1.1810382455587387
5397,0.08674147725105286,0.4155661165714264,0.57407146692276,1.0763790607452393
5398,0.09483719617128372,0.45072996616363525,0.597751796245575,1.143318958580494
5399,0.06863931566476822,0.41225117444992065,0.5078119039535522,0.9887023940682411
5400,0.07721572369337082,0.39952582120895386,0.49858129024505615,0.9753228351473808
5401,0.0888037160038948,0.3841513991355896,0.5039017796516418,0.9768568947911263
5402,0.11478161066770554,0.46295493841171265,0.5716586709022522,1.1493952199816704
5403,0.11932384222745895,0.5215787291526794,0.6167756915092468,1.2576782628893852
5404,0.08485960960388184,0.3790210485458374,0.4886796772480011,0.9525603353977203
5405,0.10806259512901306,0.45546096563339233,0.5557039380073547,1.1192274987697601
5406,0.1105441004037857,0.5225885510444641,0.5600679516792297,1.1932006031274796
5407,0.10928674787282944,0.48518458008766174,0.5560660362243652,1.1505373641848564
5408,0.08473464101552963,0.44821134209632874,0.5522414445877075,1.0851874276995659
5409,0.09217846393585205,0.45817098021507263,0.5453726649284363,1.095722109079361
5410,0.08702760934829712,0.4787861108779907,0.5736988186836243,1.139512538909912
5411,0.0907457023859024,0.4115760922431946,0.4977280795574188,1.0000498741865158
5412,0.1045493632555008,0.5390458106994629,0.6295534372329712,1.2731486111879349
5413,0.07118063420057297,0.38570117950439453,0.5290621519088745,0.985943965613842
5414,0.0896063894033432,0.4377654790878296,0.6180843114852905,1.1454561799764633
5415,0.0728803426027298,0.4404942989349365,0.6471472978591919,1.1605219393968582
5416,0.06971827894449234,0.35045427083969116,0.546899139881134,0.9670716896653175
5417,0.10068639367818832,0.37601539492607117,0.6002621650695801,1.0769639536738396
5418,0.08050832152366638,0.29727163910865784,0.5373427271842957,0.9151226878166199
5419,0.10142115503549576,0.4126623272895813,0.6648633480072021,1.1789468303322792
5420,0.08748257160186768,0.3899535536766052,0.6319138407707214,1.1093499660491943
5421,0.07590820640325546,0.32673880457878113,0.5347726941108704,0.937419705092907
5422,0.08228597044944763,0.3627576529979706,0.5567920207977295,1.0018356442451477
5423,0.06403817981481552,0.23409532010555267,0.4024044871330261,0.7005379870533943
5424,0.09253891557455063,0.43564867973327637,0.6336736083030701,1.161861203610897
5425,0.06589842587709427,0.2895958423614502,0.5087509155273438,0.8642451837658882
5426,0.08309047669172287,0.35615816712379456,0.5805512070655823,1.0197998508810997
5427,0.08802363276481628,0.37087467312812805,0.6595942974090576,1.118492603302002
5428,0.085711270570755,0.37364235520362854,0.5729889869689941,1.0323426127433777
5429,0.055498380213975906,0.2508350610733032,0.47394850850105286,0.780281949788332
5430,0.05161598324775696,0.2841683328151703,0.507109522819519,0.8428938388824463
5431,0.05559172481298447,0.26135480403900146,0.49954041838645935,0.8164869472384453
5432,0.09779076278209686,0.40300434827804565,0.6583762168884277,1.1591713279485703
5433,0.07233655452728271,0.3494396507740021,0.5628310441970825,0.9846072494983673
5434,0.07459861785173416,0.33223241567611694,0.54511559009552,0.9519466236233711
5435,0.08744902163743973,0.38203999400138855,0.5504711866378784,1.0199602022767067
5436,0.06604095548391342,0.2840941846370697,0.44473451375961304,0.7948696538805962
5437,0.08883888274431229,0.47864583134651184,0.6804624199867249,1.247947134077549
5438,0.07052508741617203,0.3361735939979553,0.5797843933105469,0.9864830747246742
5439,0.0702543556690216,0.37918469309806824,0.6482148766517639,1.0976539254188538
5440,0.0641992837190628,0.3007720410823822,0.5708600878715515,0.9358314126729965
5441,0.0730149894952774,0.4001345932483673,0.6447776556015015,1.1179272383451462
5442,0.0814749076962471,0.4987126886844635,0.7275460958480835,1.307733692228794
5443,0.08712600916624069,0.48214027285575867,0.7168795466423035,1.2861458286643028
5444,0.06425905972719193,0.33509257435798645,0.5607009530067444,0.9600525870919228
5445,0.05956266075372696,0.3103131353855133,0.5359809994697571,0.9058567956089973
5446,0.08075297623872757,0.3787494897842407,0.5515317320823669,1.0110341981053352
5447,0.07191406190395355,0.4168778359889984,0.6703589558601379,1.15915085375309
5448,0.08849084377288818,0.3969300389289856,0.6367353796958923,1.1221562623977661
5449,0.0930226668715477,0.33671167492866516,0.5950308442115784,1.0247651860117912
5450,0.06728863716125488,0.37296316027641296,0.586969792842865,1.0272215902805328
5451,0.055986251682043076,0.28283968567848206,0.5140940546989441,0.8529199920594692
5452,0.07077020406723022,0.3101120591163635,0.5890984535217285,0.9699807167053223
5453,0.09057934582233429,0.3726993501186371,0.5639448761940002,1.0272235721349716
5454,0.06873056292533875,0.29644066095352173,0.5338753461837769,0.8990465700626373
5455,0.0762486606836319,0.39775705337524414,0.5903729200363159,1.064378634095192
5456,0.08019285649061203,0.3853694200515747,0.5844924449920654,1.0500547215342522
5457,0.10108479112386703,0.5679893493652344,0.766257643699646,1.4353317841887474
5458,0.0702216699719429,0.27760422229766846,0.3979095220565796,0.745735414326191
5459,0.08231279999017715,0.37108826637268066,0.539421796798706,0.9928228631615639
5460,0.07576203346252441,0.34296664595603943,0.51898592710495,0.9377146065235138
5461,0.05693841725587845,0.28107014298439026,0.4557718336582184,0.7937803938984871
5462,0.08131660521030426,0.43183445930480957,0.6107271909713745,1.1238782554864883
5463,0.08430580794811249,0.4733886122703552,0.7230066061019897,1.2807010263204575
5464,0.08129839599132538,0.4041083753108978,0.6547197699546814,1.1401265412569046
5465,0.09262304753065109,0.42077624797821045,0.6318246126174927,1.1452239081263542
5466,0.06282142549753189,0.2738247513771057,0.4761303663253784,0.812776543200016
5467,0.05549238249659538,0.29283037781715393,0.5148849487304688,0.8632077090442181
5468,0.09539642184972763,0.3346351087093353,0.5563824772834778,0.9864140078425407
5469,0.06426190584897995,0.3583255708217621,0.5607572197914124,0.9833446964621544
5470,0.07337820529937744,0.3905222713947296,0.6422794461250305,1.1061799228191376
5471,0.0641406998038292,0.3985418975353241,0.6435137391090393,1.1061963364481926
5472,0.09694191068410873,0.4386150538921356,0.6741824746131897,1.209739439189434
5473,0.06609011441469193,0.2917400598526001,0.5060009360313416,0.8638311102986336
5474,0.05191424489021301,0.2245599776506424,0.4190133810043335,0.6954876035451889
5475,0.07093915343284607,0.25299838185310364,0.4657314419746399,0.7896689772605896
5476,0.05649498850107193,0.2639591693878174,0.5310167074203491,0.8514708653092384
5477,0.041290003806352615,0.2231992483139038,0.4929749369621277,0.7574641890823841
5478,0.07350395619869232,0.3048524856567383,0.5178387761116028,0.8961952179670334
5479,0.08972067385911942,0.45093634724617004,0.6539134979248047,1.1945705190300941
5480,0.06743630766868591,0.34245768189430237,0.5675157308578491,0.9774097204208374
5481,0.0681140124797821,0.34116286039352417,0.5849701166152954,0.9942469894886017
5482,0.06723581999540329,0.30539101362228394,0.5250019431114197,0.8976287767291069
5483,0.07910364866256714,0.31393831968307495,0.5661455392837524,0.9591875076293945
5484,0.06445866078138351,0.26763439178466797,0.5166914463043213,0.8487844988703728
5485,0.06558807939291,0.4441583454608917,0.7071011662483215,1.2168475911021233
5486,0.05319064483046532,0.23332610726356506,0.4474438428878784,0.7339605949819088
5487,0.0764523297548294,0.29071244597435,0.5019282102584839,0.8690929859876633
5488,0.0855349451303482,0.4359845221042633,0.6561496257781982,1.1776690930128098
5489,0.08481999486684799,0.2927895188331604,0.4908095598220825,0.8684190735220909
5490,0.09946032613515854,0.42730119824409485,0.7147677540779114,1.2415292784571648
5491,0.05909014493227005,0.2855451703071594,0.5333192348480225,0.8779545500874519
5492,0.052963800728321075,0.2552076280117035,0.46555647253990173,0.7737279012799263
5493,0.07130955904722214,0.39435237646102905,0.6567744016647339,1.122436337172985
5494,0.07198488712310791,0.3623709976673126,0.44586265087127686,0.8802185356616974
5495,0.05836139991879463,0.2583765983581543,0.5187172293663025,0.8354552276432514
5496,0.08039399236440659,0.3376130163669586,0.5765007138252258,0.994507722556591
5497,0.04716496542096138,0.22561439871788025,0.492217093706131,0.7649964578449726
5498,0.07179025560617447,0.3384017050266266,0.538876473903656,0.9490684345364571
5499,0.057278383523225784,0.27604860067367554,0.5514222979545593,0.8847492821514606
5500,0.07327279448509216,0.29363083839416504,0.5627729892730713,0.9296766221523285
5501,0.05876201391220093,0.3066960573196411,0.5764713287353516,0.9419293999671936
5502,0.06243134289979935,0.29740163683891296,0.5202099084854126,0.8800428882241249
5503,0.0921417698264122,0.36251047253608704,0.6503729224205017,1.105025164783001
5504,0.061507031321525574,0.36881446838378906,0.7075738310813904,1.137895330786705
5505,0.09300394356250763,0.44383710622787476,0.7139859795570374,1.2508270293474197
5506,0.07698678970336914,0.28566017746925354,0.5429791212081909,0.9056260883808136
5507,0.06784181296825409,0.2837301790714264,0.5316898226737976,0.8832618147134781
5508,0.07505827397108078,0.4042682945728302,0.6392662525177002,1.1185928210616112
5509,0.06477811932563782,0.33384791016578674,0.5604926943778992,0.9591187238693237
5510,0.06746798753738403,0.3302052319049835,0.5229467153549194,0.920619934797287
5511,0.09477352350950241,0.48179101943969727,0.7327406406402588,1.3093051835894585
5512,0.0664716437458992,0.34258711338043213,0.5688320398330688,0.9778907969594002
5513,0.05962361395359039,0.2835841774940491,0.5081732869148254,0.8513810783624649
5514,0.046995412558317184,0.2447446584701538,0.41569259762763977,0.7074326686561108
5515,0.08280762284994125,0.33840247988700867,0.5578006505966187,0.9790107533335686
5516,0.07525201886892319,0.3413412570953369,0.5475079417228699,0.96410121768713
5517,0.042002059519290924,0.2233463078737259,0.3831382989883423,0.6484866663813591
5518,0.07911472767591476,0.3958827257156372,0.5997552871704102,1.0747527405619621
5519,0.08032441884279251,0.40361300110816956,0.5903457403182983,1.0742831602692604
5520,0.062437158077955246,0.28330329060554504,0.4785717725753784,0.8243122212588787
5521,0.07587897777557373,0.43329882621765137,0.6571987271308899,1.166376531124115
5522,0.08905880153179169,0.44002774357795715,0.6196126341819763,1.1486991792917252
5523,0.04240182414650917,0.2120041847229004,0.45055949687957764,0.7049655057489872
5524,0.06121401488780975,0.3255469799041748,0.5309877991676331,0.9177487939596176
5525,0.05629449337720871,0.2781018316745758,0.4944610595703125,0.828857384622097
5526,0.0733020231127739,0.3025886118412018,0.5328481197357178,0.9087387546896935
5527,0.11081766337156296,0.4820614159107208,0.759688675403595,1.3525677546858788
5528,0.05230894684791565,0.24360591173171997,0.47219038009643555,0.7681052386760712
5529,0.050875186920166016,0.3397597074508667,0.5956841111183167,0.9863190054893494
5530,0.07173414528369904,0.33772748708724976,0.549518346786499,0.9589799791574478
5531,0.06722361594438553,0.30723845958709717,0.5598813891410828,0.9343434646725655
5532,0.06943567842245102,0.3249724507331848,0.4681865870952606,0.8625947162508965
5533,0.0729202926158905,0.4176735281944275,0.5513521432876587,1.0419459640979767
5534,0.08509930968284607,0.4584627151489258,0.6321759819984436,1.1757380068302155
5535,0.06939982622861862,0.48376762866973877,0.6593751311302185,1.212542586028576
5536,0.06427398324012756,0.3840293884277344,0.6193294525146484,1.0676328241825104
5537,0.06325341016054153,0.35208070278167725,0.5549219250679016,0.9702560380101204
5538,0.05697617679834366,0.3118445873260498,0.5848015546798706,0.9536223188042641
5539,0.103038489818573,0.43316811323165894,0.6701886653900146,1.2063952684402466
5540,0.05009697005152702,0.23620834946632385,0.541604220867157,0.8279095403850079
5541,0.07694460451602936,0.34790661931037903,0.6306226253509521,1.0554738491773605
5542,0.06432827562093735,0.32060256600379944,0.5647528171539307,0.9496836587786674
5543,0.06050713732838631,0.381730318069458,0.6245116591453552,1.0667491145431995
5544,0.0692138671875,0.3165082633495331,0.5432909727096558,0.9290131032466888
5545,0.05723829194903374,0.2724681794643402,0.45856255292892456,0.7882690243422985
5546,0.06354408711194992,0.3585425019264221,0.6164507865905762,1.0385373756289482
5547,0.06548891216516495,0.30661606788635254,0.5730528831481934,0.9451578631997108
5548,0.08241329342126846,0.4183332026004791,0.6711695194244385,1.171916015446186
5549,0.06268193572759628,0.3089423179626465,0.5550034642219543,0.9266277179121971
5550,0.062053050845861435,0.257930189371109,0.5186271667480469,0.8386104069650173
5551,0.08392026275396347,0.43103572726249695,0.6968695521354675,1.211825542151928
5552,0.061238743364810944,0.28040799498558044,0.5571520328521729,0.8987987712025642
5553,0.12920229136943817,0.36438119411468506,0.5810253620147705,1.0746088474988937
5554,0.06443405896425247,0.3247174322605133,0.5735604166984558,0.9627119079232216
5555,0.0930682048201561,0.3666509687900543,0.5955479145050049,1.0552670881152153
5556,0.06575184315443039,0.3258214592933655,0.5060957670211792,0.8976690694689751
5557,0.061589617282152176,0.31047090888023376,0.495441198348999,0.867501724511385
5558,0.06608694046735764,0.29855209589004517,0.5021870136260986,0.8668260499835014
5559,0.06355573236942291,0.3480303883552551,0.5691840052604675,0.9807701259851456
5560,0.08451633900403976,0.3705138564109802,0.6126996278762817,1.0677298232913017
5561,0.05846245214343071,0.23184563219547272,0.485634982585907,0.7759430669248104
5562,0.05912139266729355,0.2763426601886749,0.551718533039093,0.8871825858950615
5563,0.06571344286203384,0.33405444025993347,0.5555905699729919,0.9553584530949593
5564,0.06823157519102097,0.3178890645503998,0.5515605807304382,0.937681220471859
5565,0.053310394287109375,0.2693626880645752,0.5488457083702087,0.8715187907218933
5566,0.0584399439394474,0.2998592257499695,0.5412445068359375,0.8995436765253544
5567,0.07049179822206497,0.33830034732818604,0.5706353187561035,0.9794274643063545
5568,0.06518364697694778,0.315958708524704,0.49551263451576233,0.8766549900174141
5569,0.07634003460407257,0.41341760754585266,0.627295970916748,1.1170536130666733
5570,0.06193186715245247,0.290639191865921,0.526867151260376,0.8794382102787495
5571,0.07371141761541367,0.35620835423469543,0.6152105927467346,1.0451303645968437
5572,0.06773339956998825,0.3718096613883972,0.6450029611587524,1.084546022117138
5573,0.05781010538339615,0.2799786627292633,0.5438727736473083,0.8816615417599678
5574,0.07879496365785599,0.33604922890663147,0.5984441041946411,1.0132882967591286
5575,0.0655277743935585,0.26656895875930786,0.5358089208602905,0.8679056540131569
5576,0.0859597697854042,0.38742029666900635,0.663188636302948,1.1365687027573586
5577,0.07502420991659164,0.35984939336776733,0.6298273205757141,1.064700923860073
5578,0.0651736706495285,0.3110315203666687,0.5325480699539185,0.9087532609701157
5579,0.07242391258478165,0.3532958924770355,0.5553165674209595,0.9810363724827766
5580,0.052534036338329315,0.21167244017124176,0.4009821116924286,0.6651885882019997
5581,0.08062882721424103,0.4054054021835327,0.6311483383178711,1.1171825677156448
5582,0.05527515709400177,0.2737017273902893,0.5067514181137085,0.8357283025979996
5583,0.07073231041431427,0.3259074091911316,0.5779693126678467,0.9746090322732925
5584,0.07476961612701416,0.33387038111686707,0.6579722166061401,1.0666122138500214
5585,0.07092930376529694,0.3436376452445984,0.5707132816314697,0.985280230641365
5586,0.04877188801765442,0.23009715974330902,0.47297102212905884,0.7518400698900223
5587,0.047008294612169266,0.25388726592063904,0.5062386989593506,0.8071342594921589
5588,0.0501362681388855,0.2399885207414627,0.4987179636955261,0.7888427525758743
5589,0.08708735555410385,0.3650502860546112,0.6571871638298035,1.1093248054385185
5590,0.06674974411725998,0.32461538910865784,0.5621816515922546,0.9535467848181725
5591,0.06633435189723969,0.3045535385608673,0.5445044636726379,0.9153923541307449
5592,0.06740513443946838,0.3438113331794739,0.5493232607841492,0.9605397284030914
5593,0.054397884756326675,0.25189077854156494,0.44421470165252686,0.7505033649504185
5594,0.07678144425153732,0.42894813418388367,0.6787752509117126,1.1845048293471336
5595,0.061082933098077774,0.2964836061000824,0.5784152150154114,0.9359817542135715
5596,0.05959910526871681,0.3368152678012848,0.6462660431861877,1.0426804162561893
5597,0.055447615683078766,0.2588541507720947,0.569578230381012,0.8838799968361855
5598,0.06866368651390076,0.34212997555732727,0.6419722437858582,1.0527659058570862
5599,0.06667646765708923,0.430643767118454,0.7236905097961426,1.2210107445716858
5600,0.0810074731707573,0.41578009724617004,0.7133687138557434,1.2101562842726707
5601,0.05880069360136986,0.28923341631889343,0.5587571263313293,0.9067912362515926
5602,0.05239181965589523,0.2745753228664398,0.5348411798477173,0.8618083223700523
5603,0.06878459453582764,0.33536088466644287,0.5489872097969055,0.953132688999176
5604,0.06349928677082062,0.376476913690567,0.6688789129257202,1.1088551133871078
5605,0.07309582829475403,0.35206282138824463,0.635572075843811,1.0607307255268097
5606,0.08131932467222214,0.3002985417842865,0.5942291617393494,0.975847028195858
5607,0.06109507754445076,0.33443689346313477,0.5853506326675415,0.980882603675127
5608,0.04982433468103409,0.2543273866176605,0.513096809387207,0.8172485306859016
5609,0.06512642651796341,0.2801578640937805,0.5881214141845703,0.9334057047963142
5610,0.07919599860906601,0.34677445888519287,0.5627397894859314,0.9887102469801903
5611,0.05750741437077522,0.27073800563812256,0.5330615043640137,0.8613069243729115
5612,0.06824649125337601,0.35911110043525696,0.5893001556396484,1.0166577473282814
5613,0.07240774482488632,0.3526376783847809,0.5831570625305176,1.0082024857401848
5614,0.09049365669488907,0.5101090669631958,0.7642297148704529,1.3648324385285378
5615,0.06323178112506866,0.24865880608558655,0.39656609296798706,0.7084566801786423
5616,0.07085306197404861,0.3312526345252991,0.5381299257278442,0.9402356222271919
5617,0.06726846098899841,0.3057786226272583,0.5174961686134338,0.8905432522296906
5618,0.052049700170755386,0.2552624046802521,0.4546531140804291,0.7619652189314365
5619,0.0727071464061737,0.39125776290893555,0.6086729168891907,1.0726378262043
5620,0.07615838199853897,0.4378831386566162,0.7209907174110413,1.2350322380661964
5621,0.07177246361970901,0.37637564539909363,0.6532742381095886,1.1014223471283913
5622,0.08561941981315613,0.39089587330818176,0.6307123303413391,1.107227623462677
5623,0.05435957759618759,0.24860504269599915,0.47491371631622314,0.7778783366084099
5624,0.04905783385038376,0.2544863224029541,0.5133493542671204,0.8168935105204582
5625,0.08311992883682251,0.30230945348739624,0.5547444224357605,0.9401738047599792
5626,0.057336512953042984,0.31969720125198364,0.5592694282531738,0.9363031424582005
5627,0.06823201477527618,0.36117270588874817,0.6413313150405884,1.0707360357046127
5628,0.058047495782375336,0.3659372627735138,0.642273485660553,1.066258244216442
5629,0.08615320175886154,0.40369096398353577,0.6730455756187439,1.1628897413611412
5630,0.058275170624256134,0.2676948010921478,0.5051885843276978,0.8311585560441017
5631,0.04652708023786545,0.2054891735315323,0.41793349385261536,0.6699497476220131
5632,0.061497870832681656,0.23569783568382263,0.46495145559310913,0.7621471621096134
5633,0.05206740275025368,0.24016472697257996,0.530055046081543,0.8222871758043766
5634,0.03913843259215355,0.19886450469493866,0.4923296868801117,0.7303326241672039
5635,0.0681244432926178,0.2827935516834259,0.5165863037109375,0.8675042986869812
5636,0.08264521509408951,0.41458606719970703,0.6523842811584473,1.1496155634522438
5637,0.062332939356565475,0.31156304478645325,0.566630482673645,0.9405264668166637
5638,0.061517175287008286,0.31270626187324524,0.5841005444526672,0.9583239816129208
5639,0.06100979447364807,0.2774708867073059,0.5239547491073608,0.8624354302883148
5640,0.07189087569713593,0.2931433916091919,0.5650497078895569,0.9300839751958847
5641,0.056679822504520416,0.24486024677753448,0.515717625617981,0.8172576949000359
5642,0.05844120681285858,0.4088338613510132,0.7054373621940613,1.172712430357933
5643,0.04895724356174469,0.21205945312976837,0.4462668299674988,0.7072835266590118
5644,0.06547141075134277,0.2656620442867279,0.5010998249053955,0.8322332799434662
5645,0.07852047681808472,0.40619397163391113,0.6550673246383667,1.1397817730903625
5646,0.07508523762226105,0.2690897285938263,0.48965904116630554,0.8338340073823929
5647,0.08808537572622299,0.38816747069358826,0.7133349180221558,1.189587764441967
5648,0.05422281101346016,0.2610885202884674,0.5326735377311707,0.8479848690330982
5649,0.04917345568537712,0.23279333114624023,0.4648502469062805,0.7468170337378979
5650,0.0678323432803154,0.3707955777645111,0.6558345556259155,1.094462476670742
5651,0.06215916946530342,0.33711931109428406,0.4452567994594574,0.8445352800190449
5652,0.0553898960351944,0.23642125725746155,0.5180369019508362,0.8098480552434921
5653,0.07623930275440216,0.3144756257534027,0.5758593678474426,0.9665742963552475
5654,0.043285712599754333,0.20503900945186615,0.49166834354400635,0.7399930655956268
5655,0.06444160640239716,0.31287866830825806,0.5374470949172974,0.9147673696279526
5656,0.05444163829088211,0.2576542794704437,0.5508701205253601,0.8629660382866859
5657,0.0679144635796547,0.27570751309394836,0.5623096823692322,0.9059316590428352
5658,0.05468377098441124,0.2826940715312958,0.5762393474578857,0.9136171899735928
5659,0.05770200118422508,0.2790279686450958,0.519469141960144,0.856199111789465
5660,0.08253876864910126,0.3339836895465851,0.6490584015846252,1.0655808597803116
5661,0.056340206414461136,0.3340528607368469,0.7067343592643738,1.0971274264156818
5662,0.086336649954319,0.4145151972770691,0.7127887010574341,1.2136405482888222
5663,0.07190024852752686,0.2604635953903198,0.5422154068946838,0.8745792508125305
5664,0.06071222200989723,0.26121431589126587,0.5309033393859863,0.8528298772871494
5665,0.06951213628053665,0.3775084912776947,0.6382046937942505,1.0852253213524818
5666,0.059658072888851166,0.3113337457180023,0.5597231984138489,0.9307150170207024
5667,0.0625602975487709,0.3031741976737976,0.5219618082046509,0.8876963034272194
5668,0.08567029982805252,0.43742072582244873,0.7313684225082397,1.254459448158741
5669,0.060752976685762405,0.3073115050792694,0.5675667524337769,0.9356312341988087
5670,0.055579155683517456,0.2606007158756256,0.507457435131073,0.8236373066902161
5671,0.042177990078926086,0.22577407956123352,0.41482052206993103,0.6827725917100906
5672,0.07771525532007217,0.3156598210334778,0.5567912459373474,0.9501663222908974
5673,0.0703279972076416,0.31896892189979553,0.5468847155570984,0.9361816346645355
5674,0.039770662784576416,0.20925159752368927,0.38278111815452576,0.6318033784627914
5675,0.07392425835132599,0.373921662569046,0.5986670255661011,1.046512946486473
5676,0.07122359424829483,0.373374879360199,0.5896760821342468,1.0342745557427406
5677,0.05754756182432175,0.2594969868659973,0.47820207476615906,0.7952466234564781
5678,0.06671185791492462,0.3929493725299835,0.6564501523971558,1.116111382842064
5679,0.08126639574766159,0.40360066294670105,0.6182341575622559,1.1031012162566185
5680,0.04014767333865166,0.19054338335990906,0.4499930143356323,0.680684071034193
5681,0.057214152067899704,0.2960202395915985,0.5301174521446228,0.883351843804121
5682,0.0489010326564312,0.2443242371082306,0.49353182315826416,0.786757092922926
5683,0.06690017879009247,0.2769142985343933,0.5318959951400757,0.8757104724645615
5684,0.10189743340015411,0.45310458540916443,0.7585243582725525,1.313526377081871
5685,0.04876548796892166,0.22581854462623596,0.47168847918510437,0.746272511780262
5686,0.047555308789014816,0.31368738412857056,0.5947730541229248,0.9560157470405102
5687,0.06758356094360352,0.3156283497810364,0.5487031936645508,0.9319151043891907
5688,0.06093244254589081,0.2821875810623169,0.5593924522399902,0.9025124758481979
5689,0.06383886933326721,0.2998955249786377,0.4676220118999481,0.831356406211853
5690,0.06679123640060425,0.38324448466300964,0.5500119924545288,1.0000477135181427
5691,0.07968378812074661,0.4240501821041107,0.6311888694763184,1.1349228397011757
5692,0.06350704282522202,0.4414600133895874,0.6572191119194031,1.1621861681342125
5693,0.05819709226489067,0.35120803117752075,0.6178240776062012,1.0272292010486126
5694,0.05950161814689636,0.3253203332424164,0.5538603067398071,0.9386822581291199
5695,0.05441717803478241,0.2921034097671509,0.5840065479278564,0.9305271357297897
5696,0.09495123475790024,0.4067648649215698,0.6690264344215393,1.1707425341010094
5697,0.04715806245803833,0.2179674655199051,0.5410237908363342,0.8061493188142776
5698,0.07280311733484268,0.3289368450641632,0.6299703121185303,1.0317102745175362
5699,0.06112951040267944,0.29874783754348755,0.5643129944801331,0.9241903424263
5700,0.05601007118821144,0.34748777747154236,0.6233494877815247,1.0268473364412785
5701,0.063765749335289,0.2950303554534912,0.5425471067428589,0.9013432115316391
5702,0.055141616612672806,0.2474955916404724,0.45788466930389404,0.7605218775570393
5703,0.059556908905506134,0.32739683985710144,0.6151229739189148,1.0020767226815224
5704,0.06122717633843422,0.2877989709377289,0.5722455978393555,0.9212717451155186
5705,0.0770074874162674,0.387694776058197,0.6700189113616943,1.1347211748361588
5706,0.059097155928611755,0.2851278781890869,0.554227352142334,0.8984523862600327
5707,0.059844423085451126,0.2397794872522354,0.5183039307594299,0.8179278410971165
5708,0.07954942435026169,0.3996916115283966,0.6960356831550598,1.175276719033718
5709,0.05781000107526779,0.259025514125824,0.5565674304962158,0.8734029456973076
5710,0.10910125821828842,0.32534778118133545,0.5798515677452087,1.0143006071448326
5711,0.06077650561928749,0.29893702268600464,0.5727895498275757,0.9325030781328678
5712,0.08731529861688614,0.3438001871109009,0.5947587490081787,1.0258742347359657
5713,0.06159141659736633,0.30727988481521606,0.5053530335426331,0.8742243349552155
5714,0.05809665098786354,0.2878648042678833,0.4949895143508911,0.840950969606638
5715,0.06288360059261322,0.2745049297809601,0.5014641880989075,0.8388527184724808
5716,0.06089526414871216,0.32351794838905334,0.5686481595039368,0.9530613720417023
5717,0.08141947537660599,0.35318654775619507,0.612105131149292,1.046711154282093
5718,0.0541473850607872,0.2118266522884369,0.4851687550544739,0.751142792403698
5719,0.05645404011011124,0.26052308082580566,0.5514808893203735,0.8684580102562904
5720,0.06265422701835632,0.31888777017593384,0.5551647543907166,0.9367067515850067
5721,0.06476816534996033,0.30006176233291626,0.5508195757865906,0.9156495034694672
5722,0.049968793988227844,0.24916519224643707,0.5482011437416077,0.8473351299762726
5723,0.05514524504542351,0.2818131446838379,0.5405822396278381,0.8775406293570995
5724,0.06715168803930283,0.3191029131412506,0.5698228478431702,0.9560774490237236
5725,0.06164843961596489,0.29831990599632263,0.4950711131095886,0.8550394587218761
5726,0.07253054529428482,0.38804543018341064,0.6264350414276123,1.0870110169053078
5727,0.05876161530613899,0.27300482988357544,0.5260944962501526,0.857860941439867
5728,0.06951476633548737,0.3329276144504547,0.6145837903022766,1.0170261710882187
5729,0.0646212249994278,0.3517202138900757,0.6443057656288147,1.0606472045183182
5730,0.05448215827345848,0.2558426558971405,0.5431006550788879,0.8534254692494869
5731,0.07349155098199844,0.3174312710762024,0.5975596308708191,0.9884824529290199
5732,0.060441046953201294,0.25106945633888245,0.5353148579597473,0.846825361251831
5733,0.08225414901971817,0.36886119842529297,0.6624481081962585,1.1135634556412697
5734,0.07022446393966675,0.34026890993118286,0.6288784146308899,1.0393717885017395
5735,0.06126903370022774,0.2926546633243561,0.5318616032600403,0.8857853002846241
5736,0.0692872405052185,0.33326056599617004,0.5547332763671875,0.957281082868576
5737,0.04835675656795502,0.19172683358192444,0.4001799523830414,0.6402635425329208
5738,0.07710278034210205,0.3769005239009857,0.63027423620224,1.0842775404453278
5739,0.05193641036748886,0.25626903772354126,0.5062878727912903,0.8144933208823204
5740,0.06741060316562653,0.3059868812561035,0.5772719383239746,0.9506694227457047
5741,0.07053651660680771,0.3091457784175873,0.657256543636322,1.036938838660717
5742,0.06587241590023041,0.32015928626060486,0.5699675679206848,0.9559992700815201
5743,0.046337347477674484,0.21447010338306427,0.4726906418800354,0.7334980927407742
5744,0.044742949306964874,0.2361265867948532,0.5057253837585449,0.786594919860363
5745,0.047905586659908295,0.22283290326595306,0.49809592962265015,0.7688344195485115
5746,0.08276579529047012,0.3447283208370209,0.6562958359718323,1.0837899520993233
5747,0.06345832347869873,0.3088773488998413,0.5614595413208008,0.9337952136993408
5748,0.06222258880734444,0.2810356914997101,0.5436006784439087,0.8868589587509632
5749,0.06379351764917374,0.3190983235836029,0.5482930541038513,0.931184895336628
5750,0.04979625716805458,0.23314625024795532,0.44368085265159607,0.726623360067606
5751,0.07415894418954849,0.4000878930091858,0.6776431202888489,1.1518899574875832
5752,0.05828229337930679,0.2784097194671631,0.5777906179428101,0.9144826307892799
5753,0.05752996727824211,0.3158048987388611,0.6456341743469238,1.018969040364027
5754,0.052771154791116714,0.24493230879306793,0.5692290663719177,0.8669325299561024
5755,0.06704021245241165,0.32192569971084595,0.6410861015319824,1.03005201369524
5756,0.06357596069574356,0.406764954328537,0.7225388288497925,1.192879743874073
5757,0.0784231573343277,0.39204803109169006,0.7121456265449524,1.1826168149709702
5758,0.0565900057554245,0.27280178666114807,0.558085024356842,0.8874768167734146
5759,0.05009077861905098,0.26055145263671875,0.5345067977905273,0.8451490290462971
5760,0.06509732455015182,0.3167847692966461,0.5480273365974426,0.9299094304442406
5761,0.0606808103621006,0.3551626205444336,0.6682994961738586,1.0841429270803928
5762,0.06728187203407288,0.3281611502170563,0.6352017521858215,1.0306447744369507
5763,0.07649251818656921,0.27953124046325684,0.5938118100166321,0.9498355686664581
5764,0.0584225207567215,0.31572461128234863,0.5847405195236206,0.9588876515626907
5765,0.04722395911812782,0.2392950803041458,0.5125501751899719,0.7990692146122456
5766,0.06192474812269211,0.2642136514186859,0.5875338315963745,0.9136722311377525
5767,0.0750027447938919,0.3318624496459961,0.5620297193527222,0.9688949137926102
5768,0.054412905126810074,0.2549790143966675,0.5324530601501465,0.841844979673624
5769,0.0644664540886879,0.33745357394218445,0.5883374214172363,0.9902574494481087
5770,0.06762420386075974,0.3307444453239441,0.5822157263755798,0.9805843755602837
5771,0.08527761697769165,0.47346633672714233,0.7630491852760315,1.3217931389808655
5772,0.059328652918338776,0.22787757217884064,0.3958249092102051,0.6830311343073845
5773,0.06561929732561111,0.3064614534378052,0.5373741388320923,0.9094548895955086
5774,0.06370225548744202,0.28514012694358826,0.5167341828346252,0.8655765652656555
5775,0.04981597512960434,0.23962974548339844,0.4540736675262451,0.7435193881392479
5776,0.06898564845323563,0.3684319853782654,0.6078711152076721,1.0452887490391731
5777,0.07275217771530151,0.4159132242202759,0.7200345396995544,1.2086999416351318
5778,0.0679691880941391,0.356118768453598,0.6525033116340637,1.0765912681818008
5779,0.08257713168859482,0.3726504445075989,0.6301791071891785,1.0854066833853722
5780,0.05097267031669617,0.2346366047859192,0.4742804765701294,0.7598897516727448
5781,0.04673367366194725,0.2363131046295166,0.5127407312393188,0.7957875095307827
5782,0.07864587008953094,0.2857716977596283,0.5540056824684143,0.9184232503175735
5783,0.05448257923126221,0.2977856695652008,0.5586134195327759,0.9108816683292389
5784,0.06612379103899002,0.344928503036499,0.6408751606941223,1.0519274547696114
5785,0.05561237782239914,0.34815701842308044,0.641663134098053,1.0454325303435326
5786,0.08250179886817932,0.3882496953010559,0.6724402904510498,1.143191784620285
5787,0.0556732602417469,0.25618717074394226,0.5047813653945923,0.8166417963802814
5788,0.044493213295936584,0.19581365585327148,0.4174439609050751,0.6577508300542831
5789,0.05778972804546356,0.22475005686283112,0.46441546082496643,0.7469552457332611
5790,0.04960467293858528,0.2277778685092926,0.5294874906539917,0.8068700321018696
5791,0.03790077194571495,0.18522493541240692,0.4920038878917694,0.7151295952498913
5792,0.06512270122766495,0.2682448625564575,0.5159803628921509,0.8493479266762733
5793,0.07891999185085297,0.39277899265289307,0.6516193747520447,1.1233183592557907
5794,0.05959085002541542,0.2921701967716217,0.5660700798034668,0.9178311266005039
5795,0.05906267091631889,0.29410311579704285,0.5836732387542725,0.9368390254676342
5796,0.05790545046329498,0.2596612870693207,0.5233310461044312,0.8408977836370468
5797,0.068523108959198,0.2795620560646057,0.5644748210906982,0.912559986114502
5798,0.05332418158650398,0.22979894280433655,0.5151400566101074,0.798263181000948
5799,0.055512044578790665,0.3875698149204254,0.7046321034431458,1.1477139629423618
5800,0.046556029468774796,0.19839134812355042,0.44568970799446106,0.6906370855867863
5801,0.061143070459365845,0.24854634702205658,0.5006270408630371,0.8103164583444595
5802,0.07507821917533875,0.3870319724082947,0.654316782951355,1.1164269745349884
5803,0.07043297588825226,0.25288498401641846,0.4889949560165405,0.8123129159212112
5804,0.08290663361549377,0.36602941155433655,0.7126268744468689,1.1615629196166992
5805,0.05174030736088753,0.24747005105018616,0.5322588086128235,0.8314691670238972
5806,0.04691023379564285,0.2205096334218979,0.4645364284515381,0.7319562956690788
5807,0.06584334373474121,0.3556871712207794,0.6552314162254333,1.076761931180954
5808,0.05865875631570816,0.32292264699935913,0.44525283575057983,0.8268342390656471
5809,0.05374892055988312,0.2237415462732315,0.5176604390144348,0.7951509058475494
5810,0.07413224875926971,0.2988738417625427,0.5754679441452026,0.9484740346670151
5811,0.0407269261777401,0.1922079622745514,0.4913416802883148,0.7242765687406063
5812,0.0609060600399971,0.29825446009635925,0.5366147756576538,0.8957752957940102
5813,0.05253390967845917,0.24503961205482483,0.5505297183990479,0.8481032401323318
5814,0.0651465579867363,0.26391762495040894,0.562080442905426,0.8911446258425713
5815,0.052643146365880966,0.26665589213371277,0.5759987831115723,0.895297821611166
5816,0.05505745857954025,0.2661604583263397,0.5189737677574158,0.8401916846632957
5817,0.07829669862985611,0.31717297434806824,0.6483731269836426,1.043842799961567
5818,0.053275562822818756,0.3140903413295746,0.7062199711799622,1.0735858753323555
5819,0.08262620121240616,0.3958047032356262,0.7120603919029236,1.190491296350956
5820,0.06896012276411057,0.2450825721025467,0.5417536497116089,0.8557963445782661
5821,0.05682878941297531,0.24578581750392914,0.5304721593856812,0.8330867663025856
5822,0.06669081002473831,0.3612973690032959,0.6375991106033325,1.0655872896313667
5823,0.05688834190368652,0.2954436242580414,0.5592305660247803,0.9115625321865082
5824,0.05954975262284279,0.28499189019203186,0.5212069153785706,0.8657485581934452
5825,0.0808350145816803,0.4090559184551239,0.7305797338485718,1.220470666885376
5826,0.05731603503227234,0.28459852933883667,0.566807210445404,0.9087217748165131
5827,0.053575318306684494,0.24454444646835327,0.5070395469665527,0.8051593117415905
5828,0.03948935121297836,0.2120920717716217,0.41421306133270264,0.6657944843173027
5829,0.07485123723745346,0.2996804416179657,0.5561818480491638,0.930713526904583
5830,0.067765973508358,0.30253127217292786,0.5464075207710266,0.9167047664523125
5831,0.038400642573833466,0.19780181348323822,0.38251250982284546,0.6187149658799171
5832,0.07044769078493118,0.35708025097846985,0.597954273223877,1.025482214987278
5833,0.06674336642026901,0.35062336921691895,0.5891667604446411,1.006533496081829
5834,0.054589856415987015,0.24341033399105072,0.4778715670108795,0.7758717574179173
5835,0.062235277146101,0.36556145548820496,0.6559939980506897,1.0837907306849957
5836,0.0772821232676506,0.3770824074745178,0.6173112392425537,1.0716757699847221
5837,0.038730036467313766,0.17723169922828674,0.44962751865386963,0.6655892543494701
5838,0.05459969490766525,0.275653600692749,0.5294149518013,0.8596682474017143
5839,0.04505277797579765,0.2229384183883667,0.4929645359516144,0.7609557323157787
5840,0.06310286372900009,0.26030653715133667,0.5313246250152588,0.8547340258955956
5841,0.09684084355831146,0.43387553095817566,0.7577997446060181,1.2885161191225052
5842,0.046653859317302704,0.21400412917137146,0.4714643359184265,0.7321223244071007
5843,0.04562385007739067,0.29639846086502075,0.5942595601081848,0.9362818710505962
5844,0.06451256573200226,0.299421489238739,0.5481857061386108,0.9121197611093521
5845,0.05772548168897629,0.2644561231136322,0.5591332912445068,0.8813148960471153
5846,0.06057810038328171,0.28364041447639465,0.46730852127075195,0.8115270361304283
5847,0.06350389868021011,0.3594977855682373,0.5492634773254395,0.9722651615738869
5848,0.07603728771209717,0.39817824959754944,0.6306485533714294,1.104864090681076
5849,0.060181356966495514,0.4117079973220825,0.655936062335968,1.127825416624546
5850,0.05433684587478638,0.32892733812332153,0.6169342398643494,1.0001984238624573
5851,0.057101473212242126,0.3062033951282501,0.5531657934188843,0.9164706617593765
5852,0.05266335606575012,0.27812308073043823,0.5835815668106079,0.9143680036067963
5853,0.09028574079275131,0.3878448009490967,0.6682960987091064,1.1464266404509544
5854,0.04499989375472069,0.2067573219537735,0.5407638549804688,0.7925210706889629
5855,0.0699843317270279,0.31533387303352356,0.629547119140625,1.0148653239011765
5856,0.05883588641881943,0.28401699662208557,0.5640131235122681,0.9068660065531731
5857,0.05325041711330414,0.3255980312824249,0.6226599216461182,1.0015083700418472
5858,0.0607498437166214,0.2796478271484375,0.542059600353241,0.8824572712182999
5859,0.053542960435152054,0.2318560928106308,0.4575660526752472,0.74296510592103
5860,0.05706914886832237,0.3077508509159088,0.6142792701721191,0.9790992699563503
5861,0.05816354230046272,0.27312952280044556,0.5717321634292603,0.9030252285301685
5862,0.07400424778461456,0.36876678466796875,0.6693391799926758,1.112110212445259
5863,0.05665251985192299,0.26941829919815063,0.5536758899688721,0.8797467090189457
5864,0.058309052139520645,0.22669976949691772,0.5180672407150269,0.8030760623514652
5865,0.07663766294717789,0.3789217472076416,0.6954066753387451,1.1509660854935646
5866,0.055208977311849594,0.2449352890253067,0.5561984777450562,0.8563427440822124
5867,0.09764706343412399,0.3024446964263916,0.579221785068512,0.9793135449290276
5868,0.058220602571964264,0.2831081748008728,0.5723656415939331,0.9136944189667702
5869,0.08337277173995972,0.32839328050613403,0.5942315459251404,1.0059975981712341
5870,0.05899782106280327,0.2938208281993866,0.5048370361328125,0.8576556853950024
5871,0.05604510381817818,0.27328386902809143,0.49472394585609436,0.824052918702364
5872,0.06036477908492088,0.25836503505706787,0.501093864440918,0.8198236785829067
5873,0.05880073085427284,0.30536767840385437,0.56841641664505,0.9325848259031773
5874,0.0789104625582695,0.3399601876735687,0.611793577671051,1.0306642279028893
5875,0.05163481459021568,0.19871807098388672,0.48487284779548645,0.7352257333695889
5876,0.05440719798207283,0.25005635619163513,0.5513367652893066,0.8558003194630146
5877,0.06054312363266945,0.308463990688324,0.5548351407051086,0.9238422550261021
5878,0.06215027719736099,0.28767281770706177,0.550373911857605,0.9001970067620277
5879,0.04771978780627251,0.23485229909420013,0.5477133393287659,0.8302854262292385
5880,0.052886392921209335,0.2692733108997345,0.5400981903076172,0.862257894128561
5881,0.06490849703550339,0.3045673072338104,0.5692176818847656,0.9386934861540794
5882,0.05900465324521065,0.28370213508605957,0.4945400655269623,0.8372468538582325
5883,0.06976206600666046,0.36928778886795044,0.6258338093757629,1.0648836642503738
5884,0.05642325431108475,0.2599325180053711,0.5255436897277832,0.841899462044239
5885,0.06678368151187897,0.31545552611351013,0.6141299605369568,0.9963691681623459
5886,0.06257043778896332,0.33862602710723877,0.6438401341438293,1.0450365990400314
5887,0.05241621285676956,0.23907668888568878,0.5425758361816406,0.834068737924099
5888,0.06980904191732407,0.30479130148887634,0.5969985723495483,0.9715989157557487
5889,0.057423193007707596,0.2406875193119049,0.5349949598312378,0.8331056721508503
5890,0.07973335683345795,0.35439544916152954,0.661853551864624,1.0959823578596115
5891,0.06671371310949326,0.3266356587409973,0.6283128261566162,1.0216621980071068
5892,0.058652255684137344,0.2791319489479065,0.5313791632652283,0.8691633678972721
5893,0.06709691137075424,0.31787338852882385,0.5543110370635986,0.9392813369631767
5894,0.0456368587911129,0.17681430280208588,0.3996483087539673,0.6220994703471661
5895,0.07463247328996658,0.3572140336036682,0.6297279596328735,1.0615744665265083
5896,0.049490101635456085,0.2426902949810028,0.5059998035430908,0.7981802001595497
5897,0.06489056348800659,0.2906099855899811,0.5767964124679565,0.9322969615459442
5898,0.06802547723054886,0.2923802435398102,0.6566939949989319,1.017099715769291
5899,0.06270872801542282,0.3025067150592804,0.5695284008979797,0.934743843972683
5900,0.044665124267339706,0.20403261482715607,0.47252386808395386,0.7212216071784496
5901,0.043108467012643814,0.22302822768688202,0.5053178668022156,0.7714545615017414
5902,0.04632365331053734,0.20991377532482147,0.49765440821647644,0.7538918368518353
5903,0.07924797385931015,0.32934948801994324,0.6556508541107178,1.0642483159899712
5904,0.061212439090013504,0.2966367304325104,0.5609174370765686,0.9187666065990925
5905,0.05945347622036934,0.2624236047267914,0.5428390502929688,0.8647161312401295
5906,0.06113576516509056,0.3004647195339203,0.5474944114685059,0.9090948961675167
5907,0.04662987217307091,0.21902160346508026,0.4432874619960785,0.7089389376342297
5908,0.07215453684329987,0.37842726707458496,0.6768723726272583,1.1274541765451431
5909,0.056320976465940475,0.26444610953330994,0.5773314833641052,0.8980985693633556
5910,0.056046321988105774,0.30101606249809265,0.6451640129089355,1.002226397395134
5911,0.05084403604269028,0.23441940546035767,0.5689653158187866,0.8542287573218346
5912,0.06567249447107315,0.30764710903167725,0.6405693292617798,1.0138889327645302
5913,0.06164580211043358,0.3895663022994995,0.7218115329742432,1.1730236373841763
5914,0.07649870961904526,0.3737180829048157,0.711253821849823,1.161470614373684
5915,0.055187467485666275,0.2604410648345947,0.5576256513595581,0.8732541836798191
5916,0.048528265208005905,0.24888554215431213,0.5341889262199402,0.8316027335822582
5917,0.06258122622966766,0.30328133702278137,0.5473630428314209,0.9132256060838699
5918,0.058578453958034515,0.3404034972190857,0.6679168343544006,1.0668987855315208
5919,0.06353354454040527,0.3096059262752533,0.6349395513534546,1.0080790221691132
5920,0.07311449944972992,0.26434242725372314,0.5935152173042297,0.9309721440076828
5921,0.056546248495578766,0.3023293912410736,0.5843318700790405,0.9432075098156929
5922,0.04546978324651718,0.2284805327653885,0.5121045708656311,0.7860548868775368
5923,0.05948866903781891,0.25285834074020386,0.587110161781311,0.8994571715593338
5924,0.07227838784456253,0.3205559551715851,0.5615383386611938,0.9543726816773415
5925,0.05230901017785072,0.2429513931274414,0.5319889783859253,0.8272493816912174
5926,0.06185678020119667,0.32235726714134216,0.5876725912094116,0.9718866385519505
5927,0.06421985477209091,0.31398850679397583,0.5815101265907288,0.9597184881567955
5928,0.08132092654705048,0.4452610909938812,0.7622109651565552,1.2887929826974869
5929,0.056375548243522644,0.21323218941688538,0.3952690064907074,0.6648767441511154
5930,0.0621020682156086,0.2880941331386566,0.5368282198905945,0.8870244212448597
5931,0.06105400621891022,0.2700731158256531,0.5161535739898682,0.8472806960344315
5932,0.048225048929452896,0.2286573052406311,0.45369142293930054,0.7305737771093845
5933,0.0664323940873146,0.3524027466773987,0.6074036955833435,1.0262388363480568
5934,0.07005182653665543,0.40033695101737976,0.7193880081176758,1.189776785671711
5935,0.06545727699995041,0.34002622961997986,0.6518915295600891,1.0573750361800194
5936,0.08017038553953171,0.3577587902545929,0.6297668218612671,1.0676959976553917
5937,0.04863687604665756,0.22271928191184998,0.47383561730384827,0.7451917752623558
5938,0.04511493071913719,0.22313086688518524,0.5123902559280396,0.780636053532362
5939,0.07557188719511032,0.2723448872566223,0.5534416437149048,0.9013584181666374
5940,0.05251393839716911,0.2809883654117584,0.5582172870635986,0.8917195908725262
5941,0.06431832909584045,0.33138081431388855,0.6405309438705444,1.0362300872802734
5942,0.05390211567282677,0.3347308933734894,0.6412359476089478,1.029868956655264
5943,0.0799003466963768,0.376596599817276,0.6719682812690735,1.1284652277827263
5944,0.05393081530928612,0.24752399325370789,0.5044803619384766,0.8059351705014706
5945,0.04313371703028679,0.18837061524391174,0.4170936942100525,0.648598026484251
5946,0.055595312267541885,0.21656838059425354,0.4640752673149109,0.7362389601767063
5947,0.047728441655635834,0.21780948340892792,0.529096245765686,0.7946341708302498
5948,0.036930982023477554,0.17541955411434174,0.4917707145214081,0.7041212506592274
5949,0.06297308951616287,0.2561872899532318,0.5155148506164551,0.8346752300858498
5950,0.07643520832061768,0.3771628439426422,0.6511915922164917,1.1047896444797516
5951,0.05777505785226822,0.2776479125022888,0.565697193145752,0.901120163500309
5952,0.05758746713399887,0.28064239025115967,0.5833904147148132,0.9216202720999718
5953,0.05560637637972832,0.24664092063903809,0.5228447914123535,0.8250920884311199
5954,0.06629316508769989,0.2693605422973633,0.5640957951545715,0.8997495025396347
5955,0.05129390209913254,0.21851186454296112,0.5146811604499817,0.7844869270920753
5956,0.053551897406578064,0.3722665011882782,0.7040913701057434,1.1299097687005997
5957,0.04458044096827507,0.18844130635261536,0.44532501697540283,0.6783467642962933
5958,0.05853118747472763,0.235494002699852,0.5002806186676025,0.7943058088421822
5959,0.0727257952094078,0.37250465154647827,0.653801441192627,1.099031887948513
5960,0.06762491166591644,0.2406967282295227,0.4885450005531311,0.7968666404485703
5961,0.07965071499347687,0.35067233443260193,0.7121535539627075,1.1424766033887863
5962,0.05012284964323044,0.23725087940692902,0.5319291949272156,0.819302923977375
5963,0.04531100019812584,0.21108146011829376,0.4642826318740845,0.7206750921905041
5964,0.06442233175039291,0.34437882900238037,0.6547759175300598,1.063577078282833
5965,0.056332800537347794,0.31338194012641907,0.4452209174633026,0.8149356581270695
5966,0.052495092153549194,0.21415042877197266,0.517423689365387,0.7840692102909088
5967,0.072660431265831,0.287059485912323,0.5751540660858154,0.9348739832639694
5968,0.03886950761079788,0.18315757811069489,0.49110710620880127,0.713134191930294
5969,0.058544665575027466,0.28747111558914185,0.5359705090522766,0.8819862902164459
5970,0.051016099750995636,0.23551496863365173,0.5502537488937378,0.8367848172783852
5971,0.06313751637935638,0.25490379333496094,0.5618553757667542,0.8798966854810715
5972,0.051239706575870514,0.25555726885795593,0.5757880210876465,0.8825849965214729
5973,0.05333651229739189,0.256174772977829,0.5186321139335632,0.8281433992087841
5974,0.07506777346134186,0.30579230189323425,0.6479137539863586,1.0287738293409348
5975,0.050905779004096985,0.3000940978527069,0.7058600187301636,1.0568598955869675
5976,0.0800183042883873,0.381727933883667,0.7115384340286255,1.1732846722006798
5977,0.06683887541294098,0.2330980747938156,0.54141765832901,0.8413546085357666
5978,0.05442529171705246,0.23391392827033997,0.5301772952079773,0.8185165151953697
5979,0.06454508006572723,0.3491194546222687,0.6371678709983826,1.0508324056863785
5980,0.05497314780950546,0.2830107808113098,0.5588300228118896,0.8968139514327049
5981,0.057382818311452866,0.27123069763183594,0.5206471085548401,0.8492606244981289
5982,0.07771088927984238,0.3881450891494751,0.7300336956977844,1.195889674127102
5983,0.054928284138441086,0.26814210414886475,0.5663276314735413,0.8893980197608471
5984,0.0521102175116539,0.23315715789794922,0.5067338347434998,0.7920012101531029
5985,0.03770517185330391,0.20247294008731842,0.41377976536750793,0.6539578773081303
5986,0.07290919125080109,0.28766390681266785,0.5557515025138855,0.9163246005773544
5987,0.06589428335428238,0.2899712920188904,0.5460910201072693,0.901956595480442
5988,0.03743226081132889,0.18874770402908325,0.38231921195983887,0.608499176800251
5989,0.06779088824987411,0.34310537576675415,0.5974391102790833,1.0083353742957115
5990,0.0638367235660553,0.33282777667045593,0.5888174176216125,0.9854819178581238
5991,0.05240750312805176,0.23103882372379303,0.47761890292167664,0.7610652297735214
5992,0.05931485816836357,0.3453635573387146,0.6556388735771179,1.060317289084196
5993,0.07463707029819489,0.35679692029953003,0.6166766285896301,1.048110619187355
5994,0.03764919936656952,0.16785483062267303,0.44936564564704895,0.6548696756362915
5995,0.05286429077386856,0.26063960790634155,0.5288754105567932,0.8423793092370033
5996,0.04249012470245361,0.20650479197502136,0.49258139729499817,0.7415763139724731
5997,0.0604906864464283,0.2471957951784134,0.5309285521507263,0.838615033775568
5998,0.09319561719894409,0.4187449812889099,0.7573068737983704,1.2692474722862244
5999,0.045123618096113205,0.20433242619037628,0.4713221490383148,0.7207781933248043
6000,0.044234540313482285,0.28214824199676514,0.5938795804977417,0.9202623628079891
6001,0.06225956231355667,0.28569355607032776,0.5478524565696716,0.8958055749535561
6002,0.05542391166090965,0.2504313290119171,0.5589535236358643,0.864808764308691
6003,0.058244481682777405,0.27063247561454773,0.46705934405326843,0.7959363013505936
6004,0.061305973678827286,0.34092000126838684,0.5487450361251831,0.9509710110723972
6005,0.07326463609933853,0.3767401874065399,0.6301952004432678,1.0802000239491463
6006,0.05794118344783783,0.3891412615776062,0.6550955176353455,1.1021779626607895
6007,0.051628075540065765,0.3113226592540741,0.6163251399993896,0.9792758747935295
6008,0.05536571890115738,0.29149341583251953,0.5525788068771362,0.8994379416108131
6009,0.05129757151007652,0.26702266931533813,0.5832864046096802,0.9016066454350948
6010,0.08684249967336655,0.37341228127479553,0.6677514314651489,1.128006212413311
6011,0.04346058890223503,0.19798393547534943,0.540606677532196,0.7820512019097805
6012,0.06794784218072891,0.3040226399898529,0.629223108291626,1.0011935904622078
6013,0.05703248456120491,0.27223125100135803,0.5637906789779663,0.8930544145405293
6014,0.05130144953727722,0.3085678219795227,0.6221578121185303,0.9820270836353302
6015,0.058782756328582764,0.2663876414299011,0.5417220592498779,0.8668924570083618
6016,0.05230487138032913,0.2198639214038849,0.4573206901550293,0.7294894829392433
6017,0.05520342290401459,0.29226914048194885,0.6136608123779297,0.9611333757638931
6018,0.05569944903254509,0.26067981123924255,0.571310818195343,0.8876900784671307
6019,0.07186135649681091,0.3544818162918091,0.6687846183776855,1.0951277911663055
6020,0.05471586436033249,0.2565138041973114,0.5531966686248779,0.8644263371825218
6021,0.0571211539208889,0.21653008460998535,0.5178582072257996,0.7915094457566738
6022,0.07444322854280472,0.36314600706100464,0.6949169635772705,1.1325061991810799
6023,0.053162939846515656,0.23462805151939392,0.5559182167053223,0.8437092080712318
6024,0.0890209972858429,0.28646013140678406,0.5788031220436096,0.9542842507362366
6025,0.05620349943637848,0.27157101035118103,0.572051465511322,0.8998259752988815
6026,0.08030690997838974,0.3157860040664673,0.5938061475753784,0.9898990616202354
6027,0.0569336973130703,0.28238847851753235,0.5044469237327576,0.8437690995633602
6028,0.05457863211631775,0.2620801031589508,0.49451762437820435,0.8111763596534729
6029,0.05826761573553085,0.24564988911151886,0.5007784962654114,0.8046960011124611
6030,0.05707354098558426,0.29112207889556885,0.5682618021965027,0.9164574220776558
6031,0.07670902460813522,0.327998548746109,0.6115993857383728,1.016306959092617
6032,0.04980955645442009,0.1888498067855835,0.48465511202812195,0.7233144752681255
6033,0.05268588289618492,0.24197641015052795,0.5511975288391113,0.8458598218858242
6034,0.05901576578617096,0.30016371607780457,0.5545693039894104,0.9137487858533859
6035,0.06003211811184883,0.27696338295936584,0.5500463247299194,0.8870418258011341
6036,0.04600702226161957,0.2237321436405182,0.5473763346672058,0.8171155005693436
6037,0.05103211849927902,0.2586408853530884,0.5397363305091858,0.8494093343615532
6038,0.06305564939975739,0.29186001420021057,0.5687135457992554,0.9236292093992233
6039,0.05679113417863846,0.27110788226127625,0.49409106373786926,0.821990080177784
6040,0.0676024779677391,0.3532867133617401,0.6254016160964966,1.0462908074259758
6041,0.05460551008582115,0.24915887415409088,0.5251020193099976,0.8288664035499096
6042,0.06461097300052643,0.30152562260627747,0.6137698292732239,0.9799064248800278
6043,0.061057645827531815,0.32809075713157654,0.6434725522994995,1.0326209552586079
6044,0.05090261995792389,0.2264281064271927,0.542194664478302,0.8195253908634186
6045,0.06698156893253326,0.2946179509162903,0.5965797901153564,0.95817930996418
6046,0.05528628081083298,0.2320510894060135,0.534739077091217,0.8220764473080635
6047,0.07771807163953781,0.34228208661079407,0.6613534688949585,1.0813536271452904
6048,0.06394242495298386,0.3158610761165619,0.627894937992096,1.0076984390616417
6049,0.05658004432916641,0.2673830986022949,0.5309650897979736,0.854928232729435
6050,0.06544534862041473,0.30435580015182495,0.5539705157279968,0.9237716645002365
6051,0.04367627203464508,0.16441626846790314,0.3992457389831543,0.6073382794857025
6052,0.07268478721380234,0.34144487977027893,0.6293039917945862,1.0434336587786674
6053,0.04760663956403732,0.23076438903808594,0.5057665705680847,0.784137599170208
6054,0.06295574456453323,0.2783820629119873,0.576404333114624,0.9177421405911446
6055,0.06635713577270508,0.2788647711277008,0.6563001871109009,1.0015220940113068
6056,0.06059147045016289,0.2884909212589264,0.5692541599273682,0.9183365516364574
6057,0.04332037270069122,0.195240780711174,0.4723735749721527,0.7109347283840179
6058,0.041871413588523865,0.21228548884391785,0.5050350427627563,0.7591919451951981
6059,0.0451350174844265,0.20014217495918274,0.4973382353782654,0.7426154278218746
6060,0.07659494131803513,0.3177473545074463,0.655231237411499,1.0495735332369804
6061,0.05939573049545288,0.286746084690094,0.5604759454727173,0.9066177606582642
6062,0.057406701147556305,0.24829690158367157,0.5423086881637573,0.8480122908949852
6063,0.05902532488107681,0.28571662306785583,0.5468542575836182,0.8915962055325508
6064,0.04410802200436592,0.20764388144016266,0.44299444556236267,0.6947463490068913
6065,0.0703275203704834,0.3603367805480957,0.6762710809707642,1.1069353818893433
6066,0.05471283569931984,0.2529229521751404,0.5770037174224854,0.8846395052969456
6067,0.05501440539956093,0.2895415127277374,0.6448379755020142,0.9893938936293125
6068,0.04931472986936569,0.22550445795059204,0.5687219500541687,0.8435411378741264
6069,0.06433669477701187,0.2959904074668884,0.6401230692863464,1.0004501715302467
6070,0.060141630470752716,0.3751002848148346,0.7212473750114441,1.1564892902970314
6071,0.07487829029560089,0.35791170597076416,0.7104988694190979,1.143288865685463
6072,0.053973663598299026,0.25039005279541016,0.5572552680969238,0.861618984490633
6073,0.04740085452795029,0.23938195407390594,0.533913791179657,0.8206965997815132
6074,0.060650166124105453,0.29281002283096313,0.5468635559082031,0.9003237448632717
6075,0.05696350336074829,0.3282696306705475,0.6676139235496521,1.0528470575809479
6076,0.060857899487018585,0.29527634382247925,0.6347652673721313,0.9908995106816292
6077,0.07062601298093796,0.252910852432251,0.5932791829109192,0.9168160483241081
6078,0.0551634281873703,0.2917558550834656,0.5840089917182922,0.9309282749891281
6079,0.04422805458307266,0.21983294188976288,0.5117580890655518,0.7758190855383873
6080,0.057670317590236664,0.24370837211608887,0.5868175625801086,0.8881962522864342
6081,0.07010728865861893,0.3110129237174988,0.5610957145690918,0.9422159269452095
6082,0.050708841532468796,0.23289519548416138,0.5316178202629089,0.8152218572795391
6083,0.05984057858586311,0.31094080209732056,0.5871726274490356,0.9579540081322193
6084,0.061652060598134995,0.30067548155784607,0.5809439420700073,0.9432714842259884
6085,0.07837183773517609,0.4232962429523468,0.7615892887115479,1.2632573693990707
6086,0.05404375493526459,0.20198187232017517,0.39485031366348267,0.6508759409189224
6087,0.05963321402668953,0.27390164136886597,0.5364152789115906,0.8699501343071461
6088,0.059022460132837296,0.25878700613975525,0.5157027244567871,0.8335121907293797
6089,0.04697734862565994,0.21976067125797272,0.4533941149711609,0.7201321348547935
6090,0.06460808962583542,0.33976778388023376,0.6070685386657715,1.0114444121718407
6091,0.06814402341842651,0.3877297043800354,0.7188437581062317,1.1747174859046936
6092,0.06366842240095139,0.32671859860420227,0.651401698589325,1.0417887195944786
6093,0.07829607278108597,0.34649303555488586,0.6294141411781311,1.054203249514103
6094,0.04701423645019531,0.21306045353412628,0.4734456539154053,0.7335203438997269
6095,0.04390399530529976,0.2127792090177536,0.5121281743049622,0.7688113786280155
6096,0.07331372052431107,0.2613317370414734,0.5530222058296204,0.8876676633954048
6097,0.05110209435224533,0.26858803629875183,0.5579507946968079,0.877640925347805
6098,0.0628826841711998,0.3209473192691803,0.6402794718742371,1.0241094753146172
6099,0.05272972956299782,0.3244914710521698,0.6409134268760681,1.0181346274912357
6100,0.07785078138113022,0.3677452504634857,0.6716340184211731,1.117230050265789
6101,0.05261524021625519,0.2408560812473297,0.5042567253112793,0.7977280467748642
6102,0.04210950806736946,0.18207432329654694,0.4168166220188141,0.6410004533827305
6103,0.054210349917411804,0.21001090109348297,0.4638279378414154,0.7280491888523102
6104,0.046348150819540024,0.2103053331375122,0.5288330912590027,0.7854865752160549
6105,0.036089733242988586,0.16762253642082214,0.49159228801727295,0.6953045576810837
6106,0.061353493481874466,0.24549196660518646,0.5151919722557068,0.8220374323427677
6107,0.0746588259935379,0.3637832999229431,0.6508018970489502,1.0892440229654312
6108,0.056360360234975815,0.26539143919944763,0.5653895139694214,0.8871413134038448
6109,0.056451767683029175,0.268670916557312,0.5831471085548401,0.9082697927951813
6110,0.05377611517906189,0.23622636497020721,0.522443413734436,0.8124458938837051
6111,0.06459319591522217,0.2610189914703369,0.5638058185577393,0.8894180059432983
6112,0.04973413795232773,0.2085151970386505,0.5142812132835388,0.7725305482745171
6113,0.05208094045519829,0.35958197712898254,0.7036606669425964,1.1153235845267773
6114,0.042903754860162735,0.17967745661735535,0.4450237452983856,0.6676049567759037
6115,0.05666927993297577,0.22458569705486298,0.5000144243240356,0.7812694013118744
6116,0.0708119124174118,0.3608134686946869,0.6533704996109009,1.0849958807229996
6117,0.0656200647354126,0.23166927695274353,0.4882124662399292,0.7855018079280853
6118,0.07736412435770035,0.33803510665893555,0.7117930054664612,1.127192236483097
6119,0.04893116280436516,0.2292861044406891,0.5316716432571411,0.8098889105021954
6120,0.04397745430469513,0.20317807793617249,0.46408751606941223,0.7112430483102798
6121,0.06321527063846588,0.3351719379425049,0.6544575691223145,1.0528447777032852
6122,0.05461699888110161,0.30556660890579224,0.4452291429042816,0.8054127506911755
6123,0.05142829567193985,0.20587363839149475,0.5172621607780457,0.7745640948414803
6124,0.07150381803512573,0.2771144509315491,0.574903130531311,0.9235213994979858
6125,0.03749944269657135,0.17496152222156525,0.4909292757511139,0.7033902406692505
6126,0.05694128945469856,0.2788265645503998,0.5355284810066223,0.8712963350117207
6127,0.04984274506568909,0.22722797095775604,0.5500194430351257,0.8270901590585709
6128,0.061559319496154785,0.2470986545085907,0.5616908669471741,0.8703488409519196
6129,0.05012200400233269,0.2462298721075058,0.5755982398986816,0.8719501160085201
6130,0.05200748145580292,0.2477462887763977,0.5183576941490173,0.818111464381218
6131,0.07276961207389832,0.297017902135849,0.6475740671157837,1.017361581325531
6132,0.049063414335250854,0.2890997529029846,0.7055832743644714,1.043746441602707
6133,0.0780533030629158,0.3712146282196045,0.7111104726791382,1.1603784039616585
6134,0.06514038145542145,0.22390784323215485,0.5411659479141235,0.8302141726016998
6135,0.052666839212179184,0.2248004972934723,0.5299593806266785,0.8074267171323299
6136,0.0628046989440918,0.33950668573379517,0.6368215680122375,1.0391329526901245
6137,0.053405679762363434,0.27253255248069763,0.5585013031959534,0.8844395354390144
6138,0.055666156113147736,0.26034072041511536,0.5202178955078125,0.8362247720360756
6139,0.0754801332950592,0.3709498643875122,0.7295804023742676,1.176010400056839
6140,0.05306965485215187,0.25475260615348816,0.5659251809120178,0.8737474419176579
6141,0.050911031663417816,0.22449256479740143,0.5064662098884583,0.7818698063492775
6142,0.03624196723103523,0.19461539387702942,0.413443386554718,0.6443007476627827
6143,0.07130628079175949,0.2782909572124481,0.5554200410842896,0.9050172790884972
6144,0.06445598602294922,0.27939125895500183,0.5457977056503296,0.8896449506282806
6145,0.03665434941649437,0.18127363920211792,0.38216543197631836,0.6000934205949306
6146,0.06565000861883163,0.3310595154762268,0.5970138311386108,0.9937233552336693
6147,0.06157783046364784,0.3189156651496887,0.5885201692581177,0.9690136648714542
6148,0.05067421495914459,0.22197581827640533,0.4774252474308014,0.7500752806663513
6149,0.057085566222667694,0.32951420545578003,0.6553210020065308,1.0419207736849785
6150,0.07253234088420868,0.3397170901298523,0.6161519885063171,1.0284014195203781
6151,0.0367526076734066,0.15981970727443695,0.44916248321533203,0.6457347981631756
6152,0.051459744572639465,0.24892975389957428,0.5284513235092163,0.82884082198143
6153,0.040644410997629166,0.19294533133506775,0.49228426814079285,0.7258740104734898
6154,0.05855270102620125,0.23670615255832672,0.5306370854377747,0.8258959390223026
6155,0.09050194919109344,0.40665915608406067,0.7569491267204285,1.2541102319955826
6156,0.0439324714243412,0.19695155322551727,0.4712521433830261,0.7121361680328846
6157,0.04311296343803406,0.2705114483833313,0.5935848355293274,0.9072092473506927
6158,0.06055370718240738,0.27425476908683777,0.547660768032074,0.8824692443013191
6159,0.05357716977596283,0.23803509771823883,0.5588182806968689,0.8504305481910706
6160,0.056375227868556976,0.2590254545211792,0.46686217188835144,0.7822628542780876
6161,0.0594792403280735,0.3243797719478607,0.5483167767524719,0.9321757890284061
6162,0.07092247158288956,0.35895031690597534,0.6298311352729797,1.0597039237618446
6163,0.05639495700597763,0.3707472085952759,0.6544765830039978,1.0816187486052513
6164,0.0494958870112896,0.2964651584625244,0.615845263004303,0.961806308478117
6165,0.0539662204682827,0.27879598736763,0.552054762840271,0.8848169706761837
6166,0.05023942515254021,0.25803911685943604,0.5830609798431396,0.8913395218551159
6167,0.08401261270046234,0.3616505265235901,0.6673448085784912,1.1130079478025436
6168,0.042216088622808456,0.19079698622226715,0.5405148863792419,0.7735279612243176
6169,0.06638166308403015,0.2935260534286499,0.6289575695991516,0.9888652861118317
6170,0.055606164038181305,0.26231199502944946,0.5635871291160583,0.8815052881836891
6171,0.04981197789311409,0.295369952917099,0.6217502951622009,0.966932225972414
6172,0.05725011229515076,0.25466492772102356,0.5414371490478516,0.8533521890640259
6173,0.051249779760837555,0.21023648977279663,0.45711520314216614,0.7186014726758003
6174,0.05377136170864105,0.27917101979255676,0.6131203770637512,0.946062758564949
6175,0.053769826889038086,0.25061777234077454,0.5709568858146667,0.8753444850444794
6176,0.07016684859991074,0.3435536324977875,0.6683680415153503,1.0820885226130486
6177,0.05314386636018753,0.24535982310771942,0.5528498291969299,0.8513535186648369
6178,0.05613502860069275,0.2081124633550644,0.5177126526832581,0.7819601446390152
6179,0.07265754789113998,0.3501743972301483,0.6944953799247742,1.1173273250460625
6180,0.05147124081850052,0.226351797580719,0.5556831359863281,0.8335061743855476
6181,0.0824897289276123,0.27380162477493286,0.5784165859222412,0.9347079396247864
6182,0.05460568144917488,0.2626732289791107,0.5718014240264893,0.8890803344547749
6183,0.07770971208810806,0.3051150143146515,0.5934225916862488,0.9762473180890083
6184,0.055327292531728745,0.27235814929008484,0.5041218996047974,0.831807341426611
6185,0.05339839681982994,0.2531859874725342,0.4943469762802124,0.8009313605725765
6186,0.056582603603601456,0.23509101569652557,0.5005281567573547,0.7922017760574818
6187,0.05574081465601921,0.2798227071762085,0.5681135654449463,0.903677087277174
6188,0.07505334913730621,0.31830036640167236,0.6114253401756287,1.0047790557146072
6189,0.048444222658872604,0.18101078271865845,0.48448318243026733,0.7139381878077984
6190,0.05118343606591225,0.2348298281431198,0.5510703921318054,0.8370836563408375
6191,0.0577668771147728,0.2934616208076477,0.5543577671051025,0.905586265027523
6192,0.05836250260472298,0.268064022064209,0.5497850179672241,0.8762115426361561
6193,0.04471353068947792,0.2150345742702484,0.5470898747444153,0.8068379797041416
6194,0.04964156821370125,0.24938760697841644,0.5394476056098938,0.8384767808020115
6195,0.061549972742795944,0.2810448706150055,0.5683107376098633,0.9109055809676647
6196,0.054965246468782425,0.2600860893726349,0.4937215745449066,0.8087729103863239
6197,0.06599608808755875,0.3385789096355438,0.6250523328781128,1.0296273306012154
6198,0.053114838898181915,0.23980745673179626,0.5247548818588257,0.8176771774888039
6199,0.06288377940654755,0.29031771421432495,0.6134854555130005,0.966686949133873
6200,0.059737905859947205,0.3191027343273163,0.6432045698165894,1.0220452100038528
6201,0.049696728587150574,0.21675238013267517,0.541911780834198,0.8083608895540237
6202,0.06447278708219528,0.2863656282424927,0.5962184071540833,0.9470568224787712
6203,0.05376996472477913,0.22488367557525635,0.5345113277435303,0.8131649680435658
6204,0.07609439641237259,0.3310796916484833,0.6609068512916565,1.0680809393525124
6205,0.06189035624265671,0.30648672580718994,0.6275487542152405,0.9959258362650871
6206,0.05491672828793526,0.2568676173686981,0.5306006669998169,0.8423850126564503
6207,0.0641130581498146,0.2923659086227417,0.5536485910415649,0.9101275578141212
6208,0.04210679233074188,0.15392176806926727,0.39891111850738525,0.5949396789073944
6209,0.07117495685815811,0.3288085460662842,0.628970742225647,1.0289542451500893
6210,0.04611380770802498,0.22065097093582153,0.5055886507034302,0.7723534293472767
6211,0.061430368572473526,0.26844313740730286,0.5761141777038574,0.9059876836836338
6212,0.0650600716471672,0.2682659924030304,0.6559903621673584,0.989316426217556
6213,0.058884162455797195,0.2778942286968231,0.5690920352935791,0.9058704264461994
6214,0.04219625145196915,0.18782542645931244,0.47225603461265564,0.7022777125239372
6215,0.040819842368364334,0.20328588783740997,0.5048160552978516,0.7489217855036259
6216,0.04418189078569412,0.19243407249450684,0.49707329273223877,0.7336892560124397
6217,0.07451094686985016,0.3081287741661072,0.6548677086830139,1.0375074297189713
6218,0.05794399976730347,0.2784905433654785,0.5601488947868347,0.8965834379196167
6219,0.05589267984032631,0.236576110124588,0.5419067144393921,0.8343755044043064
6220,0.057276416569948196,0.27296188473701477,0.5463463068008423,0.8765846081078053
6221,0.04212377965450287,0.19804395735263824,0.4427768886089325,0.6829446256160736
6222,0.06865828484296799,0.3452281653881073,0.675809919834137,1.0896963700652122
6223,0.05343552306294441,0.24302305281162262,0.5767381191253662,0.8731966949999332
6224,0.054122596979141235,0.28073588013648987,0.6445574164390564,0.9794158935546875
6225,0.0480976328253746,0.21815955638885498,0.5685003399848938,0.8347575291991234
6226,0.0630742758512497,0.28597795963287354,0.6397611498832703,0.9888133853673935
6227,0.058857932686805725,0.36273473501205444,0.720809817314148,1.1424024850130081
6228,0.07358018308877945,0.34553849697113037,0.7099461555480957,1.1290648356080055
6229,0.052979882806539536,0.24199075996875763,0.556966245174408,0.8519368879497051
6230,0.04644395411014557,0.2314995378255844,0.5336882472038269,0.8116317391395569
6231,0.059112850576639175,0.2840885519981384,0.5464766621589661,0.8896780647337437
6232,0.0556635782122612,0.31832295656204224,0.66740882396698,1.0413953587412834
6233,0.05887279286980629,0.28380537033081055,0.6346099972724915,0.9772881604731083
6234,0.06847872585058212,0.24385395646095276,0.593093752861023,0.9054264351725578
6235,0.05397820100188255,0.2834112048149109,0.5837796926498413,0.9211690984666348
6236,0.043218065053224564,0.21301349997520447,0.5115156769752502,0.7677472420036793
6237,0.05625592917203903,0.23569874465465546,0.5865870714187622,0.8785417452454567
6238,0.06836169958114624,0.30288586020469666,0.5606627464294434,0.9319103062152863
6239,0.04934391379356384,0.22464649379253387,0.5313720703125,0.8053624778985977
6240,0.058245688676834106,0.30165359377861023,0.5867859721183777,0.946685254573822
6241,0.059659238904714584,0.2889555096626282,0.5804969668388367,0.9291117154061794
6242,0.07604669779539108,0.4053018093109131,0.7611210346221924,1.2424695417284966
6243,0.052132125943899155,0.19235488772392273,0.3944997787475586,0.6389867924153805
6244,0.057672590017318726,0.26166123151779175,0.5360714197158813,0.8554052412509918
6245,0.05727029964327812,0.24935103952884674,0.5153491497039795,0.8219704888761044
6246,0.04583989456295967,0.2120814174413681,0.453136682510376,0.7110579945147038
6247,0.06312509626150131,0.32866090536117554,0.6067850589752197,0.9985710605978966
6248,0.0666423961520195,0.3769519627094269,0.7183581590652466,1.161952517926693
6249,0.06218160688877106,0.31566041707992554,0.6509718894958496,1.0288139134645462
6250,0.07681968063116074,0.33754369616508484,0.6291183233261108,1.0434817001223564
6251,0.045749880373477936,0.2052665799856186,0.47309014201164246,0.724106602370739
6252,0.04304027557373047,0.2045053094625473,0.5119182467460632,0.759463831782341
6253,0.071384496986866,0.25127333402633667,0.5526682138442993,0.875326044857502
6254,0.04988199844956398,0.2585926949977875,0.5577555894851685,0.8662302829325199
6255,0.06159437447786331,0.31165263056755066,0.6400538682937622,1.0133008733391762
6256,0.051807548850774765,0.3158780336380005,0.6405800580978394,1.0082656405866146
6257,0.07607509195804596,0.36007964611053467,0.6713192462921143,1.1074739843606949
6258,0.05147605761885643,0.23491324484348297,0.5040384531021118,0.7904277555644512
6259,0.041269849985837936,0.17613521218299866,0.41659486293792725,0.6339999251067638
6260,0.0531575009226799,0.20430070161819458,0.4636358320713043,0.7210940346121788
6261,0.04529407247900963,0.20414449274539948,0.528631329536438,0.7780698947608471
6262,0.03540479391813278,0.16118071973323822,0.4914382994174957,0.6880238130688667
6263,0.06004306674003601,0.2360312044620514,0.5148947834968567,0.8109690546989441
6264,0.0733085498213768,0.3529774248600006,0.6504806280136108,1.0767666026949883
6265,0.05521802231669426,0.25520390272140503,0.5651235580444336,0.8755454830825329
6266,0.055518802255392075,0.2584381401538849,0.5829364061355591,0.896893348544836
6267,0.05233814939856529,0.22794127464294434,0.5221285223960876,0.8024079464375973
6268,0.06324075907468796,0.25359830260276794,0.5635501146316528,0.8803891763091087
6269,0.04845035821199417,0.20090404152870178,0.5139817595481873,0.7633361592888832
6270,0.05092277377843857,0.34945163130760193,0.7033059597015381,1.1036803647875786
6271,0.04146400839090347,0.1727018803358078,0.4447794258594513,0.6589453145861626
6272,0.05526748672127724,0.21628186106681824,0.4998365044593811,0.7713858522474766
6273,0.06933563202619553,0.3508717119693756,0.6530133485794067,1.0732206925749779
6274,0.06400588154792786,0.224909707903862,0.48795443773269653,0.7768700271844864
6275,0.07561179995536804,0.3276963233947754,0.7114663124084473,1.1147744357585907
6276,0.04797748476266861,0.222880557179451,0.5314527153968811,0.8023107573390007
6277,0.04285664111375809,0.19682638347148895,0.4639227092266083,0.7036057338118553
6278,0.06223564222455025,0.3276488482952118,0.6541690826416016,1.0440535731613636
6279,0.05326661840081215,0.29936838150024414,0.4452359676361084,0.7978709675371647
6280,0.05050727725028992,0.19903330504894257,0.517112672328949,0.7666532546281815
6281,0.07045389711856842,0.26898372173309326,0.5746825933456421,0.9141202121973038
6282,0.03641144558787346,0.1686040461063385,0.4908002018928528,0.6958156935870647
6283,0.055636607110500336,0.27201560139656067,0.5352059602737427,0.8628581687808037
6284,0.04889683052897453,0.22025321424007416,0.5498153567314148,0.8189654015004635
6285,0.06031356751918793,0.2402653694152832,0.5615350008010864,0.8621139377355576
6286,0.04918501526117325,0.23853716254234314,0.575428307056427,0.8631504848599434
6287,0.05098656564950943,0.24076581001281738,0.5181704759597778,0.8099228516221046
6288,0.07088626176118851,0.28962960839271545,0.6472973823547363,1.0078132525086403
6289,0.04756517708301544,0.2804092466831207,0.7053709626197815,1.0333453863859177
6290,0.07640168815851212,0.36234936118125916,0.7107944488525391,1.1495454981923103
6291,0.06358224898576736,0.21599961817264557,0.5409572720527649,0.8205391392111778
6292,0.05129026249051094,0.21705453097820282,0.5297850966453552,0.798129890114069
6293,0.06140927970409393,0.3311592936515808,0.6365697979927063,1.029138371348381
6294,0.05212840065360069,0.26359233260154724,0.5582498908042908,0.8739706240594387
6295,0.05432302504777908,0.2515435218811035,0.5199047327041626,0.8257712796330452
6296,0.07372546195983887,0.3560165464878082,0.729191780090332,1.1589337885379791
6297,0.0515817254781723,0.244363933801651,0.5656390190124512,0.8615846782922745
6298,0.04991370067000389,0.2178942710161209,0.5063052773475647,0.7741132490336895
6299,0.03513208031654358,0.18779689073562622,0.4131571650505066,0.6360861361026764
6300,0.07010436058044434,0.2709360718727112,0.555189311504364,0.8962297439575195
6301,0.06329632550477982,0.2701948881149292,0.5455572605133057,0.8790484741330147
6302,0.03603222966194153,0.17456431686878204,0.38202717900276184,0.5926237255334854
6303,0.06393937766551971,0.3204103112220764,0.596649169921875,0.9809988588094711
6304,0.05979739874601364,0.30735206604003906,0.5882994532585144,0.9554489180445671
6305,0.04921497777104378,0.21432729065418243,0.4772549569606781,0.7407972253859043
6306,0.055367548018693924,0.3166186213493347,0.6550708413124084,1.027057010680437
6307,0.07093709707260132,0.3263069689273834,0.6157923936843872,1.013036459684372
6308,0.035987939685583115,0.15369968116283417,0.4489978551864624,0.6386854760348797
6309,0.05035290867090225,0.23942068219184875,0.5281133651733398,0.8178869560360909
6310,0.03928963467478752,0.1823597252368927,0.49204787611961365,0.7136972360312939
6311,0.05692523345351219,0.22773179411888123,0.5303941965103149,0.8150512240827084
6312,0.0883149728178978,0.3959324061870575,0.7566473484039307,1.240894727408886
6313,0.04297473281621933,0.1901375949382782,0.47119659185409546,0.704308919608593
6314,0.04215565323829651,0.26047590374946594,0.5933476686477661,0.8959792256355286
6315,0.05905356630682945,0.2636248767375946,0.5474751591682434,0.8701536022126675
6316,0.052058711647987366,0.22665700316429138,0.5586962103843689,0.8374119251966476
6317,0.05473664402961731,0.2478940188884735,0.46666502952575684,0.7692956924438477
6318,0.057875849306583405,0.3090837597846985,0.5479493737220764,0.9149089828133583
6319,0.06884502619504929,0.3429582417011261,0.6295221447944641,1.0413254126906395
6320,0.05516628175973892,0.3542220890522003,0.6539401412010193,1.0633285120129585
6321,0.04781322553753853,0.28347253799438477,0.6154298782348633,0.9467156417667866
6322,0.05275816470384598,0.26809564232826233,0.5516030192375183,0.8724568262696266
6323,0.04931126907467842,0.2499515414237976,0.5828834772109985,0.8821462877094746
6324,0.08173124492168427,0.3519006371498108,0.66703200340271,1.100663885474205
6325,0.041175201535224915,0.1844521462917328,0.5404312610626221,0.7660586088895798
6326,0.06509412080049515,0.28471219539642334,0.6287553310394287,0.9785616472363472
6327,0.054433997720479965,0.2536298632621765,0.5634030103683472,0.8714668713510036
6328,0.04864174872636795,0.2850608825683594,0.6215212345123291,0.9552238658070564
6329,0.056037772446870804,0.24436312913894653,0.5412073135375977,0.841608215123415
6330,0.05034942179918289,0.2026713490486145,0.4569433629512787,0.7099641337990761
6331,0.05265272408723831,0.2681644558906555,0.6126856207847595,0.9335028007626534
6332,0.052330005913972855,0.24164047837257385,0.570707380771637,0.8646778650581837
6333,0.06885305792093277,0.33442866802215576,0.6680232286453247,1.0713049545884132
6334,0.051835816353559494,0.23580139875411987,0.552571177482605,0.8402083925902843
6335,0.05519169196486473,0.20122946798801422,0.5175929665565491,0.774014126509428
6336,0.07118618488311768,0.3397800028324127,0.6941929459571838,1.1051591336727142
6337,0.04999195784330368,0.21973372995853424,0.5554846525192261,0.825210340321064
6338,0.07770292460918427,0.26401349902153015,0.5781013369560242,0.9198177605867386
6339,0.05324029177427292,0.2555754780769348,0.5715846419334412,0.8804004117846489
6340,0.07554715126752853,0.2960405945777893,0.5931326150894165,0.9647203609347343
6341,0.0541054792702198,0.26335635781288147,0.5038215517997742,0.8212833888828754
6342,0.05234343931078911,0.24548624455928802,0.49420616030693054,0.7920358441770077
6343,0.05518229678273201,0.2261468917131424,0.500312864780426,0.7816420532763004
6344,0.05453822389245033,0.26967954635620117,0.5679736137390137,0.8921913839876652
6345,0.07364059239625931,0.3096677362918854,0.6112582087516785,0.9945665374398232
6346,0.04732218757271767,0.17428454756736755,0.4843306243419647,0.7059373594820499
6347,0.04987242817878723,0.228906512260437,0.5509210824966431,0.8297000229358673
6348,0.056742411106824875,0.28781893849372864,0.5541605353355408,0.8987218849360943
6349,0.056907329708337784,0.2604725658893585,0.5495654344558716,0.8669453300535679
6350,0.04366564378142357,0.20774424076080322,0.5468676686286926,0.7982775531709194
6351,0.04845393821597099,0.2409684658050537,0.5391938090324402,0.8286162130534649
6352,0.06026056781411171,0.271392822265625,0.5679448246955872,0.8995982147753239
6353,0.05338986963033676,0.25012752413749695,0.49338650703430176,0.7969039008021355
6354,0.06464748084545135,0.3254776895046234,0.624750018119812,1.0148751884698868
6355,0.05177691951394081,0.2316993921995163,0.5244374871253967,0.8079137988388538
6356,0.06145544350147247,0.2809543311595917,0.6132354140281677,0.9556451886892319
6357,0.058623235672712326,0.3112589120864868,0.6429631114006042,1.0128452591598034
6358,0.04868120700120926,0.20907047390937805,0.5416979789733887,0.799449659883976
6359,0.06248743087053299,0.2790793478488922,0.595933198928833,0.9374999776482582
6360,0.05255446583032608,0.21869124472141266,0.5343449711799622,0.8055906817317009
6361,0.0748227909207344,0.321549654006958,0.660539448261261,1.0569118931889534
6362,0.060249924659729004,0.2988983690738678,0.6273126006126404,0.9864608943462372
6363,0.053515732288360596,0.24836726486682892,0.5302830338478088,0.8321660310029984
6364,0.06300774216651917,0.28254902362823486,0.5533590316772461,0.8989157974720001
6365,0.040849488228559494,0.14611034095287323,0.3986698091030121,0.5856296382844448
6366,0.07004371285438538,0.31850916147232056,0.6286241412162781,1.017177015542984
6367,0.04485365003347397,0.21240608394145966,0.5054324269294739,0.7626921609044075
6368,0.060145266354084015,0.26025980710983276,0.5758936405181885,0.8962987139821053
6369,0.06405586749315262,0.2595424950122833,0.6557247638702393,0.9793231263756752
6370,0.05753273516893387,0.26928141713142395,0.5689383149147034,0.8957524672150612
6371,0.04127185046672821,0.18174564838409424,0.47215020656585693,0.6951677054166794
6372,0.039959248155355453,0.19556653499603271,0.5046586394309998,0.7401844225823879
6373,0.04341060668230057,0.1855994462966919,0.49685147404670715,0.7258615270256996
6374,0.07278554886579514,0.30002596974372864,0.6545567512512207,1.0273682698607445
6375,0.056707970798015594,0.2714119255542755,0.5598548054695129,0.887974701821804
6376,0.054701488465070724,0.22728833556175232,0.5415544509887695,0.8235442750155926
6377,0.05580092966556549,0.261922150850296,0.5459645986557007,0.8636876791715622
6378,0.040559254586696625,0.19025513529777527,0.44261273741722107,0.673427127301693
6379,0.06715303659439087,0.3331105411052704,0.6754708290100098,1.075734406709671
6380,0.052285730838775635,0.23482275009155273,0.5765365362167358,0.8636450171470642
6381,0.05336035415530205,0.2735157012939453,0.6443100571632385,0.9711861126124859
6382,0.04712411016225815,0.21216294169425964,0.5683568716049194,0.8276439234614372
6383,0.06193862482905388,0.2777291238307953,0.639463484287262,0.9791312329471111
6384,0.057725511491298676,0.3522060513496399,0.7204252481460571,1.1303568109869957
6385,0.07252039015293121,0.3345172703266144,0.7094820141792297,1.1165196746587753
6386,0.05206053704023361,0.23412533104419708,0.5567020773887634,0.8428879454731941
6387,0.04561341181397438,0.22419433295726776,0.5334909558296204,0.8032987006008625
6388,0.057875651866197586,0.2761456370353699,0.5461581945419312,0.8801794834434986
6389,0.05453530326485634,0.30907246470451355,0.6672006249427795,1.0308083929121494
6390,0.05726863071322441,0.27389758825302124,0.6344884634017944,0.9656546823680401
6391,0.06666123121976852,0.23577186465263367,0.5929028391838074,0.8953359350562096
6392,0.05290960147976875,0.27613288164138794,0.5835861563682556,0.9126286394894123
6393,0.04238824546337128,0.207014262676239,0.5113221406936646,0.7607246488332748
6394,0.055081263184547424,0.22884446382522583,0.5863974094390869,0.8703231364488602
6395,0.06699661910533905,0.2960340678691864,0.5603688359260559,0.9233995229005814
6396,0.04821237921714783,0.21708503365516663,0.5311550498008728,0.7964524626731873
6397,0.056860290467739105,0.29355481266975403,0.5864746570587158,0.936889760196209
6398,0.058084357529878616,0.27890491485595703,0.5801506042480469,0.9171398766338825
6399,0.07416246831417084,0.3902515769004822,0.7607327103614807,1.2251467555761337
6400,0.0504731647670269,0.1841486394405365,0.3942091464996338,0.6288309507071972
6401,0.05609453096985817,0.25107789039611816,0.5358030200004578,0.8429754413664341
6402,0.05588681250810623,0.24211227893829346,0.5150800943374634,0.8130791857838631
6403,0.04488874971866608,0.2057504504919052,0.452926367521286,0.7035655677318573
6404,0.061901871114969254,0.3195846378803253,0.6065983772277832,0.9880848862230778
6405,0.06539647281169891,0.36770954728126526,0.7179813981056213,1.1510874181985855
6406,0.06103389337658882,0.30643704533576965,0.6506255269050598,1.0180964656174183
6407,0.07550916820764542,0.3296688497066498,0.6288531422615051,1.0340311601758003
6408,0.04464913159608841,0.19825346767902374,0.47278299927711487,0.715685598552227
6409,0.04229016974568367,0.19757795333862305,0.5117585062980652,0.7516266293823719
6410,0.06985615938901901,0.24321682751178741,0.5523861646652222,0.8654591515660286
6411,0.04887605831027031,0.24991047382354736,0.5575853586196899,0.8563718907535076
6412,0.060498930513858795,0.3038419783115387,0.6398651003837585,1.004206009209156
6413,0.05106903240084648,0.30860573053359985,0.640317976474762,0.9999927394092083
6414,0.07474981248378754,0.3535490930080414,0.671069324016571,1.0993682295084
6415,0.050479818135499954,0.229855477809906,0.5038700103759766,0.7842053063213825
6416,0.040499188005924225,0.17164866626262665,0.41641825437545776,0.6285661086440086
6417,0.05226035788655281,0.19952929019927979,0.46348848938941956,0.7152781374752522
6418,0.04445132240653038,0.19916681945323944,0.5284467339515686,0.7720648758113384
6419,0.03481663018465042,0.1559251993894577,0.49131640791893005,0.6820582374930382
6420,0.058970045298337936,0.22828008234500885,0.5146771669387817,0.8019272945821285
6421,0.07228405028581619,0.3439564108848572,0.6502279043197632,1.0664683654904366
6422,0.05428391695022583,0.24581143260002136,0.5649151802062988,0.865010529756546
6423,0.054745811969041824,0.24972639977931976,0.5827472805976868,0.8872194923460484
6424,0.051192302256822586,0.2211267203092575,0.5218567252159119,0.794175747781992
6425,0.062085527926683426,0.24738793075084686,0.5633569955825806,0.8728304542601109
6426,0.04746147617697716,0.1946660578250885,0.5137172937393188,0.7558448277413845
6427,0.04993028938770294,0.3411523103713989,0.703039288520813,1.0941218882799149
6428,0.04021434485912323,0.16697745025157928,0.444589763879776,0.6517815589904785
6429,0.05416916683316231,0.20911884307861328,0.4996715784072876,0.7629595883190632
6430,0.06805789470672607,0.3419833779335022,0.6527053713798523,1.0627466440200806
6431,0.06267078220844269,0.21885384619235992,0.4877518117427826,0.7692764401435852
6432,0.07404185086488724,0.31886225938796997,0.71122807264328,1.1041321828961372
6433,0.04719911888241768,0.2173430323600769,0.5312857627868652,0.7958279140293598
6434,0.04192325845360756,0.1916009485721588,0.46378687024116516,0.6973110772669315
6435,0.06149722635746002,0.3209904432296753,0.6539431810379028,1.0364308506250381
6436,0.05226488038897514,0.29432570934295654,0.44517719745635986,0.7917677871882915
6437,0.04970148205757141,0.19293147325515747,0.5169875621795654,0.7596205174922943
6438,0.06961090862751007,0.26241371035575867,0.5745010375976562,0.906525656580925
6439,0.03553168475627899,0.16320334374904633,0.49065977334976196,0.6893948018550873
6440,0.05461835861206055,0.26650816202163696,0.5349326133728027,0.8560591340065002
6441,0.0481063649058342,0.2145044207572937,0.5496571660041809,0.8122679516673088
6442,0.05915942043066025,0.23367919027805328,0.5614030361175537,0.8542416468262672
6443,0.048403505235910416,0.23235005140304565,0.575325608253479,0.8560791648924351
6444,0.05006823316216469,0.23490938544273376,0.5180100202560425,0.8029876388609409
6445,0.06930433958768845,0.28313902020454407,0.6470401287078857,0.9994834885001183
6446,0.04632300138473511,0.2728176414966583,0.705217182636261,1.0243578255176544
6447,0.07505081593990326,0.3549201488494873,0.7105154991149902,1.1404864639043808
6448,0.062201108783483505,0.20937974750995636,0.540761411190033,0.8123422674834728
6449,0.0502367801964283,0.2109408974647522,0.5296604037284851,0.7908380813896656
6450,0.06021123751997948,0.324014812707901,0.6363139748573303,1.0205400250852108
6451,0.05108792707324028,0.2558005154132843,0.5580341815948486,0.8649226240813732
6452,0.05320030078291893,0.24382828176021576,0.5196306109428406,0.8166591934859753
6453,0.0723494291305542,0.34392058849334717,0.7288861870765686,1.14515620470047
6454,0.05032389611005783,0.23633188009262085,0.5654150247573853,0.8520708009600639
6455,0.049072276800870895,0.21253156661987305,0.5061740279197693,0.7677778713405132
6456,0.034200914204120636,0.18185564875602722,0.41287851333618164,0.6289350762963295
6457,0.06909427046775818,0.2647899389266968,0.5549923777580261,0.8888765871524811
6458,0.06223638728260994,0.2625795900821686,0.5453745126724243,0.8701904900372028
6459,0.03549008071422577,0.16895264387130737,0.3818954527378082,0.5863381773233414
6460,0.062482476234436035,0.31119459867477417,0.5963371396064758,0.970014214515686
6461,0.058296218514442444,0.2974189817905426,0.5881370306015015,0.9438522309064865
6462,0.04793542996048927,0.2074996381998062,0.47709935903549194,0.7325344271957874
6463,0.05392739176750183,0.3051541745662689,0.6548082232475281,1.0138897895812988
6464,0.06948041170835495,0.31433865427970886,0.6154850721359253,0.9993041381239891
6465,0.03532271459698677,0.14727289974689484,0.4488224387168884,0.63141805306077
6466,0.04941385239362717,0.23133966326713562,0.5277998447418213,0.8085533604025841
6467,0.03818303346633911,0.17327268421649933,0.49185097217559814,0.7033066898584366
6468,0.05560244619846344,0.21993140876293182,0.5302203297615051,0.8057541847229004
6469,0.08660072088241577,0.38680601119995117,0.7564317584037781,1.229838490486145
6470,0.042139116674661636,0.1845899075269699,0.471140593290329,0.6978696174919605
6471,0.041312385350465775,0.25179579854011536,0.5931415557861328,0.8862497396767139
6472,0.05781787633895874,0.2544545531272888,0.5473276376724243,0.8596000671386719
6473,0.0506463423371315,0.21639510989189148,0.558575451374054,0.8256169036030769
6474,0.05338732898235321,0.23821288347244263,0.46646761894226074,0.7580678313970566
6475,0.05664672330021858,0.2954927086830139,0.5475950837135315,0.899734515696764
6476,0.06710920482873917,0.32861626148223877,0.6292677521705627,1.0249932184815407
6477,0.05409225448966026,0.3401656448841095,0.6534976959228516,1.0477555952966213
6478,0.04644062742590904,0.2714403569698334,0.6150787472724915,0.9329597316682339
6479,0.05173563212156296,0.25866350531578064,0.5511991381645203,0.8615982756018639
6480,0.04852360114455223,0.24296076595783234,0.5827292799949646,0.8742136470973492
6481,0.07979100942611694,0.3433251976966858,0.6667657494544983,1.089881956577301
6482,0.0403238944709301,0.17926251888275146,0.5403618812561035,0.7599482946097851
6483,0.06408171355724335,0.27754929661750793,0.6285958886146545,0.9702268987894058
6484,0.05349932983517647,0.24624952673912048,0.5632542967796326,0.8630031533539295
6485,0.04763868823647499,0.27654895186424255,0.6213417053222656,0.9455293454229832
6486,0.05506623908877373,0.2358483374118805,0.5410247445106506,0.8319393210113049
6487,0.049548469483852386,0.19615623354911804,0.45681455731391907,0.7025192603468895
6488,0.05175095051527023,0.2588208019733429,0.6122977137565613,0.9228694662451744
6489,0.051069844514131546,0.23413807153701782,0.5704955458641052,0.8557034619152546
6490,0.06770436465740204,0.3266538381576538,0.6677494645118713,1.0621076673269272
6491,0.05068520829081535,0.22767123579978943,0.5523306131362915,0.8306870572268963
6492,0.05439550057053566,0.19555926322937012,0.5174861550331116,0.7674409188330173
6493,0.06983280181884766,0.3311973810195923,0.6939569711685181,1.094987154006958
6494,0.04872453957796097,0.21406908333301544,0.5553035140037537,0.8180971369147301
6495,0.07392092794179916,0.25577452778816223,0.5778172016143799,0.9075126573443413
6496,0.05209258198738098,0.2493663877248764,0.5713355541229248,0.8727945238351822
6497,0.07371903210878372,0.2883141338825226,0.592892587184906,0.9549257531762123
6498,0.05299742519855499,0.25541651248931885,0.5035733580589294,0.8119872957468033
6499,0.05137642100453377,0.23901040852069855,0.4940972626209259,0.7844840921461582
6500,0.0540214441716671,0.21776649355888367,0.5001175403594971,0.7719054780900478
6501,0.053510017693042755,0.261270672082901,0.5678457617759705,0.8826264515519142
6502,0.07234426587820053,0.3019484281539917,0.6111000776290894,0.9853927716612816
6503,0.04634275287389755,0.16813646256923676,0.484201043844223,0.6986802592873573
6504,0.048729509115219116,0.22348438203334808,0.5507956743240356,0.8230095654726028
6505,0.05580738186836243,0.2827134132385254,0.5539242625236511,0.8924450576305389
6506,0.05567878112196922,0.2542964816093445,0.5493581891059875,0.8593334518373013
6507,0.042801689356565475,0.2016870677471161,0.5466567873954773,0.7911455444991589
6508,0.04735037684440613,0.23354396224021912,0.5389571189880371,0.8198514580726624
6509,0.05905383452773094,0.2632397413253784,0.5676420331001282,0.8899356089532375
6510,0.052074629813432693,0.24187779426574707,0.4930828809738159,0.7870353050529957
6511,0.06351341307163239,0.31404879689216614,0.62450110912323,1.0020633190870285
6512,0.05065236985683441,0.2245989292860031,0.5241857767105103,0.7994370758533478
6513,0.060306377708911896,0.27284619212150574,0.6130017638206482,0.9461543336510658
6514,0.05768800899386406,0.3046953082084656,0.6427479386329651,1.0051312558352947
6515,0.047836922109127045,0.20282386243343353,0.541569173336029,0.7922299578785896
6516,0.06065874919295311,0.27288421988487244,0.5956788659095764,0.929221834987402
6517,0.051571138203144073,0.2136547565460205,0.5342131853103638,0.7994390800595284
6518,0.07367738336324692,0.3133833706378937,0.6602106690406799,1.0472714230418205
6519,0.05889381840825081,0.292411208152771,0.6270891427993774,0.9783941693603992
6520,0.05239090695977211,0.24089211225509644,0.5300390720367432,0.8233220912516117
6521,0.061994824558496475,0.2744235396385193,0.5530879497528076,0.8895063139498234
6522,0.03981394320726395,0.1400996446609497,0.3984990119934082,0.5784125998616219
6523,0.06902777403593063,0.3099929690361023,0.6283779144287109,1.0073986575007439
6524,0.04387417808175087,0.20581361651420593,0.5053074955940247,0.7549952901899815
6525,0.059040095657110214,0.2533242106437683,0.5756887793540955,0.888053085654974
6526,0.0632941722869873,0.25251397490501404,0.6554857492446899,0.9712938964366913
6527,0.05636930838227272,0.2621863782405853,0.5688298940658569,0.887385580688715
6528,0.040395475924015045,0.17643307149410248,0.47204843163490295,0.6888769790530205
6529,0.03921610862016678,0.1889338195323944,0.5045276880264282,0.7326776161789894
6530,0.042728811502456665,0.17946575582027435,0.4966721534729004,0.7188667207956314
6531,0.07129333913326263,0.29269713163375854,0.6543005108833313,1.0182909816503525
6532,0.055548738688230515,0.26446762681007385,0.5595928430557251,0.8796092085540295
6533,0.05366317927837372,0.21889160573482513,0.5412733554840088,0.8138281404972076
6534,0.054569344967603683,0.2517639100551605,0.5456216335296631,0.8519548885524273
6535,0.03925541415810585,0.18338829278945923,0.44247278571128845,0.6651164926588535
6536,0.06576361507177353,0.3226877748966217,0.6752007007598877,1.063652090728283
6537,0.051317211240530014,0.2281007021665573,0.5763664841651917,0.855784397572279
6538,0.05273705720901489,0.2676893174648285,0.6440691947937012,0.9644955694675446
6539,0.04629793018102646,0.20709532499313354,0.5682030916213989,0.8215963467955589
6540,0.060782548040151596,0.2709426283836365,0.6392152309417725,0.9709404073655605
6541,0.056763216853141785,0.3434474468231201,0.7201018929481506,1.1203125566244125
6542,0.0715518370270729,0.3251628875732422,0.7091134786605835,1.1058282032608986
6543,0.051279615610837936,0.22770026326179504,0.556491494178772,0.835471373051405
6544,0.04486113786697388,0.2177390456199646,0.5333434343338013,0.7959436178207397
6545,0.05688557028770447,0.2694990932941437,0.5459024906158447,0.8722871541976929
6546,0.05350591242313385,0.30144742131233215,0.6670121550559998,1.0219654887914658
6547,0.055919013917446136,0.265415757894516,0.6343785524368286,0.9557133242487907
6548,0.06505728513002396,0.22911937534809113,0.5927538871765137,0.8869305476546288
6549,0.05196003243327141,0.2699420750141144,0.5834438800811768,0.9053459875285625
6550,0.0416085347533226,0.20199047029018402,0.5111368298530579,0.7547358348965645
6551,0.05410153046250343,0.2227586805820465,0.5862430930137634,0.8631033040583134
6552,0.06584998220205307,0.2900081276893616,0.56010901927948,0.9159671291708946
6553,0.047243546694517136,0.21060414612293243,0.5309517979621887,0.7887994907796383
6554,0.055659737437963486,0.28614941239356995,0.5862111449241638,0.9280202947556973
6555,0.05672924965620041,0.2698872983455658,0.5798547863960266,0.9064713343977928
6556,0.07257471978664398,0.3773079514503479,0.7604087591171265,1.2102914303541183
6557,0.049081847071647644,0.17709195613861084,0.3939545750617981,0.6201283782720566
6558,0.054701197892427444,0.2421485185623169,0.5355618596076965,0.8324115760624409
6559,0.054654866456985474,0.2360256165266037,0.5148270130157471,0.8055074959993362
6560,0.04407482594251633,0.20015078783035278,0.4527403712272644,0.6969659850001335
6561,0.06085943803191185,0.31187132000923157,0.6063718199729919,0.9791025780141354
6562,0.06434717029333115,0.36023035645484924,0.7176571488380432,1.1422346755862236
6563,0.0600724034011364,0.29870158433914185,0.6503280401229858,1.009102027863264
6564,0.07439727336168289,0.3229958117008209,0.6286643743515015,1.0260574594140053
6565,0.043765176087617874,0.1926673799753189,0.4725363552570343,0.7089689113199711
6566,0.041684623807668686,0.19189485907554626,0.5116121172904968,0.7451916001737118
6567,0.06855417788028717,0.23688282072544098,0.5521565079689026,0.8575935065746307
6568,0.04799845814704895,0.24263985455036163,0.557457447052002,0.8480957597494125
6569,0.05947684496641159,0.297296404838562,0.6397006511688232,0.9964739009737968
6570,0.0504041351377964,0.30238285660743713,0.6401031017303467,0.9928900934755802
6571,0.07356078922748566,0.3474273979663849,0.6708474159240723,1.0918356031179428
6572,0.04962172359228134,0.22533410787582397,0.5037190318107605,0.7786748632788658
6573,0.039890628308057785,0.16764530539512634,0.41624915599823,0.6237850897014141
6574,0.0514707937836647,0.19536933302879333,0.4633511006832123,0.7101912274956703
6575,0.04368104040622711,0.1946619749069214,0.5282924175262451,0.7666354328393936
6576,0.03429010137915611,0.15071231126785278,0.4911903142929077,0.6761927269399166
6577,0.057986076921224594,0.2209978997707367,0.5144950747489929,0.7934790514409542
6578,0.0714392438530922,0.33583864569664,0.6500047445297241,1.0572826340794563
6579,0.05343285948038101,0.23762936890125275,0.5647396445274353,0.8558018729090691
6580,0.054075937718153,0.2420141100883484,0.5826022028923035,0.8786922506988049
6581,0.05016637593507767,0.21490047872066498,0.521630048751831,0.7866969034075737
6582,0.061053566634655,0.24236048758029938,0.5631847977638245,0.8665988519787788
6583,0.04651441052556038,0.18925966322422028,0.5134717226028442,0.7492457963526249
6584,0.04916203022003174,0.33425936102867126,0.7027950286865234,1.0862164199352264
6585,0.039159517735242844,0.16197405755519867,0.4444299042224884,0.6455634795129299
6586,0.053194619715213776,0.20317840576171875,0.49951988458633423,0.7558929100632668
6587,0.06693015247583389,0.33480799198150635,0.6524858474731445,1.0542239919304848
6588,0.06155639886856079,0.21399517357349396,0.48756837844848633,0.7631199508905411
6589,0.07280021905899048,0.31141313910484314,0.7110078930854797,1.0952212512493134
6590,0.04655544087290764,0.21248838305473328,0.5311330556869507,0.7901768796145916
6591,0.04111986979842186,0.1869755983352661,0.4636715352535248,0.6917670033872128
6592,0.06082217022776604,0.31534120440483093,0.6537474393844604,1.0299108140170574
6593,0.05135476589202881,0.29016685485839844,0.4451676309108734,0.7866892516613007
6594,0.04901459813117981,0.18775410950183868,0.5168709754943848,0.7536396831274033
6595,0.06880328804254532,0.256517618894577,0.5743463039398193,0.8996672108769417
6596,0.03476990386843681,0.15860331058502197,0.49055472016334534,0.6839279346168041
6597,0.053718652576208115,0.2614855170249939,0.5346903800964355,0.8498945496976376
6598,0.0474085696041584,0.2093818038702011,0.5495061278343201,0.8062965013086796
6599,0.058206312358379364,0.22767053544521332,0.5612950325012207,0.8471718803048134
6600,0.04770617187023163,0.22691375017166138,0.5752007365226746,0.8498206585645676
6601,0.04922281205654144,0.22976252436637878,0.5178890228271484,0.7968743592500687
6602,0.06782157719135284,0.27765074372291565,0.646881639957428,0.9923539608716965
6603,0.045327410101890564,0.26634761691093445,0.7050642371177673,1.0167392641305923
6604,0.07384585589170456,0.3487125039100647,0.7102916836738586,1.132850043475628
6605,0.06104312092065811,0.20391494035720825,0.5406082272529602,0.8055662885308266
6606,0.04936756566166878,0.20532357692718506,0.5295338034629822,0.784224946051836
6607,0.059174444526433945,0.31767693161964417,0.6361003518104553,1.0129517279565334
6608,0.050210997462272644,0.24856792390346527,0.5578248500823975,0.8566037714481354
6609,0.052199073135852814,0.23735903203487396,0.5193990468978882,0.808957152068615
6610,0.07113417983055115,0.3332829475402832,0.7286185026168823,1.1330356299877167
6611,0.04928715154528618,0.22926278412342072,0.5652227997779846,0.8437727354466915
6612,0.048382747918367386,0.2078378051519394,0.5060562491416931,0.7622768022119999
6613,0.03339611366391182,0.17667871713638306,0.4126597046852112,0.6227345354855061
6614,0.06832268089056015,0.2593855857849121,0.5548270344734192,0.8825353011488914
6615,0.061416879296302795,0.2555897831916809,0.5452029705047607,0.8622096329927444
6616,0.03500158712267876,0.16387255489826202,0.38178709149360657,0.5806612335145473
6617,0.06130510941147804,0.3028236925601959,0.596076250076294,0.9602050520479679
6618,0.05694548413157463,0.28839775919914246,0.5879855155944824,0.9333287589251995
6619,0.046902161091566086,0.2012956291437149,0.47698739171028137,0.7251851819455624
6620,0.05271380767226219,0.29501214623451233,0.6546047329902649,1.0023306868970394
6621,0.06819608807563782,0.30374816060066223,0.615201473236084,0.987145721912384
6622,0.034800879657268524,0.14126074314117432,0.448662132024765,0.6247237548232079
6623,0.04866086691617966,0.2241193950176239,0.5275363922119141,0.8003166541457176
6624,0.03728083148598671,0.16569659113883972,0.4916818141937256,0.694659236818552
6625,0.0544305257499218,0.2135814130306244,0.5300880670547485,0.7981000058352947
6626,0.08526504039764404,0.3793816566467285,0.7562276721000671,1.2208743691444397
6627,0.04147224500775337,0.17990078032016754,0.47110220789909363,0.6924752332270145
6628,0.040621474385261536,0.2440774142742157,0.5929597616195679,0.8776586502790451
6629,0.056780554354190826,0.24678339064121246,0.547213613986969,0.8507775589823723
6630,0.04949190840125084,0.20746274292469025,0.5584740042686462,0.8154286555945873
6631,0.052299272269010544,0.22981487214565277,0.46629390120506287,0.7484080456197262
6632,0.05560224875807762,0.28311508893966675,0.5472989678382874,0.8860163055360317
6633,0.06553946435451508,0.31556427478790283,0.6290149688720703,1.0101187080144882
6634,0.05322118476033211,0.3274416923522949,0.6531192064285278,1.0337820835411549
6635,0.0453224815428257,0.26088693737983704,0.6147986054420471,0.9210080243647099
6636,0.05087937414646149,0.2505812644958496,0.5508972406387329,0.852357879281044
6637,0.04783376678824425,0.2373676896095276,0.582586944103241,0.8677884005010128
6638,0.07812350243330002,0.33607053756713867,0.666499137878418,1.0806931778788567
6639,0.03961232677102089,0.1743965744972229,0.5403050184249878,0.7543139196932316
6640,0.06321623921394348,0.27111634612083435,0.6284806728363037,0.9628132581710815
6641,0.052656691521406174,0.2397473305463791,0.5631096363067627,0.855513658374548
6642,0.04681672900915146,0.2689859867095947,0.6211758852005005,0.9369786009192467
6643,0.054285530000925064,0.22798553109169006,0.5408632159233093,0.8231342770159245
6644,0.04883817210793495,0.18966807425022125,0.45670032501220703,0.6952065713703632
6645,0.051000505685806274,0.2502291798591614,0.6119402647018433,0.9131699502468109
6646,0.050097640603780746,0.22701767086982727,0.5703072547912598,0.8474225662648678
6647,0.06674395501613617,0.31916841864585876,0.6674765944480896,1.0533889681100845
6648,0.04966933652758598,0.22035638988018036,0.5521361827850342,0.8221619091928005
6649,0.05373504012823105,0.19054561853408813,0.5173870921134949,0.7616677507758141
6650,0.06866558641195297,0.3241354823112488,0.6937268972396851,1.0865279659628868
6651,0.047587841749191284,0.20919284224510193,0.5551532506942749,0.8119339346885681
6652,0.07107824832201004,0.2486838847398758,0.577593982219696,0.8973561152815819
6653,0.05111749470233917,0.24392370879650116,0.5711461901664734,0.8661873936653137
6654,0.07222669571638107,0.2816210091114044,0.5926830768585205,0.946530781686306
6655,0.052100956439971924,0.24837619066238403,0.5033870339393616,0.8038641810417175
6656,0.05052288621664047,0.23265349864959717,0.49399659037590027,0.7771729752421379
6657,0.05302565172314644,0.21018749475479126,0.4999586045742035,0.7631717510521412
6658,0.052589934319257736,0.25391432642936707,0.567720890045166,0.8742251507937908
6659,0.07122058421373367,0.2953483760356903,0.6109853982925415,0.9775543585419655
6660,0.04551073536276817,0.16258148849010468,0.48409634828567505,0.6921885721385479
6661,0.047756489366292953,0.21877610683441162,0.5506992936134338,0.8172318898141384
6662,0.05497070029377937,0.27793416380882263,0.5537253618240356,0.8866302259266376
6663,0.05462464317679405,0.24864929914474487,0.5492255091667175,0.8524994514882565
6664,0.042070530354976654,0.19661982357501984,0.546471893787384,0.7851622477173805
6665,0.046497415751218796,0.22724267840385437,0.5387236475944519,0.8124637417495251
6666,0.0580475740134716,0.2562163770198822,0.5673580765724182,0.881622027605772
6667,0.05083896219730377,0.23498333990573883,0.49286285042762756,0.7786851525306702
6668,0.06266464293003082,0.3040212392807007,0.6242995858192444,0.9909854680299759
6669,0.0495627336204052,0.21797990798950195,0.5239527821540833,0.7914954237639904
6670,0.059355609118938446,0.2659146189689636,0.6127914190292358,0.9380616471171379
6671,0.05681457743048668,0.29894593358039856,0.6425291299819946,0.9982896409928799
6672,0.047022443264722824,0.19778741896152496,0.5414670705795288,0.7862769328057766
6673,0.0590328723192215,0.26725834608078003,0.5954574346542358,0.9217486530542374
6674,0.050657838582992554,0.20927144587039948,0.5340917110443115,0.7940209954977036
6675,0.07262743264436722,0.30646324157714844,0.6599115133285522,1.039002187550068
6676,0.05766941234469414,0.2866247296333313,0.6268923878669739,0.9711865298449993
6677,0.05134210363030434,0.23417264223098755,0.5298150777816772,0.8153298236429691
6678,0.06111753731966019,0.266880065202713,0.5528572201728821,0.8808548226952553
6679,0.03898989409208298,0.13529223203659058,0.398367315530777,0.5726494416594505
6680,0.06810733675956726,0.30200210213661194,0.6281638145446777,0.9982732534408569
6681,0.043036602437496185,0.19980588555335999,0.505190908908844,0.7480333968997002
6682,0.05805031582713127,0.24682514369487762,0.5754896402359009,0.8803650997579098
6683,0.06255841255187988,0.24587875604629517,0.6552577614784241,0.9636949300765991
6684,0.05532771721482277,0.2556154429912567,0.5687268972396851,0.8796700574457645
6685,0.0396600067615509,0.17168335616588593,0.4719584286212921,0.6833017915487289
6686,0.038615625351667404,0.18302586674690247,0.5044023394584656,0.7260438315570354
6687,0.042137496173381805,0.17390993237495422,0.4965008497238159,0.712548278272152
6688,0.06987206637859344,0.2863137125968933,0.6540711522102356,1.0102569311857224
6689,0.054577067494392395,0.258602499961853,0.5593526363372803,0.8725322037935257
6690,0.05276793986558914,0.21159076690673828,0.5410500764846802,0.8054087832570076
6691,0.053503211587667465,0.24342818558216095,0.5453388094902039,0.8422702066600323
6692,0.03818122670054436,0.17727823555469513,0.442349910736084,0.6578093729913235
6693,0.06456142663955688,0.31378480792045593,0.6749621629714966,1.0533083975315094
6694,0.050385162234306335,0.22253823280334473,0.5762327909469604,0.8491561859846115
6695,0.05209554359316826,0.26249390840530396,0.6438583135604858,0.958447765558958
6696,0.04555675387382507,0.20262910425662994,0.5680932998657227,0.8162791579961777
6697,0.05969497561454773,0.2647092938423157,0.6389799118041992,0.9633841812610626
6698,0.05583597719669342,0.3357887864112854,0.7198159098625183,1.1114406734704971
6699,0.07066002488136292,0.3169258236885071,0.7087622284889221,1.0963480770587921
6700,0.05053982138633728,0.22165603935718536,0.556311309337616,0.8285071700811386
6701,0.044206127524375916,0.2123178094625473,0.533206045627594,0.7897299826145172
6702,0.056032728403806686,0.2633991837501526,0.545693039894104,0.8651249520480633
6703,0.05254209414124489,0.2944351136684418,0.6668826341629028,1.0138598419725895
6704,0.05476277694106102,0.25841617584228516,0.6342808604240417,0.9474598132073879
6705,0.06364976614713669,0.223194420337677,0.5925975441932678,0.8794417306780815
6706,0.05110238865017891,0.2642510235309601,0.5833261013031006,0.8986795134842396
6707,0.04093151539564133,0.19762444496154785,0.5110180974006653,0.7495740577578545
6708,0.053282178938388824,0.21715471148490906,0.5860780477523804,0.8565149381756783
6709,0.06477420777082443,0.28479039669036865,0.5598645210266113,0.9094291254878044
6710,0.04641555994749069,0.20513951778411865,0.5307910442352295,0.7823461219668388
6711,0.05464091897010803,0.2793545722961426,0.5859678387641907,0.9199633300304413
6712,0.05552271008491516,0.26223835349082947,0.5795933604240417,0.8973544239997864
6713,0.07118880748748779,0.3661540150642395,0.7601236701011658,1.197466492652893
6714,0.04783838987350464,0.17103470861911774,0.3937317728996277,0.6126048713922501
6715,0.053566645830869675,0.2347867339849472,0.5353338122367859,0.8236871920526028
6716,0.05356312915682793,0.23084120452404022,0.5146467089653015,0.7990510426461697
6717,0.043317679315805435,0.19529226422309875,0.45258840918540955,0.6911983527243137
6718,0.059890348464250565,0.3055606484413147,0.6061409711837769,0.9715919680893421
6719,0.06334610283374786,0.3534524142742157,0.7173730731010437,1.1341715902090073
6720,0.059285521507263184,0.29143935441970825,0.6500535011291504,1.0007783770561218
6721,0.07335328310728073,0.3163582384586334,0.6284790635108948,1.018190585076809
6722,0.04302022233605385,0.18719178438186646,0.47233638167381287,0.7025483883917332
6723,0.041129469871520996,0.18657350540161133,0.5114831328392029,0.7391861081123352
6724,0.0673903226852417,0.23108550906181335,0.5519677400588989,0.850443571805954
6725,0.04716454818844795,0.23605336248874664,0.557341456413269,0.8405593670904636
6726,0.058567289263010025,0.29126960039138794,0.6395739912986755,0.9894108809530735
6727,0.049778763204813004,0.296526163816452,0.6399186253547668,0.9862235523760319
6728,0.07248582690954208,0.3419153392314911,0.6706383228302002,1.0850394889712334
6729,0.04885847866535187,0.22121596336364746,0.5035943984985352,0.7736688405275345
6730,0.039341479539871216,0.1641160100698471,0.41610226035118103,0.6195597499608994
6731,0.050781019032001495,0.19177594780921936,0.46323418617248535,0.7057911530137062
6732,0.042963020503520966,0.19063901901245117,0.5281505584716797,0.7617525979876518
6733,0.033762142062187195,0.14621193706989288,0.4910854399204254,0.6710595190525055
6734,0.05712692812085152,0.21488279104232788,0.5143482089042664,0.7863579280674458
6735,0.0706329420208931,0.3283815085887909,0.6498119235038757,1.0488263741135597
6736,0.05266248434782028,0.23066191375255585,0.5645788311958313,0.8479032292962074
6737,0.05345882102847099,0.2347957193851471,0.5824699997901917,0.8707245402038097
6738,0.049282461404800415,0.20918996632099152,0.5214342474937439,0.7799066752195358
6739,0.06015641987323761,0.2375606894493103,0.5630453824996948,0.8607624918222427
6740,0.045703280717134476,0.1843796819448471,0.5132725238800049,0.7433554865419865
6741,0.048392049968242645,0.32780686020851135,0.7026055455207825,1.0788044556975365
6742,0.03821933642029762,0.1575794517993927,0.44428500533103943,0.6400837935507298
6743,0.05237070098519325,0.19776681065559387,0.4993879795074463,0.7495254911482334
6744,0.06598010659217834,0.32831960916519165,0.652293860912323,1.046593576669693
6745,0.060577403753995895,0.20988816022872925,0.4873967170715332,0.7578622810542583
6746,0.0715961754322052,0.305250346660614,0.7108515501022339,1.087698072195053
6747,0.0459633469581604,0.20846647024154663,0.531008780002594,0.785438597202301
6748,0.04039619490504265,0.18320760130882263,0.4635695219039917,0.687173318117857
6749,0.06019611656665802,0.31047019362449646,0.6535900831222534,1.024256393313408
6750,0.05068201199173927,0.2864958345890045,0.4451749622821808,0.7823528088629246
6751,0.04842169210314751,0.18374212086200714,0.5167856812477112,0.7489494942128658
6752,0.06815849989652634,0.2513195872306824,0.5742020606994629,0.8936801478266716
6753,0.03414664417505264,0.1546310931444168,0.49045461416244507,0.6792323514819145
6754,0.05296982452273369,0.2569480240345001,0.5344529747962952,0.844370823353529
6755,0.046846337616443634,0.20505870878696442,0.5493637919425964,0.8012688383460045
6756,0.05743642523884773,0.22282151877880096,0.5611957311630249,0.8414536751806736
6757,0.04714285209774971,0.2222336232662201,0.575093686580658,0.8444701619446278
6758,0.048538222908973694,0.22522787749767303,0.5177963972091675,0.7915624976158142
6759,0.06661194562911987,0.27252474427223206,0.6467127203941345,0.9858494102954865
6760,0.044403333216905594,0.26023638248443604,0.7049118280410767,1.0095515437424183
6761,0.072774238884449,0.34293752908706665,0.710102379322052,1.1258141472935677
6762,0.06002737209200859,0.1991352140903473,0.5404674410820007,0.7996300272643566
6763,0.04863208159804344,0.20058485865592957,0.5294072031974792,0.7786241434514523
6764,0.05822259932756424,0.31209251284599304,0.6359270811080933,1.0062421932816505
6765,0.0493956096470356,0.24220262467861176,0.5576680898666382,0.8492663241922855
6766,0.05140433833003044,0.23186811804771423,0.5192106366157532,0.8024830929934978
6767,0.07009628415107727,0.32390013337135315,0.7283982634544373,1.1223946809768677
6768,0.04840853810310364,0.22331003844738007,0.5650619268417358,0.8367805033922195
6769,0.04778961464762688,0.20367534458637238,0.505937397480011,0.7574023567140102
6770,0.032691530883312225,0.1719399094581604,0.4124656617641449,0.6170971021056175
6771,0.0676455870270729,0.25454357266426086,0.5546875596046448,0.8768767192959785
6772,0.06062142923474312,0.24956075847148895,0.54506516456604,0.8552473522722721
6773,0.03456850349903107,0.1592782735824585,0.3817061185836792,0.5755528956651688
6774,0.060354460030794144,0.2951725125312805,0.5958596467971802,0.9513866193592548
6775,0.05576227232813835,0.2805977761745453,0.5878851413726807,0.9242451898753643
6776,0.045958418399095535,0.19585020840168,0.47687700390815735,0.7186856307089329
6777,0.05165032669901848,0.28610020875930786,0.6543794274330139,0.9921299628913403
6778,0.0671672374010086,0.294777512550354,0.6149744391441345,0.9769191890954971
6779,0.0343104749917984,0.13647519052028656,0.44852378964424133,0.6193094551563263
6780,0.047986626625061035,0.21787847578525543,0.5273063778877258,0.7931714802980423
6781,0.036505844444036484,0.15939441323280334,0.4915333390235901,0.6874335967004299
6782,0.05347283557057381,0.20802924036979675,0.529974102973938,0.7914761789143085
6783,0.08416018635034561,0.3726437985897064,0.7560383081436157,1.2128422930836678
6784,0.04089949652552605,0.17562583088874817,0.4710621237754822,0.6875874511897564
6785,0.04000290110707283,0.23727963864803314,0.5928226709365845,0.8701052106916904
6786,0.055948738008737564,0.24013276398181915,0.5471311807632446,0.8432126827538013
6787,0.04846367985010147,0.19969119131565094,0.5583851337432861,0.8065400049090385
6788,0.05134565383195877,0.22249160706996918,0.4661141037940979,0.7399513646960258
6789,0.054674990475177765,0.2721414268016815,0.547030508518219,0.8738469257950783
6790,0.06414446979761124,0.3041602373123169,0.6287832260131836,0.9970879331231117
6791,0.05239300802350044,0.31662315130233765,0.6527960896492004,1.0218122489750385
6792,0.04437880963087082,0.2515373229980469,0.614571213722229,0.9104873463511467
6793,0.050125714391469955,0.24385090172290802,0.5506295561790466,0.8446061722934246
6794,0.04723816365003586,0.23221713304519653,0.5824572443962097,0.8619125410914421
6795,0.07659685611724854,0.32942843437194824,0.6662868857383728,1.0723121762275696
6796,0.039021726697683334,0.1702103167772293,0.5402342677116394,0.749466311186552
6797,0.0624767504632473,0.2652028799057007,0.6283543109893799,0.9560339413583279
6798,0.051952384412288666,0.233579620718956,0.5630187392234802,0.8485507443547249
6799,0.046123649924993515,0.2623235285282135,0.6210513710975647,0.9294985495507717
6800,0.05357314646244049,0.22011035680770874,0.5407220721244812,0.8144055753946304
6801,0.04819829761981964,0.1841079443693161,0.4565892219543457,0.6888954639434814
6802,0.050306402146816254,0.242750883102417,0.6116160750389099,0.9046733602881432
6803,0.049236930906772614,0.22100761532783508,0.5701342225074768,0.8403787687420845
6804,0.0658670961856842,0.31281447410583496,0.6672598123550415,1.0459413826465607
6805,0.048831500113010406,0.21429719030857086,0.5519688725471497,0.8150975629687309
6806,0.053107116371393204,0.18598197400569916,0.5172919034957886,0.7563809938728809
6807,0.06761609762907028,0.3181667923927307,0.6935584545135498,1.0793413445353508
6808,0.04663975164294243,0.2047659456729889,0.5550264716148376,0.806432168930769
6809,0.06876127421855927,0.24258670210838318,0.5773782730102539,0.8887262493371964
6810,0.050234999507665634,0.2394561767578125,0.5709800124168396,0.8606711886823177
6811,0.07089605182409286,0.2758423686027527,0.5925246477127075,0.9392630681395531
6812,0.05126206576824188,0.24245792627334595,0.5032321810722351,0.7969521731138229
6813,0.0496940016746521,0.22732427716255188,0.49391669034957886,0.7709349691867828
6814,0.052107978612184525,0.2037091702222824,0.4998205304145813,0.7556376792490482
6815,0.05178823694586754,0.2476298213005066,0.5675909519195557,0.8670090101659298
6816,0.07018182426691055,0.2897478938102722,0.6108484268188477,0.9707781448960304
6817,0.04472882300615311,0.1577964872121811,0.484005868434906,0.6865311786532402
6818,0.04683731496334076,0.21432796120643616,0.5506155490875244,0.8117808252573013
6819,0.05417487397789955,0.2735825181007385,0.5535371899604797,0.8812945820391178
6820,0.05359438434243202,0.2434309422969818,0.5490891337394714,0.8461144603788853
6821,0.04133669659495354,0.19215071201324463,0.546301007270813,0.7797884158790112
6822,0.045672886073589325,0.22149479389190674,0.5385220050811768,0.8056896850466728
6823,0.057129766792058945,0.24995464086532593,0.567111074924469,0.8741954825818539
6824,0.049778491258621216,0.2290017306804657,0.4926650822162628,0.7714453041553497
6825,0.061906736344099045,0.2962914705276489,0.624138355255127,0.9823365621268749
6826,0.04856302961707115,0.21202363073825836,0.5237483978271484,0.784335058182478
6827,0.058519039303064346,0.25988295674324036,0.6126142144203186,0.9310162104666233
6828,0.056005217134952545,0.2936937212944031,0.6423478126525879,0.9920467510819435
6829,0.04637863487005234,0.19355051219463348,0.541374683380127,0.7813038304448128
6830,0.057563409209251404,0.2616793215274811,0.5952751636505127,0.9145178943872452
6831,0.04987882077693939,0.20513179898262024,0.5339804291725159,0.7889910489320755
6832,0.07171700894832611,0.2999464273452759,0.6596301198005676,1.0312935560941696
6833,0.05663026124238968,0.2815046012401581,0.6267446875572205,0.9648795500397682
6834,0.05044472590088844,0.2279117852449417,0.52961665391922,0.8079731650650501
6835,0.06029151380062103,0.25984466075897217,0.5526351928710938,0.872771367430687
6836,0.038264475762844086,0.13111147284507751,0.39827221632003784,0.5676481649279594
6837,0.06729202717542648,0.2945515215396881,0.6279928088188171,0.9898363575339317
6838,0.042356226593256,0.19495640695095062,0.5051028728485107,0.7424155063927174
6839,0.057226430624723434,0.24133828282356262,0.5753373503684998,0.8739020638167858
6840,0.061911679804325104,0.2406846135854721,0.6550753116607666,0.9576716050505638
6841,0.054504524916410446,0.2504144012928009,0.5686279535293579,0.8735468797385693
6842,0.039010338485240936,0.16797830164432526,0.47185611724853516,0.6788447573781013
6843,0.03807031363248825,0.17800036072731018,0.5043080449104309,0.7203787192702293
6844,0.04155423864722252,0.16912144422531128,0.49636003375053406,0.7070357166230679
6845,0.06866423785686493,0.280642032623291,0.6538670659065247,1.0031733363866806
6846,0.053786929696798325,0.2532559931278229,0.5591531991958618,0.866196122020483
6847,0.051978860050439835,0.20474869012832642,0.5408309102058411,0.7975584603846073
6848,0.05253129452466965,0.23624958097934723,0.5450970530509949,0.8338779285550117
6849,0.037318214774131775,0.17193110287189484,0.4422278106212616,0.6514771282672882
6850,0.06352555751800537,0.30564993619918823,0.6747686266899109,1.0439441204071045
6851,0.0495498850941658,0.2176389992237091,0.5761018395423889,0.8432907238602638
6852,0.05152922496199608,0.2578691244125366,0.6436440944671631,0.9530424438416958
6853,0.04492288827896118,0.19896472990512848,0.5680137276649475,0.8119013458490372
6854,0.05869440361857414,0.2593025267124176,0.6387561559677124,0.9567530862987041
6855,0.05493218079209328,0.3290943503379822,0.719545304775238,1.1035718359053135
6856,0.06985832750797272,0.309225857257843,0.7084437012672424,1.0875278860330582
6857,0.049848608672618866,0.21608805656433105,0.5561376810073853,0.8220743462443352
6858,0.04359995201230049,0.2075514942407608,0.5330713987350464,0.7842228449881077
6859,0.05528596043586731,0.2578897774219513,0.5454828143119812,0.8586585521697998
6860,0.05177827179431915,0.28866755962371826,0.666725754737854,1.0071715861558914
6861,0.053816601634025574,0.2525758147239685,0.6342146396636963,0.9406070560216904
6862,0.06245258077979088,0.21814055740833282,0.5924748182296753,0.873067956417799
6863,0.05029384419322014,0.2596326768398285,0.5832011699676514,0.8931276910007
6864,0.04029451310634613,0.19409646093845367,0.5108852386474609,0.7452762126922607
6865,0.05254390090703964,0.2123430371284485,0.585943877696991,0.8508308157324791
6866,0.06375618278980255,0.2803393006324768,0.5596399307250977,0.903735414147377
6867,0.045622214674949646,0.20029117166996002,0.5306492447853088,0.7765626311302185
6868,0.053750693798065186,0.2734087109565735,0.585766077041626,0.9129254817962646
6869,0.054445959627628326,0.2553243935108185,0.5793757438659668,0.8891460970044136
6870,0.06992515921592712,0.3561421036720276,0.7598670125007629,1.1859342753887177
6871,0.046754881739616394,0.16542693972587585,0.3935525417327881,0.6057343631982803
6872,0.052611492574214935,0.2281763255596161,0.5351446270942688,0.8159324452280998
6873,0.0526476725935936,0.2259903997182846,0.514485776424408,0.7931238487362862
6874,0.04270971938967705,0.19098010659217834,0.45244717597961426,0.6861370019614697
6875,0.05900311842560768,0.2999957203865051,0.6059090495109558,0.9649078883230686
6876,0.06250223517417908,0.34752142429351807,0.717116117477417,1.1271397769451141
6877,0.05858354642987251,0.28550371527671814,0.6498048305511475,0.9938920922577381
6878,0.07236730307340622,0.31059497594833374,0.6283072829246521,1.011269561946392
6879,0.0424092635512352,0.18259775638580322,0.4721422791481018,0.6971492990851402
6880,0.04062359407544136,0.18211066722869873,0.5113691687583923,0.7341034300625324
6881,0.066382497549057,0.22603338956832886,0.5518044233322144,0.8442203104496002
6882,0.046462830156087875,0.23068182170391083,0.5572345852851868,0.8343792371451855
6883,0.05777585878968239,0.2859543263912201,0.6394609212875366,0.9831911064684391
6884,0.04918191581964493,0.2913148105144501,0.6397472620010376,0.9802439883351326
6885,0.07153812795877457,0.3370351791381836,0.670463502407074,1.0790368095040321
6886,0.048245642334222794,0.21755868196487427,0.5034772157669067,0.7692815400660038
6887,0.03886460140347481,0.16092529892921448,0.41597357392311096,0.6157634742558002
6888,0.05018351599574089,0.18844471871852875,0.46312281489372253,0.7017510496079922
6889,0.042345382273197174,0.18691161274909973,0.5280285477638245,0.7572855427861214
6890,0.03329954668879509,0.14241813123226166,0.49101150035858154,0.6667291782796383
6891,0.05634897202253342,0.20993474125862122,0.5142219662666321,0.7805056795477867
6892,0.06997878104448318,0.3217945694923401,0.6496197581291199,1.0413931086659431
6893,0.052026960998773575,0.22463202476501465,0.5644502639770508,0.841109249740839
6894,0.0529574453830719,0.22863130271434784,0.5823387503623962,0.863927498459816
6895,0.04852750897407532,0.2042509913444519,0.521260678768158,0.7740391790866852
6896,0.059336449950933456,0.23354998230934143,0.5629295706748962,0.8558160029351711
6897,0.04491984099149704,0.18014344573020935,0.513102650642395,0.7381659373641014
6898,0.047719016671180725,0.32250842452049255,0.7024140954017639,1.0726415365934372
6899,0.037343766540288925,0.1537010818719864,0.4441811740398407,0.635226022452116
6900,0.05163120478391647,0.19336186349391937,0.49927204847335815,0.744265116751194
6901,0.06508778035640717,0.322842538356781,0.652122974395752,1.0400532931089401
6902,0.059628281742334366,0.20632463693618774,0.48726457357406616,0.7532174922525883
6903,0.07050591707229614,0.29993778467178345,0.7107128500938416,1.0811565518379211
6904,0.045407768338918686,0.20505984127521515,0.5309193730354309,0.7813869826495647
6905,0.0397542268037796,0.17991717159748077,0.4634850323200226,0.683156430721283
6906,0.05966944620013237,0.30599474906921387,0.6534375548362732,1.0191017501056194
6907,0.05004548281431198,0.2833963632583618,0.44515126943588257,0.7785931155085564
6908,0.04793071001768112,0.17995324730873108,0.5166939496994019,0.7445779070258141
6909,0.06751573830842972,0.24651680886745453,0.574070930480957,0.8881034776568413
6910,0.033576447516679764,0.15087845921516418,0.49036237597465515,0.6748172827064991
6911,0.052333615720272064,0.2528936564922333,0.5342538952827454,0.8394811674952507
6912,0.046320922672748566,0.2008390575647354,0.5492284297943115,0.7963884100317955
6913,0.05667833983898163,0.21819160878658295,0.5611127614974976,0.8359827101230621
6914,0.0465552881360054,0.21769732236862183,0.5749747157096863,0.8392273262143135
6915,0.04793456196784973,0.22128012776374817,0.5177286267280579,0.7869433164596558
6916,0.06543413549661636,0.26794639229774475,0.6465813517570496,0.9799618795514107
6917,0.043553728610277176,0.2552291750907898,0.7047675848007202,1.0035504885017872
6918,0.07178708165884018,0.33826255798339844,0.7099635601043701,1.1200131997466087
6919,0.05906707048416138,0.19506138563156128,0.5403373837471008,0.7944658398628235
6920,0.048006121069192886,0.196463942527771,0.5293017029762268,0.7737717665731907
6921,0.057399291545152664,0.30680039525032043,0.6357392072677612,0.9999388940632343
6922,0.0486372709274292,0.23646819591522217,0.5575235486030579,0.8426290154457092
6923,0.050623439252376556,0.22709333896636963,0.5190537571907043,0.7967705354094505
6924,0.06916479021310806,0.31547853350639343,0.7281829714775085,1.11282629519701
6925,0.047615304589271545,0.21840327978134155,0.5649242401123047,0.8309428244829178
6926,0.04716968536376953,0.2000845968723297,0.5058277249336243,0.7530820071697235
6927,0.03200767561793327,0.1679517924785614,0.4122713506221771,0.6122308187186718
6928,0.06708560883998871,0.25050777196884155,0.5545698404312134,0.8721632212400436
6929,0.05992984399199486,0.24396170675754547,0.5449534058570862,0.8488449566066265
6930,0.03418947756290436,0.15525482594966888,0.3816043436527252,0.5710486471652985
6931,0.05946815013885498,0.2883652150630951,0.5956780910491943,0.9435114562511444
6932,0.054712504148483276,0.273447722196579,0.5877566933631897,0.915916919708252
6933,0.045120056718587875,0.19064928591251373,0.47679319977760315,0.7125625424087048
6934,0.05075676739215851,0.27798914909362793,0.6542108654975891,0.9829567819833755
6935,0.06618116796016693,0.28665289282798767,0.6147646903991699,0.9675987511873245
6936,0.03382958471775055,0.13202758133411407,0.44841182231903076,0.6142689883708954
6937,0.04742679372429848,0.21248072385787964,0.5271214842796326,0.7870290018618107
6938,0.03582959249615669,0.15399181842803955,0.4914073348045349,0.6812287457287312
6939,0.052635762840509415,0.20323282480239868,0.5298770070075989,0.785745594650507
6940,0.08317959308624268,0.36684450507164,0.7558926939964294,1.2059167921543121
6941,0.04038388282060623,0.17171742022037506,0.4710244834423065,0.6831257864832878
6942,0.03946256265044212,0.23098979890346527,0.5926796793937683,0.8631320409476757
6943,0.055141136050224304,0.2340143322944641,0.5470459461212158,0.8362014144659042
6944,0.04758397862315178,0.1922743022441864,0.5582777261734009,0.7981360070407391
6945,0.050539400428533554,0.21569035947322845,0.465964674949646,0.732194434851408
6946,0.05388082563877106,0.26185640692710876,0.5467908382415771,0.862528070807457
6947,0.06295479834079742,0.2932269871234894,0.6285727620124817,0.9847545474767685
6948,0.05161350220441818,0.30704668164253235,0.6525551080703735,1.011215291917324
6949,0.043605197221040726,0.24353627860546112,0.6143668293952942,0.901508305221796
6950,0.04946310073137283,0.23819096386432648,0.5504119396209717,0.838066004216671
6951,0.046716269105672836,0.22775797545909882,0.5823268294334412,0.8568010739982128
6952,0.07521459460258484,0.32384398579597473,0.6661047339439392,1.0651633143424988
6953,0.038462162017822266,0.1667344868183136,0.5401714444160461,0.745368093252182
6954,0.061861276626586914,0.2603115141391754,0.628244161605835,0.9504169523715973
6955,0.05131939426064491,0.22852331399917603,0.5628992915153503,0.8427419997751713
6956,0.04548444598913193,0.25628525018692017,0.6209416389465332,0.9227113351225853
6957,0.05299000442028046,0.2130458801984787,0.5405964851379395,0.8066323697566986
6958,0.04758109524846077,0.17910312116146088,0.45648667216300964,0.6831708885729313
6959,0.04967677220702171,0.23571664094924927,0.6113176941871643,0.8967111073434353
6960,0.04848329350352287,0.2157556116580963,0.5699948072433472,0.8342337124049664
6961,0.06509966403245926,0.3066260516643524,0.6670544743537903,1.038780190050602
6962,0.0481099933385849,0.20867803692817688,0.5518397688865662,0.8086277991533279
6963,0.052552480250597,0.1820448487997055,0.5172001123428345,0.751797441393137
6964,0.06664250791072845,0.3127809464931488,0.6934061050415039,1.0728295594453812
6965,0.045768819749355316,0.2007388025522232,0.5549063682556152,0.8014139905571938
6966,0.06697441637516022,0.23751451075077057,0.5772161483764648,0.8817050755023956
6967,0.04941717907786369,0.23536880314350128,0.5708381533622742,0.8556241355836391
6968,0.06967117637395859,0.2706517279148102,0.5923801064491272,0.932703010737896
6969,0.050546832382678986,0.23673981428146362,0.5031012296676636,0.7903878763318062
6970,0.048913802951574326,0.22258250415325165,0.49383825063705444,0.7653345577418804
6971,0.051318906247615814,0.19778069853782654,0.49967995285987854,0.7487795576453209
6972,0.0510760061442852,0.2418457418680191,0.5674828886985779,0.8604046367108822
6973,0.06924319267272949,0.284420371055603,0.6107277870178223,0.9643913507461548
6974,0.04409170150756836,0.15346670150756836,0.48392367362976074,0.6814820766448975
6975,0.046002887189388275,0.21054421365261078,0.5505395531654358,0.8070866540074348
6976,0.053514666855335236,0.26973333954811096,0.5533562898635864,0.8766042962670326
6977,0.05270269140601158,0.23891495168209076,0.548973560333252,0.8405912034213543
6978,0.04072228819131851,0.18840819597244263,0.5461728572845459,0.775303341448307
6979,0.04495459422469139,0.21637064218521118,0.5383583903312683,0.7996836267411709
6980,0.05636723339557648,0.24452559649944305,0.566875696182251,0.8677685260772705
6981,0.04884745180606842,0.22382521629333496,0.49247515201568604,0.7651478201150894
6982,0.06119250878691673,0.28953972458839417,0.6239924430847168,0.9747246764600277
6983,0.04761599749326706,0.20655545592308044,0.5235766172409058,0.7777480706572533
6984,0.05775997042655945,0.2545361816883087,0.6124584078788757,0.9247545599937439
6985,0.055297672748565674,0.2890646159648895,0.6422345638275146,0.9865968525409698
6986,0.04583021253347397,0.19000333547592163,0.5412911772727966,0.7771247252821922
6987,0.05618726834654808,0.25687870383262634,0.5951197743415833,0.9081857465207577
6988,0.04922027140855789,0.20131276547908783,0.5338660478591919,0.7843990847468376
6989,0.07090049982070923,0.2941240668296814,0.6593863368034363,1.024410903453827
6990,0.0556950680911541,0.276773065328598,0.6266289353370667,0.9590970687568188
6991,0.04963693022727966,0.222534641623497,0.5294721722602844,0.8016437441110611
6992,0.05955158546566963,0.2536230981349945,0.5524309277534485,0.8656056113541126
6993,0.03765944018959999,0.12739764153957367,0.3982071578502655,0.5632642395794392
6994,0.06663365662097931,0.2884533405303955,0.6278405785560608,0.9829275757074356
6995,0.041747432202100754,0.1907193660736084,0.505012035369873,0.7374788336455822
6996,0.056570544838905334,0.23627085983753204,0.5752023458480835,0.8680437505245209
6997,0.061322882771492004,0.23587460815906525,0.6549303531646729,0.9521278440952301
6998,0.053754523396492004,0.24578556418418884,0.5685171484947205,0.8680572360754013
6999,0.0384649783372879,0.16467837989330292,0.47177690267562866,0.6749202609062195
7000,0.03760514035820961,0.17365698516368866,0.504217803478241,0.7154799290001392
7001,0.041013453155756,0.1652144342660904,0.4962426424026489,0.7024705298244953
7002,0.0676945373415947,0.27576082944869995,0.6537089347839355,0.9971643015742302
7003,0.053111813962459564,0.24874353408813477,0.5589747428894043,0.8608300909399986
7004,0.051289621740579605,0.19923454523086548,0.5406625866889954,0.7911867536604404
7005,0.051711853593587875,0.23012839257717133,0.5448967218399048,0.826736968010664
7006,0.036504875868558884,0.1670575886964798,0.4421471655368805,0.6457096301019192
7007,0.06260313093662262,0.2987291216850281,0.6746045351028442,1.035936787724495
7008,0.048810917884111404,0.2132471799850464,0.5759850144386292,0.8380431123077869
7009,0.05099313706159592,0.2538299262523651,0.6434738039970398,0.9482968673110008
7010,0.04435783624649048,0.19573335349559784,0.5679237842559814,0.8080149739980698
7011,0.057693466544151306,0.25441524386405945,0.6385734677314758,0.9506821781396866
7012,0.05412973836064339,0.3229708969593048,0.7193248271942139,1.096425462514162
7013,0.06904173642396927,0.30239778757095337,0.7081700563430786,1.0796095803380013
7014,0.04924091696739197,0.21107050776481628,0.5559965372085571,0.8163079619407654
7015,0.043045949190855026,0.2034294158220291,0.5329740047454834,0.7794493697583675
7016,0.05461803078651428,0.2529163062572479,0.54530268907547,0.8528370261192322
7017,0.05106085538864136,0.2837132513523102,0.6666041016578674,1.001378208398819
7018,0.05294839292764664,0.24750986695289612,0.6341409683227539,0.9345992282032967
7019,0.06129017099738121,0.21375051140785217,0.5923658013343811,0.8674064837396145
7020,0.04958786442875862,0.2554644048213959,0.5830987095832825,0.888150978833437
7021,0.039724644273519516,0.19085828959941864,0.5107779502868652,0.7413608841598034
7022,0.05186815187335014,0.20777153968811035,0.5858196020126343,0.8454592935740948
7023,0.06282792240381241,0.2761388421058655,0.5594313144683838,0.8983980789780617
7024,0.044927652925252914,0.19629442691802979,0.5305370688438416,0.7717591486871243
7025,0.05293085426092148,0.26792970299720764,0.5855759978294373,0.9064365550875664
7026,0.053534626960754395,0.24916721880435944,0.5791736841201782,0.881875529885292
7027,0.068815216422081,0.3475663363933563,0.7596436142921448,1.176025167107582
7028,0.04569454863667488,0.16076019406318665,0.3933740556240082,0.5998287983238697
7029,0.05168047547340393,0.22287987172603607,0.5349790453910828,0.8095393925905228
7030,0.051833685487508774,0.22181789577007294,0.5143433213233948,0.7879949025809765
7031,0.04212772473692894,0.18698740005493164,0.4522782564163208,0.6813933812081814
7032,0.058240290731191635,0.2954328656196594,0.6057681441307068,0.9594413004815578
7033,0.06177731975913048,0.3421591520309448,0.7168928384780884,1.1208293102681637
7034,0.05800711363554001,0.279705673456192,0.6495904922485352,0.9873032793402672
7035,0.07146067172288895,0.30537232756614685,0.6281466484069824,1.0049796476960182
7036,0.041860777884721756,0.178524449467659,0.4719597101211548,0.6923449374735355
7037,0.04014238715171814,0.17806148529052734,0.5112576484680176,0.7294615209102631
7038,0.06533166766166687,0.221624493598938,0.5516752600669861,0.8386314213275909
7039,0.04579850286245346,0.2253938764333725,0.5571324825286865,0.8283248618245125
7040,0.05704515799880028,0.2811962962150574,0.6393640041351318,0.9776054583489895
7041,0.048578452318906784,0.28687000274658203,0.639604389667511,0.9750528447329998
7042,0.07065954059362411,0.3324933350086212,0.6702820062637329,1.0734348818659782
7043,0.04763585701584816,0.21408796310424805,0.5033610463142395,0.7650848664343357
7044,0.0383961945772171,0.15808598697185516,0.4158472716808319,0.6123294532299042
7045,0.049560122191905975,0.18528658151626587,0.46301835775375366,0.6978650614619255
7046,0.041799210011959076,0.18326933681964874,0.5278968214988708,0.7529653683304787
7047,0.032808784395456314,0.13923057913780212,0.49092957377433777,0.6629689373075962
7048,0.05568978562951088,0.20539730787277222,0.5141069293022156,0.7751940228044987
7049,0.0692589059472084,0.3158706724643707,0.6494238376617432,1.0345534160733223
7050,0.05145104601979256,0.21944372355937958,0.5643163323402405,0.8352111019194126
7051,0.05246870592236519,0.22334395349025726,0.5822274088859558,0.8580400682985783
7052,0.04786357656121254,0.19970573484897614,0.5210983753204346,0.7686676867306232
7053,0.058657851070165634,0.2297266572713852,0.562815248966217,0.8511997573077679
7054,0.04425766319036484,0.1762990653514862,0.5129451751708984,0.7335019037127495
7055,0.04708738252520561,0.31759893894195557,0.7022565007209778,1.066942822188139
7056,0.03659355267882347,0.15006303787231445,0.44406262040138245,0.6307192109525204
7057,0.050997864454984665,0.18922866880893707,0.49917691946029663,0.7394034527242184
7058,0.06425465643405914,0.3179970383644104,0.6519809365272522,1.0342326313257217
7059,0.058779604732990265,0.20274482667446136,0.48713067173957825,0.7486551031470299
7060,0.06949108839035034,0.29496657848358154,0.710604190826416,1.075061857700348
7061,0.04492560774087906,0.20188862085342407,0.5308465957641602,0.7776608243584633
7062,0.039155784994363785,0.17686177790164948,0.46340450644493103,0.6794220693409443
7063,0.05916525796055794,0.30235370993614197,0.6533012390136719,1.0148202069103718
7064,0.04956313967704773,0.28086596727371216,0.44515547156333923,0.7755845785140991
7065,0.04748052731156349,0.17690721154212952,0.5166140198707581,0.7410017587244511
7066,0.06696052104234695,0.24227002263069153,0.5739519596099854,0.8831825032830238
7067,0.03305891156196594,0.1476483941078186,0.49027782678604126,0.6709851324558258
7068,0.051766540855169296,0.24931266903877258,0.5340516567230225,0.8351308666169643
7069,0.04590411111712456,0.19698120653629303,0.5491005182266235,0.7919858358800411
7070,0.05603966861963272,0.21411283314228058,0.5610169172286987,0.831169418990612
7071,0.04599975422024727,0.2138231247663498,0.5748760104179382,0.8346988894045353
7072,0.0474189855158329,0.2176295518875122,0.5176355838775635,0.7826841212809086
7073,0.06440099328756332,0.26380255818367004,0.6464446783065796,0.974648229777813
7074,0.042904142290353775,0.25074854493141174,0.704655647277832,0.9983083344995975
7075,0.07091370224952698,0.33371812105178833,0.7098285555839539,1.1144603788852692
7076,0.0581800676882267,0.1914408951997757,0.5402204394340515,0.7898414023220539
7077,0.047438640147447586,0.1928158849477768,0.5292103290557861,0.7694648541510105
7078,0.056592002511024475,0.30256563425064087,0.6355652213096619,0.9947228580713272
7079,0.04797825217247009,0.2314603179693222,0.5573899745941162,0.8368285447359085
7080,0.04991822689771652,0.22279226779937744,0.5189070105552673,0.7916175052523613
7081,0.06833314150571823,0.30811548233032227,0.7280064225196838,1.1044550463557243
7082,0.04690314456820488,0.213954359292984,0.5648002624511719,0.8256577663123608
7083,0.04660644009709358,0.19667355716228485,0.5057352781295776,0.7490152753889561
7084,0.03140891343355179,0.16425378620624542,0.4121094048023224,0.6077721044421196
7085,0.06655067950487137,0.24697323143482208,0.5544666647911072,0.8679905757308006
7086,0.059267181903123856,0.23922428488731384,0.5448610782623291,0.8433525450527668
7087,0.03388276323676109,0.15158367156982422,0.3815256357192993,0.5669920705258846
7088,0.05869223177433014,0.28211528062820435,0.5955085754394531,0.9363160878419876
7089,0.0538039430975914,0.2670368552207947,0.5876408219337463,0.9084816202521324
7090,0.04434380307793617,0.18580710887908936,0.4766833782196045,0.70683429017663
7091,0.04986147582530975,0.2709510922431946,0.6540244221687317,0.974836990237236
7092,0.06533811241388321,0.27921825647354126,0.6145650744438171,0.9591214433312416
7093,0.0333554707467556,0.1278822422027588,0.4482971727848053,0.6095348857343197
7094,0.04690387845039368,0.20737120509147644,0.5269575715065002,0.7812326550483704
7095,0.035241588950157166,0.14911606907844543,0.4912927448749542,0.6756504029035568
7096,0.0518149733543396,0.19888614118099213,0.5297736525535583,0.7804747670888901
7097,0.08227057754993439,0.36187365651130676,0.7557396292686462,1.1998838633298874
7098,0.03992128372192383,0.1684274524450302,0.470989465713501,0.679338201880455
7099,0.038942355662584305,0.22564445436000824,0.5925815105438232,0.8571683205664158
7100,0.0544724315404892,0.22862496972084045,0.5469760298728943,0.8300734311342239
7101,0.04680739343166351,0.18542832136154175,0.5581742525100708,0.7904099673032761
7102,0.04980507120490074,0.20940354466438293,0.46582600474357605,0.7250346206128597
7103,0.05311507359147072,0.2516423761844635,0.5465691089630127,0.8513265587389469
7104,0.06186951324343681,0.28321731090545654,0.6283907294273376,0.973477553576231
7105,0.05088265612721443,0.2982655167579651,0.6523215770721436,1.001469749957323
7106,0.04295109212398529,0.23593658208847046,0.6141929030418396,0.8930805772542953
7107,0.04888029396533966,0.2322756052017212,0.5502066016197205,0.8313625007867813
7108,0.04622621461749077,0.2231331765651703,0.5821879506111145,0.8515473417937756
7109,0.07395819574594498,0.31847238540649414,0.6659436225891113,1.0583742037415504
7110,0.037971384823322296,0.16385743021965027,0.5400977730751038,0.7419265881180763
7111,0.061345990747213364,0.25587522983551025,0.6281501650810242,0.9453713856637478
7112,0.050738152116537094,0.22401514649391174,0.562792181968689,0.8375454805791378
7113,0.04489601403474808,0.25103649497032166,0.6208488941192627,0.9167814031243324
7114,0.05244249105453491,0.20676110684871674,0.540485143661499,0.7996887415647507
7115,0.04700691998004913,0.1743214875459671,0.45639804005622864,0.6777264475822449
7116,0.04903143644332886,0.22954097390174866,0.6110491752624512,0.8896215856075287
7117,0.047783251851797104,0.21061863005161285,0.569857656955719,0.828259538859129
7118,0.06444018334150314,0.3009468615055084,0.6668711304664612,1.0322581753134727
7119,0.04745037108659744,0.20377075672149658,0.5517401695251465,0.8029612973332405
7120,0.05208738520741463,0.1783972531557083,0.5171086192131042,0.7475932575762272
7121,0.06578076630830765,0.3082089126110077,0.6932984590530396,1.0672881379723549
7122,0.045014601200819016,0.19723480939865112,0.5547954440116882,0.7970448546111584
7123,0.06537511944770813,0.23329555988311768,0.5770601630210876,0.8757308423519135
7124,0.04872974380850792,0.2319146692752838,0.5707030892372131,0.8513475023210049
7125,0.068686842918396,0.2662215232849121,0.5922653079032898,0.9271736741065979
7126,0.049872901290655136,0.23205842077732086,0.5029733777046204,0.7849046997725964
7127,0.04823047295212746,0.21872183680534363,0.4937921464443207,0.7607444562017918
7128,0.05056537687778473,0.19297046959400177,0.4995723366737366,0.7431081831455231
7129,0.05039314553141594,0.23724718391895294,0.5673643946647644,0.8550047241151333
7130,0.0684245303273201,0.27958089113235474,0.6106160283088684,0.9586214497685432
7131,0.04347658529877663,0.14994865655899048,0.4838605523109436,0.6772857941687107
7132,0.04526973515748978,0.20710062980651855,0.5504674911499023,0.8028378561139107
7133,0.05288473144173622,0.26613670587539673,0.553193211555481,0.8722146488726139
7134,0.05193549394607544,0.2350061535835266,0.5488439798355103,0.8357856273651123
7135,0.04016398265957832,0.18509945273399353,0.5460421442985535,0.7713055796921253
7136,0.04428870603442192,0.2120521515607834,0.538201093673706,0.7945419512689114
7137,0.055673956871032715,0.2400238811969757,0.5666852593421936,0.862383097410202
7138,0.04808490350842476,0.21952807903289795,0.49232494831085205,0.7599379308521748
7139,0.0606401190161705,0.28380852937698364,0.6238503456115723,0.9682989940047264
7140,0.046762868762016296,0.20159050822257996,0.5234463214874268,0.771799698472023
7141,0.05705517902970314,0.24953672289848328,0.6123124361038208,0.9189043380320072
7142,0.054622896015644073,0.28470298647880554,0.6420994400978088,0.9814253225922585
7143,0.04530270770192146,0.1868520975112915,0.5412091612815857,0.7733639664947987
7144,0.055003631860017776,0.25241243839263916,0.5949640870094299,0.9023801572620869
7145,0.04861094430088997,0.19781853258609772,0.5337749123573303,0.780204389244318
7146,0.0701078325510025,0.288943350315094,0.659191370010376,1.0182425528764725
7147,0.05480840429663658,0.27236124873161316,0.6265103220939636,0.9536799751222134
7148,0.0488848015666008,0.21793901920318604,0.5293140411376953,0.7961378619074821
7149,0.05884764716029167,0.24831664562225342,0.552253782749176,0.8594180755317211
7150,0.03708042576909065,0.12425786256790161,0.3981412947177887,0.559479583054781
7151,0.06608125567436218,0.2830447554588318,0.627694845199585,0.9768208563327789
7152,0.04121537134051323,0.18677109479904175,0.504931628704071,0.732918094843626
7153,0.0559530183672905,0.23191522061824799,0.5750660300254822,0.8629342690110207
7154,0.060758888721466064,0.23148120939731598,0.6547685861587524,0.9470086842775345
7155,0.05308083817362785,0.24165819585323334,0.5684561133384705,0.8631951473653316
7156,0.03793856129050255,0.16185367107391357,0.47170332074165344,0.6714955531060696
7157,0.03707798942923546,0.16977737843990326,0.5041406750679016,0.7109960429370403
7158,0.040502503514289856,0.16188189387321472,0.49612244963645935,0.6985068470239639
7159,0.06680507212877274,0.27115777134895325,0.653564453125,0.991527296602726
7160,0.05245646461844444,0.24453510344028473,0.5588215589523315,0.8558131270110607
7161,0.05068494752049446,0.19411517679691315,0.5405048131942749,0.7853049375116825
7162,0.050963547080755234,0.22467945516109467,0.5447114706039429,0.8203544728457928
7163,0.03575500473380089,0.16259761154651642,0.4420706331729889,0.6404232494533062
7164,0.061811357736587524,0.2925048768520355,0.674448549747467,1.02876478433609
7165,0.048113659024238586,0.2094573974609375,0.5758633613586426,0.8334344178438187
7166,0.0505269430577755,0.25005581974983215,0.6433197855949402,0.9439025484025478
7167,0.0438397154211998,0.19291046261787415,0.5678540468215942,0.8046042248606682
7168,0.05689616501331329,0.2501741945743561,0.6384002566337585,0.9454706162214279
7169,0.053414229303598404,0.3172994554042816,0.7191283702850342,1.0898420549929142
7170,0.06837525963783264,0.29616498947143555,0.7079432010650635,1.0724834501743317
7171,0.04869924113154411,0.2065383642911911,0.5558674931526184,0.8111050985753536
7172,0.04249963164329529,0.1995316743850708,0.5328794121742249,0.7749107182025909
7173,0.054017793387174606,0.24845890700817108,0.545142650604248,0.8476193509995937
7174,0.05041244998574257,0.2792932987213135,0.6664654612541199,0.9961712099611759
7175,0.05218316987156868,0.2430810183286667,0.6340699195861816,0.929334107786417
7176,0.06026288494467735,0.2096269428730011,0.5922671556472778,0.8621569834649563
7177,0.04891958460211754,0.2515440583229065,0.5829991102218628,0.8834627531468868
7178,0.03918946534395218,0.18794754147529602,0.5106469392776489,0.7377839460968971
7179,0.05128813534975052,0.2037021517753601,0.5857060551643372,0.8406963422894478
7180,0.06200317293405533,0.2724968492984772,0.5592596530914307,0.8937596753239632
7181,0.04423123598098755,0.19275520741939545,0.5304275751113892,0.7674140185117722
7182,0.05217858776450157,0.2627081274986267,0.5854120850563049,0.9002988003194332
7183,0.05273745581507683,0.2436387985944748,0.5789965987205505,0.8753728531301022
7184,0.06784816831350327,0.3398798704147339,0.7594467997550964,1.1671748384833336
7185,0.04482344165444374,0.15673917531967163,0.39323583245277405,0.5947984494268894
7186,0.05076444149017334,0.21781516075134277,0.5348135232925415,0.8033931255340576
7187,0.05106630176305771,0.21816791594028473,0.5142322182655334,0.7834664359688759
7188,0.04160918667912483,0.1834995597600937,0.45216426253318787,0.6772730089724064
7189,0.05751574784517288,0.29104387760162354,0.6055915355682373,0.9541511610150337
7190,0.061096031218767166,0.3372642397880554,0.7167001962661743,1.115060467272997
7191,0.057427238672971725,0.274661123752594,0.6493971347808838,0.9814854972064495
7192,0.0707113966345787,0.30047059059143066,0.6280357241630554,0.9992177113890648
7193,0.041362639516592026,0.17502161860466003,0.47182297706604004,0.6882072351872921
7194,0.039729323238134384,0.17432758212089539,0.51116943359375,0.7252263389527798
7195,0.06448347121477127,0.21780909597873688,0.5515633821487427,0.8338559493422508
7196,0.045236118137836456,0.22088153660297394,0.5570520758628845,0.8231697306036949
7197,0.056350164115428925,0.27722305059432983,0.6392637491226196,0.9728369638323784
7198,0.04806632548570633,0.28289932012557983,0.6394481658935547,0.9704138115048409
7199,0.06991014629602432,0.32870352268218994,0.670128345489502,1.0687420144677162
7200,0.04712991788983345,0.21091781556606293,0.5032626986503601,0.7613104321062565
7201,0.03794394060969353,0.15559688210487366,0.4157296419143677,0.6092704646289349
7202,0.04903499409556389,0.18256257474422455,0.46292954683303833,0.6945271156728268
7203,0.041275765746831894,0.18011687695980072,0.5277703404426575,0.7491629831492901
7204,0.03239821642637253,0.13650953769683838,0.4908400774002075,0.6597478315234184
7205,0.05510279908776283,0.20132021605968475,0.5139927268028259,0.7704157419502735
7206,0.06867676228284836,0.3110225200653076,0.649265706539154,1.02896498888731
7207,0.05093793943524361,0.2147107869386673,0.5641927719116211,0.829841498285532
7208,0.052031565457582474,0.21868163347244263,0.582141637802124,0.8528548367321491
7209,0.047236114740371704,0.1958736628293991,0.5209754705429077,0.7640852481126785
7210,0.05805051699280739,0.2261439859867096,0.562703013420105,0.846897516399622
7211,0.04359494894742966,0.17294922471046448,0.5128114819526672,0.7293556556105614
7212,0.04654379189014435,0.3130134046077728,0.7021116614341736,1.0616688579320908
7213,0.03590599447488785,0.1465771645307541,0.4439522624015808,0.6264354214072227
7214,0.050341539084911346,0.18567143380641937,0.49909326434135437,0.7351062372326851
7215,0.06345244497060776,0.313529372215271,0.6518698930740356,1.0288517102599144
7216,0.05797314643859863,0.1995377391576767,0.48700451850891113,0.7445154041051865
7217,0.06847875565290451,0.29056796431541443,0.7104937434196472,1.0695404633879662
7218,0.044461920857429504,0.19898056983947754,0.530754566192627,0.774197056889534
7219,0.0386330783367157,0.17419926822185516,0.4633362293243408,0.6761685758829117
7220,0.05869457870721817,0.29889997839927673,0.6532105207443237,1.0108050778508186
7221,0.049060672521591187,0.27870842814445496,0.4450629651546478,0.772832065820694
7222,0.04705015569925308,0.17384624481201172,0.5165603160858154,0.7374567165970802
7223,0.06642527133226395,0.23845484852790833,0.5738058686256409,0.8786859884858131
7224,0.032593972980976105,0.14477850496768951,0.4902075231075287,0.6675800010561943
7225,0.051215995103120804,0.2461702823638916,0.5339000821113586,0.831286359578371
7226,0.045483365654945374,0.19338485598564148,0.5489916205406189,0.7878598421812057
7227,0.05542580410838127,0.21054497361183167,0.5609337687492371,0.82690454646945
7228,0.0454876571893692,0.2104690968990326,0.5747414231300354,0.8306981772184372
7229,0.046939216554164886,0.21424740552902222,0.517568051815033,0.7787546738982201
7230,0.06348845362663269,0.2601647675037384,0.6463261246681213,0.9699793457984924
7231,0.042247772216796875,0.24697834253311157,0.7045691013336182,0.9937952160835266
7232,0.07011391222476959,0.3297836184501648,0.709726095199585,1.1096236258745193
7233,0.057434916496276855,0.18810878694057465,0.540130078792572,0.7856737822294235
7234,0.046936556696891785,0.18968631327152252,0.529117226600647,0.7657400965690613
7235,0.055853839963674545,0.2983497679233551,0.6354468464851379,0.9896504543721676
7236,0.04733726754784584,0.22719909250736237,0.5572627186775208,0.831799078732729
7237,0.049351613968610764,0.21880055963993073,0.5188047289848328,0.7869569025933743
7238,0.06753965467214584,0.30172669887542725,0.7278434634208679,1.097109816968441
7239,0.04618923366069794,0.21008263528347015,0.5647096037864685,0.8209814727306366
7240,0.046036623418331146,0.1936202198266983,0.5056620836257935,0.7453189268708229
7241,0.03084477409720421,0.16062743961811066,0.4119366407394409,0.6034088544547558
7242,0.06599108129739761,0.243636354804039,0.5543593168258667,0.8639867529273033
7243,0.058673642575740814,0.23491337895393372,0.5447536706924438,0.8383406922221184
7244,0.033564623445272446,0.1484113484621048,0.3814573884010315,0.5634333603084087
7245,0.058048851788043976,0.2766423225402832,0.5953871011734009,0.9300782755017281
7246,0.05299605056643486,0.2614278197288513,0.5875355005264282,0.9019593708217144
7247,0.0436779260635376,0.18156640231609344,0.4765877425670624,0.7018320709466934
7248,0.04908077418804169,0.2652413845062256,0.6539022922515869,0.9682244509458542
7249,0.06453981250524521,0.27291619777679443,0.6144126653671265,0.9518686756491661
7250,0.03296063467860222,0.12445594370365143,0.4481980800628662,0.6056146584451199
7251,0.046472035348415375,0.2028978317975998,0.5267882943153381,0.7761581614613533
7252,0.034742001444101334,0.14510709047317505,0.4911637008190155,0.6710127927362919
7253,0.05108413100242615,0.1950622946023941,0.529704213142395,0.7758506387472153
7254,0.08141621202230453,0.3572859764099121,0.7556165456771851,1.1943187341094017
7255,0.03946436196565628,0.16511118412017822,0.4709629416465759,0.6755384877324104
7256,0.03843626379966736,0.22037892043590546,0.5924736857414246,0.8512888699769974
7257,0.05381368473172188,0.22358746826648712,0.5469021797180176,0.8243033327162266
7258,0.04606732726097107,0.17913413047790527,0.5580822229385376,0.7832836806774139
7259,0.049124933779239655,0.2036927193403244,0.46570178866386414,0.7185194417834282
7260,0.052490346133708954,0.2424485683441162,0.5463879108428955,0.8413268253207207
7261,0.060910336673259735,0.2746548652648926,0.6282332539558411,0.9637984558939934
7262,0.05021843686699867,0.2909674644470215,0.6521163582801819,0.993302259594202
7263,0.04234275594353676,0.22980177402496338,0.614051878452301,0.8861964084208012
7264,0.048372991383075714,0.2275162786245346,0.5500228404998779,0.8259121105074883
7265,0.04583662375807762,0.21948903799057007,0.5820689797401428,0.8473946414887905
7266,0.07276983559131622,0.31402161717414856,0.6658201813697815,1.0526116341352463
7267,0.03753208369016647,0.16116730868816376,0.5400382280349731,0.7387376204133034
7268,0.060803934931755066,0.251880407333374,0.6280494332313538,0.9407337754964828
7269,0.05023437365889549,0.21980848908424377,0.562698483467102,0.8327413462102413
7270,0.04438300058245659,0.24637547135353088,0.6207433938980103,0.9115018658339977
7271,0.051926176995038986,0.2012740969657898,0.5403922200202942,0.793592493981123
7272,0.046447914093732834,0.1703963726758957,0.4563083350658417,0.6731526218354702
7273,0.04841897636651993,0.22435006499290466,0.6108055114746094,0.883574552834034
7274,0.0472281239926815,0.206332728266716,0.5697357654571533,0.8232966177165508
7275,0.06384448707103729,0.2958388328552246,0.666704535484314,1.0263878554105759
7276,0.04683743044734001,0.19927087426185608,0.5516532063484192,0.7977615110576153
7277,0.05164187774062157,0.17515499889850616,0.5170329809188843,0.743829857558012
7278,0.06496273726224899,0.30427974462509155,0.69319087266922,1.0624333545565605
7279,0.04431779310107231,0.1938113272190094,0.5546988844871521,0.7928280048072338
7280,0.06403259932994843,0.22919443249702454,0.5769230723381042,0.8701501041650772
7281,0.048065681010484695,0.22852030396461487,0.5705654621124268,0.8471514470875263
7282,0.0677473172545433,0.262085884809494,0.5921554565429688,0.9219886586070061
7283,0.04924524948000908,0.2272426337003708,0.5028780102729797,0.7793658934533596
7284,0.04757103696465492,0.2147599756717682,0.4937458634376526,0.7560768760740757
7285,0.049924857914447784,0.18824556469917297,0.49946078658103943,0.7376312091946602
7286,0.04977703467011452,0.2328692227602005,0.5672589540481567,0.8499052114784718
7287,0.06757041811943054,0.27513113617897034,0.6105192303657532,0.953220784664154
7288,0.042951345443725586,0.14678427577018738,0.48378387093544006,0.673519492149353
7289,0.04455361142754555,0.20389661192893982,0.5504161715507507,0.7988663949072361
7290,0.052307866513729095,0.26264455914497375,0.5530331134796143,0.8679855391383171
7291,0.0512436181306839,0.23123031854629517,0.5487388968467712,0.8312128335237503
7292,0.03959585353732109,0.18196573853492737,0.5459315776824951,0.7674931697547436
7293,0.04362304508686066,0.20786237716674805,0.5380699634552002,0.7895553857088089
7294,0.05497079715132713,0.23551824688911438,0.5664864778518677,0.8569755218923092
7295,0.04735761135816574,0.21521170437335968,0.4921674430370331,0.7547367587685585
7296,0.06006144359707832,0.2785353362560272,0.623725414276123,0.9623221941292286
7297,0.045993003994226456,0.1970817893743515,0.5233179330825806,0.7663927264511585
7298,0.05641947314143181,0.24512054026126862,0.6121751070022583,0.9137151204049587
7299,0.05399974063038826,0.2807759940624237,0.6419860124588013,0.9767617471516132
7300,0.04481382295489311,0.1841059923171997,0.5411338210105896,0.7700536362826824
7301,0.05396956577897072,0.2483903169631958,0.5948508381843567,0.8972107209265232
7302,0.048140332102775574,0.19466011226177216,0.5336806774139404,0.7764811217784882
7303,0.06935088336467743,0.2844138443470001,0.6590182781219482,1.0127830058336258
7304,0.05404471606016159,0.268573135137558,0.6264054775238037,0.9490233287215233
7305,0.048220451921224594,0.21390171349048615,0.5291856527328491,0.7913078181445599
7306,0.05821024253964424,0.243430033326149,0.5520879030227661,0.8537281788885593
7307,0.036516621708869934,0.12125713378190994,0.3980851471424103,0.5558589026331902
7308,0.06549780070781708,0.27817481756210327,0.6275725960731506,0.971245214343071
7309,0.040713489055633545,0.183241605758667,0.504845142364502,0.7288002371788025
7310,0.055358629673719406,0.2278466522693634,0.5749537348747253,0.8581590168178082
7311,0.06014174222946167,0.22763969004154205,0.654625415802002,0.9424068480730057
7312,0.052301403135061264,0.23809599876403809,0.5683291554450989,0.8587265573441982
7313,0.03743526712059975,0.15936379134655,0.47163328528404236,0.6684323437511921
7314,0.03665689006447792,0.16631653904914856,0.5040779709815979,0.7070514000952244
7315,0.040050238370895386,0.1589239537715912,0.49601441621780396,0.6949886083602905
7316,0.06595597416162491,0.26691684126853943,0.653435230255127,0.9863080456852913
7317,0.05188164487481117,0.24067527055740356,0.5586583018302917,0.8512152172625065
7318,0.05012909322977066,0.1897304356098175,0.5403611660003662,0.7802206948399544
7319,0.05029325187206268,0.22003845870494843,0.5445512533187866,0.8148829638957977
7320,0.03507626801729202,0.15848076343536377,0.4420158565044403,0.6355728879570961
7321,0.06105058640241623,0.28714048862457275,0.674332857131958,1.022523932158947
7322,0.04749839007854462,0.20602306723594666,0.5757381916046143,0.8292596489191055
7323,0.050090596079826355,0.2465021312236786,0.6431755423545837,0.9397682696580887
7324,0.04336167126893997,0.19034859538078308,0.5677902698516846,0.8015005365014076
7325,0.056093085557222366,0.24615970253944397,0.638249933719635,0.9405027218163013
7326,0.05277211219072342,0.31225156784057617,0.7189463376998901,1.0839700177311897
7327,0.06776321679353714,0.2902977168560028,0.7077414989471436,1.0658024325966835
7328,0.048214469105005264,0.20259101688861847,0.555760383605957,0.8065658695995808
7329,0.0419941283762455,0.1961570829153061,0.532798171043396,0.7709493823349476
7330,0.05350300669670105,0.24465468525886536,0.5449966788291931,0.8431543707847595
7331,0.049843765795230865,0.275088369846344,0.6663428544998169,0.9912749901413918
7332,0.05154629424214363,0.2389763742685318,0.6340075135231018,0.9245301820337772
7333,0.059316135942935944,0.20623013377189636,0.5921749472618103,0.8577212169766426
7334,0.04833678528666496,0.24806790053844452,0.5829222202301025,0.879326906055212
7335,0.03870170935988426,0.18512515723705292,0.5105435848236084,0.7343704514205456
7336,0.05075225234031677,0.2000916451215744,0.5856082439422607,0.8364521414041519
7337,0.061255279928445816,0.26913395524024963,0.559095025062561,0.8894842602312565
7338,0.04366108030080795,0.18964803218841553,0.5303213000297546,0.7636304125189781
7339,0.05150822922587395,0.2580222189426422,0.5852640867233276,0.8947945348918438
7340,0.052002497017383575,0.23858508467674255,0.5788450837135315,0.8694326654076576
7341,0.06693106889724731,0.3332309424877167,0.7592909336090088,1.1594529449939728
7342,0.04410314932465553,0.1529855579137802,0.3931039571762085,0.5901926644146442
7343,0.05001368373632431,0.2134554386138916,0.5346907377243042,0.7981598600745201
7344,0.050319232046604156,0.21492141485214233,0.5141483545303345,0.779389001429081
7345,0.041132356971502304,0.18029384315013885,0.4520460069179535,0.6734722070395947
7346,0.05685999244451523,0.2872335612773895,0.6054681539535522,0.949561707675457
7347,0.06051721051335335,0.33303067088127136,0.716532289981842,1.1100801713764668
7348,0.05690665915608406,0.27004215121269226,0.6492229104042053,0.9761717207729816
7349,0.06999756395816803,0.29613256454467773,0.6279236078262329,0.9940537363290787
7350,0.040895942598581314,0.17196692526340485,0.4716606140136719,0.684523481875658
7351,0.03934550657868385,0.17097488045692444,0.5110822319984436,0.7214026190340519
7352,0.06365437805652618,0.21453681588172913,0.5514563918113708,0.8296475857496262
7353,0.04470692574977875,0.21666570007801056,0.5569459795951843,0.8183186054229736
7354,0.055607493966817856,0.27361100912094116,0.6391654014587402,0.9683839045464993
7355,0.04760726913809776,0.27910929918289185,0.6393065452575684,0.966023113578558
7356,0.06917084008455276,0.32501715421676636,0.6699745655059814,1.0641625598073006
7357,0.04660450294613838,0.20793794095516205,0.5031692385673523,0.7577116824686527
7358,0.03750189393758774,0.1533367931842804,0.41563424468040466,0.6064729318022728
7359,0.04851832985877991,0.1799491047859192,0.46283474564552307,0.6913021802902222
7360,0.0408112034201622,0.17726893723011017,0.527667760848999,0.7457479014992714
7361,0.031968045979738235,0.13403302431106567,0.49077752232551575,0.6567785926163197
7362,0.054566141217947006,0.1977892369031906,0.5138897895812988,0.7662451677024364
7363,0.06807637959718704,0.30665677785873413,0.6490920186042786,1.0238251760601997
7364,0.050420645624399185,0.2106470912694931,0.5641032457351685,0.8251709826290607
7365,0.05163339897990227,0.21468405425548553,0.5820677280426025,0.8483851812779903
7366,0.04661508649587631,0.19245944917201996,0.5208499431610107,0.759924478828907
7367,0.05744555592536926,0.2231765240430832,0.5626262426376343,0.8432483226060867
7368,0.04304554685950279,0.17010775208473206,0.5126920342445374,0.7258453331887722
7369,0.04606416076421738,0.309128999710083,0.7020024657249451,1.0571956261992455
7370,0.035267408937215805,0.14370211958885193,0.44387587904930115,0.6228454075753689
7371,0.0497257262468338,0.18270058929920197,0.49902206659317017,0.7314483821392059
7372,0.06278334558010101,0.30956655740737915,0.6517800688743591,1.0241299718618393
7373,0.057230278849601746,0.1967276781797409,0.4868866205215454,0.7408445775508881
7374,0.0676189735531807,0.28673699498176575,0.7104079127311707,1.064763881266117
7375,0.0440370999276638,0.19658832252025604,0.5306870341300964,0.7713124565780163
7376,0.03817159682512283,0.17203666269779205,0.4632635712623596,0.6734718307852745
7377,0.05824308097362518,0.2958168685436249,0.6531187891960144,1.0071787387132645
7378,0.04870566725730896,0.2764934003353119,0.44501566886901855,0.7702147364616394
7379,0.046635694801807404,0.1709234118461609,0.5164744257926941,0.7340335324406624
7380,0.06588172167539597,0.23497195541858673,0.5736686587333679,0.8745223358273506
7381,0.03217082843184471,0.14212951064109802,0.49014171957969666,0.6644420586526394
7382,0.05069821700453758,0.24337077140808105,0.5337427854537964,0.827811773866415
7383,0.04514029994606972,0.19006183743476868,0.548882246017456,0.7840843833982944
7384,0.054878734052181244,0.2072702944278717,0.5608575940132141,0.8230066224932671
7385,0.04500041529536247,0.20696143805980682,0.5746328830718994,0.8265947364270687
7386,0.046506330370903015,0.21101225912570953,0.5174959897994995,0.7750145792961121
7387,0.06266867369413376,0.2567623257637024,0.6462483406066895,0.9656793400645256
7388,0.041674964129924774,0.24330933392047882,0.7044602036476135,0.9894445016980171
7389,0.06936109811067581,0.3261428773403168,0.7096132636070251,1.1051172390580177
7390,0.05668925121426582,0.1849728375673294,0.5400531888008118,0.781715277582407
7391,0.046478740870952606,0.18676955997943878,0.5290336608886719,0.7622819617390633
7392,0.05521253123879433,0.2944048047065735,0.6353132128715515,0.9849305488169193
7393,0.046698197722435,0.22335267066955566,0.5571390390396118,0.8271899074316025
7394,0.0487527959048748,0.2150217443704605,0.5186895728111267,0.782464113086462
7395,0.06684178113937378,0.2957342267036438,0.7277131080627441,1.0902891159057617
7396,0.04557650536298752,0.20683768391609192,0.5646215677261353,0.8170357570052147
7397,0.0455554760992527,0.19098088145256042,0.5055777430534363,0.7421141006052494
7398,0.03040781430900097,0.15748076140880585,0.41178062558174133,0.5996692012995481
7399,0.06552733480930328,0.2407316118478775,0.5542664527893066,0.8605253994464874
7400,0.05809849500656128,0.23093809187412262,0.5446727275848389,0.8337093144655228
7401,0.033241331577301025,0.14557592570781708,0.381391316652298,0.5602085739374161
7402,0.05746719613671303,0.271717369556427,0.5952755808830261,0.9244601465761662
7403,0.05226753279566765,0.2562488615512848,0.5874137878417969,0.8959301821887493
7404,0.04305471107363701,0.17722341418266296,0.47649985551834106,0.696777980774641
7405,0.048356182873249054,0.2598152160644531,0.6537401676177979,0.9619115665555
7406,0.0638255625963211,0.26705169677734375,0.6142642498016357,0.9451415091753006
7407,0.03259336203336716,0.1210070550441742,0.4481000304222107,0.601700447499752
7408,0.04600552096962929,0.1987161636352539,0.5266638994216919,0.7713855840265751
7409,0.03431916609406471,0.1412184238433838,0.49107035994529724,0.6666079498827457
7410,0.05042831227183342,0.19166964292526245,0.5296350717544556,0.7717330269515514
7411,0.08066825568675995,0.3532598316669464,0.75550377368927,1.1894318610429764
7412,0.039100274443626404,0.16218359768390656,0.47093865275382996,0.6722225248813629
7413,0.03801845386624336,0.21613489091396332,0.5923917889595032,0.8465451337397099
7414,0.05326252803206444,0.2191365361213684,0.5468277335166931,0.819226797670126
7415,0.04544901102781296,0.17344331741333008,0.5579807758331299,0.7768731042742729
7416,0.04851316288113594,0.19844526052474976,0.46558457612991333,0.712542999535799
7417,0.05189542472362518,0.2338017225265503,0.5462225079536438,0.8319196552038193
7418,0.060111429542303085,0.2670120894908905,0.6280899047851562,0.9552134238183498
7419,0.04960928484797478,0.2839675843715668,0.6519179344177246,0.9854948036372662
7420,0.0418517142534256,0.22381055355072021,0.6139252185821533,0.8795874863862991
7421,0.04794371873140335,0.22275079786777496,0.5498676300048828,0.8205621466040611
7422,0.0454116053879261,0.21579685807228088,0.581948459148407,0.843156922608614
7423,0.0716533213853836,0.3099416196346283,0.665683388710022,1.0472783297300339
7424,0.03712764009833336,0.1590263545513153,0.5399819612503052,0.7361359558999538
7425,0.060316480696201324,0.24823425710201263,0.627961277961731,0.9365120157599449
7426,0.04978863149881363,0.21609346568584442,0.5625985860824585,0.8284806832671165
7427,0.043839048594236374,0.24199628829956055,0.6206599473953247,0.9064952842891216
7428,0.05147453024983406,0.19641295075416565,0.5403251647949219,0.7882126457989216
7429,0.04593323916196823,0.1669946312904358,0.45622745156288147,0.6691553220152855
7430,0.047895096242427826,0.2195713222026825,0.6106043457984924,0.8780707642436028
7431,0.04671606048941612,0.2024250626564026,0.5696228742599487,0.8187639974057674
7432,0.0632716715335846,0.2911214828491211,0.6665500402450562,1.0209431946277618
7433,0.046271905303001404,0.19528861343860626,0.5515761375427246,0.7931366562843323
7434,0.051248326897621155,0.17206799983978271,0.5169463157653809,0.7402626425027847
7435,0.06422652304172516,0.3007185757160187,0.6931017637252808,1.0580468624830246
7436,0.04366620257496834,0.19074057042598724,0.5546197891235352,0.7890265621244907
7437,0.06288452446460724,0.22556620836257935,0.5768103003501892,0.8652610331773758
7438,0.04748702794313431,0.225568488240242,0.5704352259635925,0.8434907421469688
7439,0.0669851303100586,0.25864753127098083,0.5920339822769165,0.9176666438579559
7440,0.04866008460521698,0.22292205691337585,0.5027779936790466,0.7743601351976395
7441,0.046977002173662186,0.21135805547237396,0.49369704723358154,0.7520321048796177
7442,0.04931094869971275,0.1840733289718628,0.49935320019721985,0.7327374778687954
7443,0.04919413849711418,0.22891554236412048,0.5671639442443848,0.8452736251056194
7444,0.06687834858894348,0.27095502614974976,0.6104241609573364,0.9482575356960297
7445,0.04239267483353615,0.14400148391723633,0.48372742533683777,0.6701215840876102
7446,0.04399195685982704,0.20108662545681,0.5503510236740112,0.7954296059906483
7447,0.05173905938863754,0.25958994030952454,0.552871584892273,0.864200584590435
7448,0.050566527992486954,0.22773391008377075,0.5486416220664978,0.8269420601427555
7449,0.039060186594724655,0.17892102897167206,0.5458238124847412,0.7638050280511379
7450,0.04302411526441574,0.20408393442630768,0.5379485487937927,0.7850565984845161
7451,0.05428764969110489,0.2314510941505432,0.5663006901741028,0.8520394340157509
7452,0.0467374287545681,0.21133604645729065,0.49201831221580505,0.7500917874276638
7453,0.05949454382061958,0.2737475335597992,0.6236372590065002,0.956879336386919
7454,0.04523146152496338,0.19310599565505981,0.5232176184654236,0.7615550756454468
7455,0.05579704791307449,0.24128083884716034,0.6120548844337463,0.9091327711939812
7456,0.05342910438776016,0.2771093249320984,0.6418596506118774,0.972398079931736
7457,0.044322773814201355,0.18137024343013763,0.5410616397857666,0.7667546570301056
7458,0.05302648991346359,0.24477669596672058,0.594731330871582,0.8925345167517662
7459,0.04763065278530121,0.19179847836494446,0.5335810780525208,0.7730102092027664
7460,0.06867531687021255,0.28035804629325867,0.658860981464386,1.0078943446278572
7461,0.053369421511888504,0.26497551798820496,0.6263108849525452,0.9446558244526386
7462,0.047669023275375366,0.20983579754829407,0.5290467143058777,0.7865515351295471
7463,0.05765834450721741,0.238791361451149,0.5519194006919861,0.8483691066503525
7464,0.036072101444005966,0.11834673583507538,0.3980353772640228,0.5524542145431042
7465,0.06502370536327362,0.27382081747055054,0.6274464130401611,0.9662909358739853
7466,0.04023771360516548,0.17993123829364777,0.5047802329063416,0.7249491848051548
7467,0.05484085902571678,0.22385980188846588,0.5748249888420105,0.8535256497561932
7468,0.05960321053862572,0.2242075353860855,0.6544786691665649,0.9382894150912762
7469,0.051751937717199326,0.2347685843706131,0.5682651400566101,0.8547856621444225
7470,0.036958616226911545,0.1570291370153427,0.47157734632492065,0.6655650995671749
7471,0.03622816130518913,0.16331280767917633,0.5040052533149719,0.7035462222993374
7472,0.03959735110402107,0.15634311735630035,0.4959210753440857,0.6918615438044071
7473,0.06519041210412979,0.26324161887168884,0.6533356308937073,0.9817676618695259
7474,0.05133333057165146,0.23726944625377655,0.5585238933563232,0.8471266701817513
7475,0.04958702251315117,0.18573668599128723,0.5402454137802124,0.7755691222846508
7476,0.049701642245054245,0.21571959555149078,0.5444214344024658,0.8098426721990108
7477,0.0344984196126461,0.1545601189136505,0.44195371866226196,0.6310122571885586
7478,0.0603647381067276,0.28231489658355713,0.674251914024353,1.0169315487146378
7479,0.04687613621354103,0.2030678242444992,0.5756604075431824,0.8256043680012226
7480,0.04964963719248772,0.24370379745960236,0.6430299282073975,0.9363833628594875
7481,0.04288811236619949,0.18822041153907776,0.5677411556243896,0.7988496795296669
7482,0.05538156256079674,0.24282899498939514,0.6381044983863831,0.9363150559365749
7483,0.05215248838067055,0.3079925775527954,0.718782901763916,1.078927967697382
7484,0.06716655194759369,0.2854968011379242,0.7075498104095459,1.0602131634950638
7485,0.04779813811182976,0.19909468293190002,0.5556535720825195,0.8025463931262493
7486,0.04153483733534813,0.19318251311779022,0.5327050685882568,0.7674224190413952
7487,0.05302412062883377,0.24116301536560059,0.5448729395866394,0.8390600755810738
7488,0.049265533685684204,0.271443247795105,0.6662414073944092,0.9869501888751984
7489,0.05093346908688545,0.23544900119304657,0.6339616775512695,0.9203441478312016
7490,0.05844424292445183,0.20290632545948029,0.5920971632003784,0.8534477315843105
7491,0.0477551631629467,0.24483990669250488,0.582844614982605,0.8754396848380566
7492,0.038217827677726746,0.18257275223731995,0.5104370713233948,0.7312276512384415
7493,0.050250593572854996,0.19674904644489288,0.5855125784873962,0.8325122185051441
7494,0.06056686490774155,0.2659730613231659,0.5589686632156372,0.8855085894465446
7495,0.0430750735104084,0.18684405088424683,0.5302274227142334,0.7601465471088886
7496,0.05087694898247719,0.2534777820110321,0.5850961804389954,0.8894509114325047
7497,0.051338404417037964,0.23380528390407562,0.5787057280540466,0.8638494163751602
7498,0.06614160537719727,0.3273894488811493,0.7591313123703003,1.1526623666286469
7499,0.043368320912122726,0.14957395195960999,0.392988920211792,0.5859311930835247
7500,0.049287810921669006,0.20935583114624023,0.5345433950424194,0.7931870371103287
7501,0.0496242456138134,0.21177390217781067,0.5140450596809387,0.7754432074725628
7502,0.04071759432554245,0.1772758662700653,0.451931357383728,0.6699248179793358
7503,0.05621105432510376,0.2836135923862457,0.6053504943847656,0.9451751410961151
7504,0.05994175001978874,0.32905617356300354,0.716385006904602,1.1053829304873943
7505,0.05640753358602524,0.2656516432762146,0.6490761637687683,0.9711353406310081
7506,0.06930442154407501,0.29206499457359314,0.6278062462806702,0.9891756623983383
7507,0.04045844450592995,0.16893982887268066,0.4715260863304138,0.6809243597090244
7508,0.03896971046924591,0.16760599613189697,0.5110005736351013,0.7175762802362442
7509,0.06286223977804184,0.21102285385131836,0.5513504147529602,0.8252355083823204
7510,0.044205307960510254,0.21248503029346466,0.5568661689758301,0.813556507229805
7511,0.05497882142663002,0.270006388425827,0.6390584111213684,0.9640436209738255
7512,0.047136932611465454,0.2754059135913849,0.6391884684562683,0.9617313146591187
7513,0.06852008402347565,0.3213885724544525,0.6698277592658997,1.0597364157438278
7514,0.046154629439115524,0.20488175749778748,0.5030805468559265,0.7541169337928295
7515,0.037100132554769516,0.151015505194664,0.4155225157737732,0.6036381535232067
7516,0.048015955835580826,0.1776089370250702,0.46275636553764343,0.6883812583982944
7517,0.04034298285841942,0.17450378835201263,0.5275614261627197,0.7424081973731518
7518,0.03158549219369888,0.13158650696277618,0.49070626497268677,0.6538782641291618
7519,0.05407050997018814,0.1942806988954544,0.5137897729873657,0.7621409818530083
7520,0.06755796819925308,0.30252307653427124,0.6489276885986328,1.0190087333321571
7521,0.04994916543364525,0.20656274259090424,0.5639748573303223,0.8204867653548717
7522,0.051238980144262314,0.21066731214523315,0.5819925665855408,0.8438988588750362
7523,0.04604920372366905,0.1892995983362198,0.520749568939209,0.7560983709990978
7524,0.05693791061639786,0.21994689106941223,0.5625149011611938,0.8393997028470039
7525,0.04251784831285477,0.16733688116073608,0.5125823616981506,0.7224370911717415
7526,0.04560413584113121,0.3051431477069855,0.7018685936927795,1.0526158772408962
7527,0.03472638130187988,0.1406480222940445,0.4438084065914154,0.6191828101873398
7528,0.049191247671842575,0.17954832315444946,0.4989543557167053,0.7276939265429974
7529,0.062125228345394135,0.3058727979660034,0.651680588722229,1.0196786150336266
7530,0.05652560293674469,0.19378341734409332,0.48677968978881836,0.7370887100696564
7531,0.0668129101395607,0.28291571140289307,0.7103062868118286,1.0600349083542824
7532,0.04362470284104347,0.1940835565328598,0.5306060910224915,0.7683143503963947
7533,0.037713319063186646,0.16994285583496094,0.46320247650146484,0.6708586513996124
7534,0.05784197896718979,0.2928996682167053,0.6530356407165527,1.0037772879004478
7535,0.04827357828617096,0.2745860815048218,0.44493231177330017,0.7677919715642929
7536,0.046234019100666046,0.1684858798980713,0.516413688659668,0.7311335876584053
7537,0.0654045045375824,0.23169276118278503,0.57355135679245,0.8706486225128174
7538,0.031755588948726654,0.13963603973388672,0.49006128311157227,0.6614529117941856
7539,0.050164755433797836,0.24087229371070862,0.5335990190505981,0.8246360681951046
7540,0.044765081256628036,0.1870923489332199,0.5487893223762512,0.7806467525660992
7541,0.05434691533446312,0.20429277420043945,0.5607797503471375,0.81941943988204
7542,0.04454026371240616,0.20407414436340332,0.574535071849823,0.8231494799256325
7543,0.04608139768242836,0.20841185748577118,0.5174343585968018,0.7719276137650013
7544,0.06193593144416809,0.253750205039978,0.6461519598960876,0.9618380963802338
7545,0.041135068982839584,0.24006502330303192,0.7043639421463013,0.9855640344321728
7546,0.06854970008134842,0.3230208456516266,0.7095372080802917,1.1011077538132668
7547,0.05603853240609169,0.1821574717760086,0.5399697422981262,0.7781657464802265
7548,0.04606010019779205,0.18393349647521973,0.5289558172225952,0.758949413895607
7549,0.05459623411297798,0.2909281253814697,0.6352050304412842,0.9807293899357319
7550,0.04611368849873543,0.22008994221687317,0.5570290088653564,0.823232639580965
7551,0.04825443774461746,0.21174106001853943,0.5186083316802979,0.7786038294434547
7552,0.06622736901044846,0.29073116183280945,0.7275776863098145,1.0845362171530724
7553,0.04498876631259918,0.20393052697181702,0.5645643472671509,0.8134836405515671
7554,0.0450444370508194,0.18844154477119446,0.5055038928985596,0.7389898747205734
7555,0.02999093383550644,0.15465733408927917,0.41164472699165344,0.5962929949164391
7556,0.06501820683479309,0.23817692697048187,0.5541692972183228,0.8573644310235977
7557,0.05761353671550751,0.22763752937316895,0.5445770025253296,0.829828068614006
7558,0.032965753227472305,0.1429457813501358,0.38132980465888977,0.5572413392364979
7559,0.056918948888778687,0.2675294280052185,0.5951988697052002,0.9196472465991974
7560,0.051622409373521805,0.25175976753234863,0.5873084664344788,0.8906906433403492
7561,0.04252617433667183,0.173675537109375,0.47640520334243774,0.6926069147884846
7562,0.047691501677036285,0.2552140951156616,0.6536126732826233,0.9565182700753212
7563,0.06314664334058762,0.2619374990463257,0.6141073703765869,0.9391915127635002
7564,0.03222476318478584,0.11821241676807404,0.44801172614097595,0.5984489060938358
7565,0.04560691490769386,0.19494861364364624,0.5265378355979919,0.767093364149332
7566,0.033908817917108536,0.1380794495344162,0.4909810423851013,0.662969309836626
7567,0.049836792051792145,0.1886829137802124,0.5295798778533936,0.7680995836853981
7568,0.07996632903814316,0.3495502173900604,0.7553967237472534,1.184913270175457
7569,0.038718756288290024,0.15936173498630524,0.4709058105945587,0.668986301869154
7570,0.0375479981303215,0.21227692067623138,0.592325747013092,0.8421506658196449
7571,0.05268631502985954,0.21510285139083862,0.5467626452445984,0.8145518116652966
7572,0.04490765184164047,0.16819339990615845,0.5578850507736206,0.7709861025214195
7573,0.04797174409031868,0.1940360814332962,0.4654793441295624,0.7074871696531773
7574,0.05130982771515846,0.22608444094657898,0.5460656881332397,0.8234599567949772
7575,0.05933249741792679,0.26023128628730774,0.627932071685791,0.9474958553910255
7576,0.04903236776590347,0.27770039439201355,0.6517404913902283,0.9784732535481453
7577,0.04138166084885597,0.21855220198631287,0.6138050556182861,0.873738918453455
7578,0.04748496040701866,0.21872615814208984,0.5497375726699829,0.8159486912190914
7579,0.04503638297319412,0.21234123408794403,0.5818403959274292,0.8392180129885674
7580,0.07067997753620148,0.3063082695007324,0.6655706167221069,1.0425588637590408
7581,0.03671994432806969,0.156770721077919,0.5399237275123596,0.7334143929183483
7582,0.059812031686306,0.2447853684425354,0.6278876066207886,0.93248500674963
7583,0.049331218004226685,0.21265310049057007,0.5625094175338745,0.8244937360286713
7584,0.043377332389354706,0.23777255415916443,0.620589017868042,0.9017389044165611
7585,0.051043517887592316,0.19208095967769623,0.5402446985244751,0.7833691760897636
7586,0.045433409512043,0.16372579336166382,0.45615699887275696,0.6653162017464638
7587,0.047339748591184616,0.2152402698993683,0.6104246377944946,0.8730046562850475
7588,0.0462113618850708,0.19894683361053467,0.5695011019706726,0.8146592974662781
7589,0.06269793212413788,0.2868673503398895,0.6664032340049744,1.0159685164690018
7590,0.04569695517420769,0.19180190563201904,0.5514868497848511,0.7889857105910778
7591,0.05085116997361183,0.16914229094982147,0.5168640613555908,0.7368575222790241
7592,0.06347186118364334,0.29733431339263916,0.693030595779419,1.0538367703557014
7593,0.043076708912849426,0.18793663382530212,0.5545259714126587,0.7855393141508102
7594,0.06180834770202637,0.22227616608142853,0.5766929984092712,0.8607775121927261
7595,0.04693641886115074,0.22260956466197968,0.5703213214874268,0.8398673050105572
7596,0.06620638072490692,0.2551807463169098,0.5919407606124878,0.9133278876543045
7597,0.04813140630722046,0.2187548279762268,0.5026862025260925,0.7695724368095398
7598,0.04643530026078224,0.20807312428951263,0.4936544895172119,0.7481629140675068
7599,0.04872217774391174,0.1802912950515747,0.4992694556713104,0.7282829284667969
7600,0.04869832098484039,0.2251739203929901,0.5670621991157532,0.8409344404935837
7601,0.06631108373403549,0.2672666609287262,0.6103161573410034,0.9438939020037651
7602,0.041882503777742386,0.14155824482440948,0.4836495518684387,0.6670903004705906
7603,0.04341612756252289,0.1986084282398224,0.550308883190155,0.7923334389925003
7604,0.051217466592788696,0.25687316060066223,0.5527143478393555,0.8608049750328064
7605,0.04998094215989113,0.22440491616725922,0.5485468506813049,0.8229327090084553
7606,0.038575105369091034,0.1760621964931488,0.5457166433334351,0.7603539451956749
7607,0.04248320311307907,0.20081734657287598,0.5378265976905823,0.7811271473765373
7608,0.053638193756341934,0.22768275439739227,0.5661373138427734,0.8474582619965076
7609,0.04620044305920601,0.20782506465911865,0.4918985962867737,0.7459241040050983
7610,0.058992791920900345,0.2696903347969055,0.6235193014144897,0.9522024281322956
7611,0.04457683861255646,0.18955117464065552,0.5231202244758606,0.7572482377290726
7612,0.05529019609093666,0.2377360314130783,0.6119489073753357,0.9049751348793507
7613,0.052945878356695175,0.27360981702804565,0.6417538523674011,0.968309547752142
7614,0.043878208845853806,0.17880620062351227,0.5410025119781494,0.7636869214475155
7615,0.05221286043524742,0.24149322509765625,0.5946255922317505,0.8883316777646542
7616,0.04720718413591385,0.18920288980007172,0.533499538898468,0.7699096128344536
7617,0.06806973367929459,0.27693676948547363,0.658734142780304,1.0037406459450722
7618,0.052697017788887024,0.26174819469451904,0.6262466311454773,0.9406918436288834
7619,0.047111183404922485,0.20620201528072357,0.5289575457572937,0.7822707444429398
7620,0.05716174468398094,0.2346295863389969,0.5517716407775879,0.8435629718005657
7621,0.03562963008880615,0.11595232039690018,0.39799928665161133,0.5495812371373177
7622,0.06453143805265427,0.2699931859970093,0.6273272633552551,0.9618518874049187
7623,0.03979797661304474,0.17687033116817474,0.5047076940536499,0.7213760018348694
7624,0.05432124435901642,0.2203437089920044,0.5747289061546326,0.8493938595056534
7625,0.05900994688272476,0.22126421332359314,0.6543446183204651,0.934618778526783
7626,0.051194287836551666,0.2318568080663681,0.5682020783424377,0.8512531742453575
7627,0.036467697471380234,0.15501762926578522,0.47150540351867676,0.6629907302558422
7628,0.035824935883283615,0.16055922210216522,0.5039611458778381,0.700345303863287
7629,0.0391714833676815,0.15415899455547333,0.4958460032939911,0.6891764812171459
7630,0.06448767334222794,0.26007288694381714,0.6532519459724426,0.9778125062584877
7631,0.05082974210381508,0.2342621237039566,0.5584031343460083,0.84349500015378
7632,0.04910558462142944,0.1822139024734497,0.5401361584663391,0.7714556455612183
7633,0.049152594059705734,0.21179433166980743,0.544291615486145,0.8052385412156582
7634,0.03394196555018425,0.150935098528862,0.44191625714302063,0.6267933212220669
7635,0.05980825796723366,0.27805468440055847,0.674149215221405,1.0120121575891972
7636,0.04636036977171898,0.20020119845867157,0.5755564570426941,0.8221180252730846
7637,0.04920273274183273,0.24067267775535583,0.6429077386856079,0.9327831491827965
7638,0.04248414188623428,0.18613959848880768,0.5676906704902649,0.7963144108653069
7639,0.05467033013701439,0.2394518405199051,0.6379712820053101,0.9320934526622295
7640,0.05155749246478081,0.30377092957496643,0.7186508774757385,1.0739792995154858
7641,0.06659598648548126,0.2808765470981598,0.7073826789855957,1.0548552125692368
7642,0.04735864698886871,0.19571150839328766,0.5555474162101746,0.7986175715923309
7643,0.04108423739671707,0.19043371081352234,0.5326386094093323,0.7641565576195717
7644,0.052596475929021835,0.238023042678833,0.5447333455085754,0.8353528641164303
7645,0.04877984896302223,0.26786917448043823,0.6661382913589478,0.9827873148024082
7646,0.05039982870221138,0.2321959137916565,0.6339101791381836,0.9165059216320515
7647,0.05761127173900604,0.19982309639453888,0.5920039415359497,0.8494383096694946
7648,0.04722754657268524,0.2417832314968109,0.5827775597572327,0.8717883378267288
7649,0.03778257593512535,0.17997899651527405,0.5103554725646973,0.7281170450150967
7650,0.0496995635330677,0.19349585473537445,0.5854182839393616,0.8286137022078037
7651,0.059883419424295425,0.2628490924835205,0.5588233470916748,0.8815558589994907
7652,0.04250938445329666,0.1841893494129181,0.5301257371902466,0.7568244710564613
7653,0.05026102811098099,0.24930766224861145,0.5849441289901733,0.8845128193497658
7654,0.05073269084095955,0.229307621717453,0.5785620808601379,0.8586023934185505
7655,0.0653393343091011,0.32186517119407654,0.758996307849884,1.1462008133530617
7656,0.042682092636823654,0.14618922770023346,0.3928667902946472,0.5817381106317043
7657,0.048659924417734146,0.20545847713947296,0.5344357490539551,0.7885541506111622
7658,0.04895029217004776,0.20867836475372314,0.5139452219009399,0.7715738788247108
7659,0.04031671956181526,0.174392968416214,0.45182937383651733,0.6665390618145466
7660,0.05563187226653099,0.2801918089389801,0.6052170395851135,0.9410407207906246
7661,0.05942017585039139,0.3254454731941223,0.7162514925003052,1.1011171415448189
7662,0.0559115931391716,0.261621356010437,0.6489650011062622,0.9664979502558708
7663,0.06859887391328812,0.28856778144836426,0.6277044415473938,0.9848710969090462
7664,0.04001341760158539,0.16636861860752106,0.47140589356422424,0.6777879297733307
7665,0.03860693797469139,0.16468916833400726,0.5109251737594604,0.7142212800681591
7666,0.062085315585136414,0.20800550282001495,0.5512690544128418,0.8213598728179932
7667,0.04375448450446129,0.20916761457920074,0.5567876696586609,0.8097097687423229
7668,0.054351355880498886,0.2668173909187317,0.6389850378036499,0.9601537846028805
7669,0.04669005051255226,0.27198296785354614,0.6390746235847473,0.9577476419508457
7670,0.06789883226156235,0.31803590059280396,0.6696987152099609,1.0556334480643272
7671,0.04571837559342384,0.20200204849243164,0.5029904842376709,0.7507109083235264
7672,0.0367429181933403,0.14903080463409424,0.41543692350387573,0.6012106463313103
7673,0.0475500151515007,0.17535538971424103,0.4626910984516144,0.6855965033173561
7674,0.03993314504623413,0.17187142372131348,0.5274752378463745,0.7392798066139221
7675,0.031251419335603714,0.12949340045452118,0.49065056443214417,0.6513953842222691
7676,0.05358913168311119,0.1912020593881607,0.5136868357658386,0.7584780268371105
7677,0.0670388713479042,0.2986084818840027,0.6487634778022766,1.0144108310341835
7678,0.04952017962932587,0.20313115417957306,0.5638689398765564,0.8165202736854553
7679,0.05086537450551987,0.20730596780776978,0.5819317698478699,0.8401031121611595
7680,0.04555635154247284,0.1864853799343109,0.520658016204834,0.7526997476816177
7681,0.05639949440956116,0.21719521284103394,0.5624433159828186,0.8360380232334137
7682,0.04198716953396797,0.16479270160198212,0.5124764442443848,0.7192563153803349
7683,0.04513201862573624,0.30160826444625854,0.7017713189125061,1.0485116019845009
7684,0.03420398756861687,0.13785941898822784,0.44372037053108215,0.6157837770879269
7685,0.04872418940067291,0.17703811824321747,0.4988994896411896,0.72466179728508
7686,0.06154637783765793,0.3021523952484131,0.651611864566803,1.015310637652874
7687,0.05591683089733124,0.19121010601520538,0.48669523000717163,0.7338221669197083
7688,0.06611402332782745,0.27946922183036804,0.7102429866790771,1.0558262318372726
7689,0.04324124753475189,0.19175127148628235,0.5305427312850952,0.7655352503061295
7690,0.03730667009949684,0.16801512241363525,0.4631393253803253,0.6684611178934574
7691,0.05742181837558746,0.29018211364746094,0.6529619097709656,1.000565841794014
7692,0.047977425158023834,0.27276402711868286,0.44483304023742676,0.7655744925141335
7693,0.04586784914135933,0.16635319590568542,0.5163475275039673,0.728568572551012
7694,0.0649273544549942,0.22870735824108124,0.5734307765960693,0.8670654892921448
7695,0.031425006687641144,0.13737265765666962,0.49001994729042053,0.6588176116347313
7696,0.049711719155311584,0.23841135203838348,0.533474862575531,0.8215979337692261
7697,0.04446864500641823,0.18431589007377625,0.5486891865730286,0.777473721653223
7698,0.053858693689107895,0.20141802728176117,0.5607191324234009,0.8159958533942699
7699,0.04414009302854538,0.2011403888463974,0.5744407176971436,0.8197211995720863
7700,0.04571354389190674,0.20598465204238892,0.517365574836731,0.7690637707710266
7701,0.06119416281580925,0.25093600153923035,0.646074116230011,0.9582042805850506
7702,0.04064072296023369,0.2370484173297882,0.7042766809463501,0.981965821236372
7703,0.0678623765707016,0.3203793168067932,0.7094568610191345,1.0976985543966293
7704,0.05540250986814499,0.17967747151851654,0.5398862361907959,0.7749662175774574
7705,0.04567570984363556,0.18149234354496002,0.5289014577865601,0.7560695111751556
7706,0.054031457751989365,0.28780001401901245,0.635098934173584,0.9769304059445858
7707,0.045580700039863586,0.2170567810535431,0.5569055080413818,0.8195429891347885
7708,0.04778408259153366,0.20865271985530853,0.5185163617134094,0.7749531641602516
7709,0.06562051922082901,0.28588494658470154,0.7274541854858398,1.0789596512913704
7710,0.04452456161379814,0.20115384459495544,0.5644925236701965,0.8101709298789501
7711,0.04467006027698517,0.18619655072689056,0.5054370760917664,0.7363036870956421
7712,0.02958865836262703,0.15202459692955017,0.4115200340747833,0.5931332893669605
7713,0.06459695845842361,0.23574621975421906,0.5540980100631714,0.8544411882758141
7714,0.0570918507874012,0.22472256422042847,0.5445138812065125,0.8263282962143421
7715,0.03270681947469711,0.14061430096626282,0.38127726316452026,0.5545983836054802
7716,0.05638284236192703,0.2637423872947693,0.5951064229011536,0.9152316525578499
7717,0.05103454366326332,0.24753576517105103,0.5871850848197937,0.885755393654108
7718,0.04197793826460838,0.1702854335308075,0.4763364791870117,0.6885998509824276
7719,0.04709532484412193,0.2510277032852173,0.6535131335258484,0.9516361616551876
7720,0.0625266283750534,0.2572092115879059,0.6139901876449585,0.9337260276079178
7721,0.03184925392270088,0.11552813649177551,0.44792476296424866,0.595302153378725
7722,0.04521740972995758,0.19167841970920563,0.5264315605163574,0.7633273899555206
7723,0.03350577875971794,0.13509534299373627,0.4908820688724518,0.659483190625906
7724,0.049277447164058685,0.18606068193912506,0.5295223593711853,0.764860488474369
7725,0.07930169999599457,0.3459658920764923,0.7552614808082581,1.180529072880745
7726,0.03836352005600929,0.15667209029197693,0.4708842635154724,0.6659198738634586
7727,0.037148766219615936,0.20871587097644806,0.5922539234161377,0.8381185606122017
7728,0.05216182395815849,0.21132194995880127,0.5467010140419006,0.8101847879588604
7729,0.044323962181806564,0.1635560244321823,0.5578088760375977,0.7656888626515865
7730,0.04750197380781174,0.1899850070476532,0.46535876393318176,0.7028457447886467
7731,0.050828855484724045,0.21927252411842346,0.5459235906600952,0.8160249702632427
7732,0.05865859612822533,0.2540897727012634,0.6278056502342224,0.9405540190637112
7733,0.04855334386229515,0.27219757437705994,0.6515682935714722,0.9723192118108273
7734,0.040931057184934616,0.21383564174175262,0.6137092709541321,0.8684759698808193
7735,0.047093357890844345,0.21493133902549744,0.549615740776062,0.8116404376924038
7736,0.0446554496884346,0.20921380817890167,0.581745982170105,0.8356152400374413
7737,0.0697208046913147,0.30297234654426575,0.6654754877090454,1.0381686389446259
7738,0.03637147694826126,0.15461410582065582,0.539860188961029,0.7308457717299461
7739,0.059358321130275726,0.24145396053791046,0.6278125643730164,0.9286248460412025
7740,0.04895370081067085,0.20924751460552216,0.5624383091926575,0.8206395246088505
7741,0.04293890297412872,0.23390592634677887,0.6204975843429565,0.8973424136638641
7742,0.050645165145397186,0.1884242445230484,0.5402006506919861,0.7792700603604317
7743,0.04497949406504631,0.16096162796020508,0.4560869336128235,0.6620280556380749
7744,0.0468582808971405,0.21147732436656952,0.6102758646011353,0.8686114698648453
7745,0.0457952544093132,0.19579870998859406,0.5693831443786621,0.8109771087765694
7746,0.062192678451538086,0.2829897403717041,0.6662874221801758,1.011469841003418
7747,0.045227568596601486,0.18849948048591614,0.5514031648635864,0.785130213946104
7748,0.05048888921737671,0.1665080040693283,0.5167865753173828,0.7337834686040878
7749,0.06279067695140839,0.2941593825817108,0.6929509043693542,1.0499009639024734
7750,0.04247942194342613,0.18511034548282623,0.5544556975364685,0.7820454649627209
7751,0.06084075942635536,0.21932709217071533,0.5765807032585144,0.8567485548555851
7752,0.04640812426805496,0.21991512179374695,0.5702085494995117,0.8365317955613136
7753,0.06549476087093353,0.2521776258945465,0.5918501615524292,0.9095225483179092
7754,0.047618620097637177,0.2150191068649292,0.5025929808616638,0.7652307078242302
7755,0.04586963355541229,0.20510351657867432,0.49360761046409607,0.7445807605981827
7756,0.048197418451309204,0.17677649855613708,0.4991678297519684,0.7241417467594147
7757,0.04821640998125076,0.22180047631263733,0.5669277906417847,0.8369446769356728
7758,0.06566251814365387,0.26403123140335083,0.6102105379104614,0.9399042874574661
7759,0.04137492552399635,0.139185830950737,0.48358452320098877,0.6641452796757221
7760,0.04290229454636574,0.19617238640785217,0.5502654910087585,0.7893401719629765
7761,0.050722409039735794,0.2541508376598358,0.5525869131088257,0.8574601598083973
7762,0.04945532605051994,0.2214384227991104,0.5484460592269897,0.8193398080766201
7763,0.03807586431503296,0.17374876141548157,0.5456226468086243,0.7574472725391388
7764,0.04200279340147972,0.19785133004188538,0.5377283692359924,0.7775824926793575
7765,0.05306950956583023,0.2244638055562973,0.5659911632537842,0.8435244783759117
7766,0.04567127674818039,0.204884335398674,0.49178725481033325,0.7423428669571877
7767,0.058516547083854675,0.2661864757537842,0.6234268546104431,0.948129877448082
7768,0.043949298560619354,0.18623819947242737,0.5230370759963989,0.7532245740294456
7769,0.054743967950344086,0.2342044860124588,0.6118317246437073,0.9007801786065102
7770,0.052480004727840424,0.2704888880252838,0.6416526436805725,0.9646215364336967
7771,0.04348297044634819,0.17621199786663055,0.5409351587295532,0.760630127042532
7772,0.051465656608343124,0.23828519880771637,0.5945451855659485,0.884296040982008
7773,0.04678334295749664,0.18677730858325958,0.5333936214447021,0.7669542729854584
7774,0.06740033626556396,0.2736324071884155,0.658604621887207,0.9996373653411865
7775,0.05217118188738823,0.258675217628479,0.6261706948280334,0.9370170943439007
7776,0.04659879952669144,0.2031647115945816,0.5288225412368774,0.7785860523581505
7777,0.056664492934942245,0.23116415739059448,0.5516248345375061,0.8394534848630428
7778,0.035200465470552444,0.11366455256938934,0.3979546129703522,0.546819631010294
7779,0.06404298543930054,0.26640936732292175,0.6272372007369995,0.9576895534992218
7780,0.039372608065605164,0.1740638017654419,0.5046418905258179,0.7180783003568649
7781,0.05387761816382408,0.21714279055595398,0.5746354460716248,0.8456558547914028
7782,0.05852597951889038,0.2185153365135193,0.6541986465454102,0.9312399625778198
7783,0.050621241331100464,0.22896943986415863,0.568124532699585,0.847715213894844
7784,0.036037277430295944,0.1530846208333969,0.47144076228141785,0.6605626605451107
7785,0.03540736809372902,0.1579740345478058,0.5038949847221375,0.6972763873636723
7786,0.038731884211301804,0.1519685983657837,0.4957575500011444,0.6864580325782299
7787,0.06375083327293396,0.2571452260017395,0.6531588435173035,0.9740549027919769
7788,0.050321049988269806,0.23131819069385529,0.5582947134971619,0.839933954179287
7789,0.04866824299097061,0.17891424894332886,0.5400440692901611,0.7676265612244606
7790,0.04860860854387283,0.20836956799030304,0.5441852807998657,0.8011634573340416
7791,0.033468469977378845,0.1474689394235611,0.4418712556362152,0.6228086650371552
7792,0.05921786278486252,0.2744433879852295,0.6740511655807495,1.0077124163508415
7793,0.04580748453736305,0.1975492686033249,0.5754932165145874,0.8188499696552753
7794,0.04882441461086273,0.238028421998024,0.6428186297416687,0.9296714663505554
7795,0.04207467660307884,0.18419300019741058,0.5676279067993164,0.7938955835998058
7796,0.05401267483830452,0.236113503575325,0.6378344297409058,0.9279606081545353
7797,0.05104895681142807,0.29996323585510254,0.718504011631012,1.0695162042975426
7798,0.06604470312595367,0.27668294310569763,0.7072365880012512,1.0499642342329025
7799,0.046960894018411636,0.19278253614902496,0.5554529428482056,0.7951963730156422
7800,0.04062771797180176,0.18774108588695526,0.5325616002082825,0.7609304040670395
7801,0.052183110266923904,0.2350875437259674,0.5446260571479797,0.831896711140871
7802,0.048299357295036316,0.2647230625152588,0.6660226583480835,0.9790450781583786
7803,0.04990147799253464,0.22935782372951508,0.6338596940040588,0.9131189957261086
7804,0.056915055960416794,0.19718560576438904,0.591924250125885,0.8460249118506908
7805,0.04675550386309624,0.23893284797668457,0.582712709903717,0.8684010617434978
7806,0.03740010783076286,0.17765244841575623,0.5102697610855103,0.7253223173320293
7807,0.04925858601927757,0.1906588077545166,0.5853309035301208,0.825248297303915
7808,0.059230878949165344,0.260250449180603,0.5586951375007629,0.8781764656305313
7809,0.041974812746047974,0.18179962038993835,0.5300394892692566,0.7538139224052429
7810,0.04969914257526398,0.24540989100933075,0.5848090052604675,0.8799180388450623
7811,0.05014357343316078,0.22549712657928467,0.5784671902656555,0.854107890278101
7812,0.0646747350692749,0.31645068526268005,0.758864164352417,1.139989584684372
7813,0.04209451377391815,0.1431186944246292,0.3927745521068573,0.5779877603054047
7814,0.048055678606033325,0.20225341618061066,0.5343263745307922,0.7846354693174362
7815,0.04837261885404587,0.20603592693805695,0.5138652324676514,0.7682737782597542
7816,0.03996400535106659,0.17199335992336273,0.4517214894294739,0.6636788547039032
7817,0.05503782257437706,0.27723467350006104,0.6050751209259033,0.9373476170003414
7818,0.058919571340084076,0.3221161961555481,0.7161508202552795,1.0971865877509117
7819,0.055437102913856506,0.2581983506679535,0.6488441228866577,0.9624795764684677
7820,0.06791164726018906,0.28534984588623047,0.627599835395813,0.9808613285422325
7821,0.03963432088494301,0.16381941735744476,0.47128555178642273,0.6747392900288105
7822,0.03828669711947441,0.1620318740606308,0.5108555555343628,0.711174126714468
7823,0.0613505020737648,0.2049192637205124,0.5511730909347534,0.8174428567290306
7824,0.043382298201322556,0.2058953046798706,0.5566902160644531,0.8059678189456463
7825,0.05375317856669426,0.2636752128601074,0.638909101486206,0.9563374929130077
7826,0.04621924087405205,0.2689562439918518,0.6389563679695129,0.9541318528354168
7827,0.06728991121053696,0.3150008022785187,0.669556736946106,1.0518474504351616
7828,0.045300599187612534,0.1995403915643692,0.5029187798500061,0.7477597706019878
7829,0.03640212491154671,0.14726456999778748,0.41534850001335144,0.5990151949226856
7830,0.047135841101408005,0.1732061803340912,0.4626288414001465,0.6829708628356457
7831,0.03954169526696205,0.16949132084846497,0.5273758769035339,0.736408893018961
7832,0.030888203531503677,0.1274440735578537,0.49058595299720764,0.648918230086565
7833,0.053082581609487534,0.1882607638835907,0.5135876536369324,0.7549309991300106
7834,0.06663083285093307,0.2950620651245117,0.6485986709594727,1.0102915689349174
7835,0.04908762127161026,0.1998334378004074,0.5637408494949341,0.8126619085669518
7836,0.05047145113348961,0.20408077538013458,0.5818732976913452,0.8364255242049694
7837,0.04504255950450897,0.1838771104812622,0.5205560326576233,0.7494757026433945
7838,0.055905528366565704,0.2144496887922287,0.5623369216918945,0.8326921388506889
7839,0.04146675765514374,0.16259196400642395,0.5123833417892456,0.7164420634508133
7840,0.04465942829847336,0.29854506254196167,0.7016630172729492,1.0448675081133842
7841,0.03369201719760895,0.13547739386558533,0.4436621367931366,0.6128315478563309
7842,0.048213157802820206,0.17466306686401367,0.4988352656364441,0.721711490303278
7843,0.060995083302259445,0.2987413704395294,0.6515244245529175,1.0112608782947063
7844,0.05526376888155937,0.1888175755739212,0.4865904748439789,0.7306718192994595
7845,0.06538118422031403,0.27629947662353516,0.7101678252220154,1.0518484860658646
7846,0.04283120855689049,0.18958783149719238,0.5304809808731079,0.7629000209271908
7847,0.03693094104528427,0.1661432832479477,0.463078111410141,0.666152335703373
7848,0.05702796205878258,0.28764259815216064,0.6528986692428589,0.9975692294538021
7849,0.047632209956645966,0.27103689312934875,0.44479191303253174,0.7634610161185265
7850,0.04550924152135849,0.16435028612613678,0.5162875652313232,0.7261470928788185
7851,0.0644666999578476,0.22609813511371613,0.5733301043510437,0.8638949394226074
7852,0.031061138957738876,0.13548335433006287,0.48997125029563904,0.6565157435834408
7853,0.049243465065956116,0.2362624555826187,0.5333749055862427,0.8188808262348175
7854,0.0441746711730957,0.1820557862520218,0.5486135482788086,0.7748440057039261
7855,0.053339745849370956,0.19894254207611084,0.5606662034988403,0.8129484914243221
7856,0.043725162744522095,0.1989663690328598,0.574360728263855,0.8170522600412369
7857,0.04530204460024834,0.20384997129440308,0.5172958374023438,0.7664478532969952
7858,0.06051771715283394,0.2482139617204666,0.6459826231002808,0.9547143019735813
7859,0.04015802964568138,0.2341277301311493,0.7041767239570618,0.9784624837338924
7860,0.06718189269304276,0.3178839385509491,0.7093667984008789,1.0944326296448708
7861,0.05481899902224541,0.17746016383171082,0.5398135781288147,0.7720927409827709
7862,0.045314986258745193,0.17931902408599854,0.5288333892822266,0.7534673996269703
7863,0.05350783094763756,0.2849010229110718,0.6350163817405701,0.9734252355992794
7864,0.04504920169711113,0.21481314301490784,0.5568088889122009,0.8166712336242199
7865,0.04732387512922287,0.20620541274547577,0.5184392333030701,0.7719685211777687
7866,0.0650789812207222,0.2821541726589203,0.7273457646369934,1.074578918516636
7867,0.04399634525179863,0.19882160425186157,0.5644342303276062,0.8072521798312664
7868,0.04421912133693695,0.18412095308303833,0.5053901076316833,0.7337301820516586
7869,0.029213273897767067,0.14976608753204346,0.4113856852054596,0.5903650466352701
7870,0.0641973614692688,0.23347949981689453,0.55402010679245,0.8516969680786133
7871,0.05660906061530113,0.22206027805805206,0.5444713234901428,0.823140662163496
7872,0.0324416421353817,0.13845448195934296,0.38123801350593567,0.5521341376006603
7873,0.055925652384757996,0.26015615463256836,0.595016598701477,0.9110984057188034
7874,0.050451915711164474,0.24414560198783875,0.5870830416679382,0.8816805593669415
7875,0.041488733142614365,0.16748276352882385,0.476260781288147,0.6852322779595852
7876,0.04649413004517555,0.24761702120304108,0.6533807516098022,0.9474919028580189
7877,0.06185548007488251,0.2534530460834503,0.6138430833816528,0.9291516095399857
7878,0.03150501102209091,0.11352294683456421,0.44785094261169434,0.5928789004683495
7879,0.04484932869672775,0.1889863908290863,0.5263220071792603,0.7601577267050743
7880,0.033138468861579895,0.1326640397310257,0.4907774329185486,0.6565799415111542
7881,0.04877884313464165,0.18378666043281555,0.5294699668884277,0.7620354704558849
7882,0.07867056876420975,0.3427371382713318,0.755161702632904,1.1765694096684456
7883,0.038044415414333344,0.15421004593372345,0.4708690047264099,0.6631234660744667
7884,0.03674868866801262,0.20565283298492432,0.5922097563743591,0.8346112780272961
7885,0.05166760832071304,0.20797885954380035,0.5466276407241821,0.8062741085886955
7886,0.043795060366392136,0.15934734046459198,0.5577305555343628,0.7608729563653469
7887,0.04702189192175865,0.1865295171737671,0.46527063846588135,0.6988220475614071
7888,0.050328727811574936,0.21362246572971344,0.5458007454872131,0.8097519390285015
7889,0.05804440379142761,0.24915112555027008,0.6276766657829285,0.9348721951246262
7890,0.048079535365104675,0.26766282320022583,0.6514115929603577,0.9671539515256882
7891,0.040550991892814636,0.209992915391922,0.6136038899421692,0.8641477972269058
7892,0.04667576774954796,0.21183626353740692,0.5495121479034424,0.8080241791903973
7893,0.044326603412628174,0.20636844635009766,0.5816614031791687,0.8323564529418945
7894,0.06885601580142975,0.2997099459171295,0.665367603302002,1.0339335650205612
7895,0.036008320748806,0.15275327861309052,0.5398111343383789,0.7285727337002754
7896,0.05892474576830864,0.23828351497650146,0.6277152299880981,0.9249234907329082
7897,0.04856792837381363,0.20615559816360474,0.5623491406440735,0.8170726671814919
7898,0.04255329445004463,0.23041985929012299,0.6204319596290588,0.8934051133692265
7899,0.05024319887161255,0.18529826402664185,0.540148138999939,0.7756896018981934
7900,0.04457025229930878,0.15842127799987793,0.45599880814552307,0.6589903384447098
7901,0.046413544565439224,0.20791560411453247,0.6101207733154297,0.8644499219954014
7902,0.0453704372048378,0.19291119277477264,0.5692935585975647,0.8075751885771751
7903,0.06167568638920784,0.27941057085990906,0.6661446690559387,1.0072309263050556
7904,0.04473528265953064,0.18547767400741577,0.5513326525688171,0.7815456092357635
7905,0.05008716881275177,0.1642722189426422,0.516715407371521,0.731074795126915
7906,0.06215258687734604,0.2914195656776428,0.6928784251213074,1.0464505776762962
7907,0.041998233646154404,0.18251454830169678,0.5543714761734009,0.7788842581212521
7908,0.060008902102708817,0.21633845567703247,0.5764764547348022,0.8528238125145435
7909,0.04594289883971214,0.21733081340789795,0.5700768828392029,0.833350595086813
7910,0.06484176963567734,0.24940210580825806,0.5917527079582214,0.9059965834021568
7911,0.04713720455765724,0.21164005994796753,0.502526044845581,0.7613033093512058
7912,0.04539787396788597,0.20226310193538666,0.4935555160045624,0.741216491907835
7913,0.047696299850940704,0.17371833324432373,0.49908214807510376,0.7204967811703682
7914,0.0477742925286293,0.21885037422180176,0.5668196678161621,0.8334443345665932
7915,0.06515638530254364,0.26115721464157104,0.6101111173629761,0.9364247173070908
7916,0.040932364761829376,0.13729028403759003,0.48351994156837463,0.661742590367794
7917,0.042389754205942154,0.19402733445167542,0.5502119660377502,0.7866290546953678
7918,0.05025313422083855,0.2519907057285309,0.5524508357048035,0.8546946756541729
7919,0.04891674220561981,0.21893399953842163,0.5483567714691162,0.8162075132131577
7920,0.03765492141246796,0.17147834599018097,0.5455318093299866,0.7546650767326355
7921,0.041482288390398026,0.19506944715976715,0.5376117825508118,0.7741635181009769
7922,0.052538298070430756,0.22168128192424774,0.5658455491065979,0.8400651291012764
7923,0.04518723115324974,0.20205222070217133,0.4916767477989197,0.7389161996543407
7924,0.058082763105630875,0.26321884989738464,0.6233320832252502,0.9446336962282658
7925,0.04340073838829994,0.18356366455554962,0.5229465961456299,0.7499109990894794
7926,0.05429237708449364,0.23131121695041656,0.6117285490036011,0.8973321430385113
7927,0.05208214372396469,0.26768985390663147,0.6415476202964783,0.9613196179270744
7928,0.04309738799929619,0.1741877794265747,0.5408735871315002,0.7581587545573711
7929,0.050791189074516296,0.23542438447475433,0.5944523811340332,0.8806679546833038
7930,0.0463983416557312,0.18437990546226501,0.5333183407783508,0.764096587896347
7931,0.06672602146863937,0.2707258462905884,0.6585069298744202,0.9959587976336479
7932,0.05166502296924591,0.2560068368911743,0.6260821223258972,0.9337539821863174
7933,0.04614594578742981,0.2001364380121231,0.5287414789199829,0.7750238627195358
7934,0.056219033896923065,0.22785057127475739,0.551491916179657,0.8355615213513374
7935,0.03482814133167267,0.11153735965490341,0.397920697927475,0.5442861989140511
7936,0.06353335827589035,0.26325950026512146,0.6271181702613831,0.9539110288023949
7937,0.03898029774427414,0.17148526012897491,0.504573404788971,0.71503896266222
7938,0.05341269075870514,0.2144342064857483,0.5745620727539062,0.8424089699983597
7939,0.05798514187335968,0.21605581045150757,0.654100239276886,0.9281411916017532
7940,0.050164688378572464,0.22656884789466858,0.5680352449417114,0.8447687812149525
7941,0.035611219704151154,0.1514783352613449,0.4713893234729767,0.6584788784384727
7942,0.035076625645160675,0.1555684506893158,0.5038478374481201,0.6944929137825966
7943,0.03831781819462776,0.14998850226402283,0.49568894505500793,0.6839952655136585
7944,0.06319631636142731,0.254314124584198,0.653100311756134,0.9706107527017593
7945,0.04989022761583328,0.22859542071819305,0.5581710934638977,0.836656741797924
7946,0.048207223415374756,0.176016166806221,0.5399577617645264,0.7641811519861221
7947,0.04816098511219025,0.2052217572927475,0.544091522693634,0.7974742650985718
7948,0.032998278737068176,0.14451557397842407,0.4418400526046753,0.6193539053201675
7949,0.0586690790951252,0.2712206244468689,0.6739519834518433,1.0038416869938374
7950,0.045315586030483246,0.19524529576301575,0.5753961205482483,0.8159570023417473
7951,0.04838327690958977,0.23561929166316986,0.6426982879638672,0.9267008565366268
7952,0.041700806468725204,0.18232786655426025,0.567566454410553,0.7915951274335384
7953,0.053311388939619064,0.23303279280662537,0.6377027034759521,0.9240468852221966
7954,0.05058101564645767,0.296249121427536,0.7183913588523865,1.0652214959263802
7955,0.06554025411605835,0.2728513777256012,0.7070937752723694,1.045485407114029
7956,0.04658278450369835,0.19004465639591217,0.5553551912307739,0.7919826321303844
7957,0.04023599997162819,0.18533436954021454,0.5324942469596863,0.758064616471529
7958,0.05180104821920395,0.23229412734508514,0.5445262789726257,0.8286214545369148
7959,0.047858405858278275,0.2616124749183655,0.6659409403800964,0.9754118211567402
7960,0.04946131631731987,0.22663149237632751,0.6338178515434265,0.9099106602370739
7961,0.05626630410552025,0.19478720426559448,0.5918502807617188,0.8429037891328335
7962,0.046298254281282425,0.2364654690027237,0.5826520919799805,0.8654158152639866
7963,0.03702639788389206,0.1755709946155548,0.5101988315582275,0.7227962240576744
7964,0.048812370747327805,0.18801482021808624,0.5852402448654175,0.8220674358308315
7965,0.0586470402777195,0.2579522728919983,0.5585747957229614,0.8751741088926792
7966,0.04147855564951897,0.17949001491069794,0.5299646854400635,0.7509332560002804
7967,0.04920314624905586,0.24164384603500366,0.5846660137176514,0.8755130060017109
7968,0.049606114625930786,0.22180427610874176,0.5783589482307434,0.849769338965416
7969,0.06406580656766891,0.3117315471172333,0.7587541937828064,1.1345515474677086
7970,0.04152259975671768,0.13999032974243164,0.3926735520362854,0.5741864815354347
7971,0.047553397715091705,0.19926337897777557,0.5342455506324768,0.7810623273253441
7972,0.047788627445697784,0.20352889597415924,0.5137651562690735,0.7650826796889305
7973,0.03959105163812637,0.16975878179073334,0.4516395926475525,0.6609894260764122
7974,0.05454230308532715,0.27472829818725586,0.6049700975418091,0.9342406988143921
7975,0.05845141410827637,0.31907960772514343,0.7160501480102539,1.0935811698436737
7976,0.055035240948200226,0.2548663020133972,0.6487501859664917,0.9586517289280891
7977,0.06722748279571533,0.2822970449924469,0.6275012493133545,0.9770257771015167
7978,0.039260730147361755,0.16156302392482758,0.4711580276489258,0.6719817817211151
7979,0.03794706612825394,0.1595221310853958,0.5108026266098022,0.708271823823452
7980,0.0605868324637413,0.20223817229270935,0.5511155128479004,0.813940517604351
7981,0.04294541850686073,0.20290422439575195,0.5565878748893738,0.8024375177919865
7982,0.05318624898791313,0.26096534729003906,0.6388373374938965,0.9529889337718487
7983,0.045771583914756775,0.2661900520324707,0.6388623118400574,0.9508239477872849
7984,0.06666268408298492,0.3121855854988098,0.6694450378417969,1.0482933074235916
7985,0.04494328051805496,0.1972043514251709,0.5028491616249084,0.7449967935681343
7986,0.03607387840747833,0.14566774666309357,0.4152664542198181,0.59700807929039
7987,0.04669421166181564,0.17121127247810364,0.46254971623420715,0.6804552003741264
7988,0.03912074491381645,0.1670641154050827,0.5273003578186035,0.7334852181375027
7989,0.030587099492549896,0.12537413835525513,0.49053454399108887,0.6464957818388939
7990,0.05260005593299866,0.18553195893764496,0.5134806036949158,0.7516126185655594
7991,0.06614000350236893,0.2917443513870239,0.6484488248825073,1.0063331797719002
7992,0.048724040389060974,0.19695615768432617,0.5636435747146606,0.8093237727880478
7993,0.05006593093276024,0.20141182839870453,0.5818105340003967,0.8332882933318615
7994,0.044565197080373764,0.18133874237537384,0.5204702615737915,0.7463742010295391
7995,0.05548267066478729,0.2120409607887268,0.5622726678848267,0.8297962993383408
7996,0.04099687561392784,0.16046342253684998,0.5123011469841003,0.7137614451348782
7997,0.04427878558635712,0.29557397961616516,0.701562225818634,1.0414149910211563
7998,0.03326686471700668,0.1331578642129898,0.44359859824180603,0.6100233271718025
7999,0.04776468500494957,0.17251130938529968,0.4987861216068268,0.719062115997076
8000,0.06039993092417717,0.2957863211631775,0.6514506936073303,1.007636945694685
8001,0.05467715486884117,0.18669961392879486,0.4865107238292694,0.7278874926269054
8002,0.0647055134177208,0.2732696831226349,0.7100905776023865,1.0480657741427422
8003,0.04244225472211838,0.1877823770046234,0.5304315090179443,0.7606561407446861
8004,0.036582816392183304,0.16465704143047333,0.46301761269569397,0.6642574705183506
8005,0.056625112891197205,0.2852761745452881,0.652837336063385,0.9947386234998703
8006,0.04735364764928818,0.26948097348213196,0.4447280168533325,0.7615626379847527
8007,0.045161325484514236,0.16241766512393951,0.5162203907966614,0.7237993814051151
8008,0.06403591483831406,0.22347907721996307,0.5732508301734924,0.8607658222317696
8009,0.030722929164767265,0.13355672359466553,0.48993492126464844,0.6542145740240812
8010,0.048819977790117264,0.23417359590530396,0.5332735180854797,0.816267091780901
8011,0.0439005084335804,0.17973263561725616,0.5485314130783081,0.7721645571291447
8012,0.05288250744342804,0.19653737545013428,0.5605968236923218,0.8100167065858841
8013,0.04338614270091057,0.19641564786434174,0.574276328086853,0.8140781186521053
8014,0.04493777081370354,0.2018916755914688,0.5172411203384399,0.7640705667436123
8015,0.05985824763774872,0.2457883507013321,0.6458974480628967,0.9515440464019775
8016,0.03970477357506752,0.2313547283411026,0.7041105628013611,0.9751700647175312
8017,0.06657285243272781,0.31503763794898987,0.7092982530593872,1.0909087434411049
8018,0.05429789051413536,0.1749875545501709,0.5397445559501648,0.769030001014471
8019,0.04493217542767525,0.1770445704460144,0.5287845730781555,0.7507613189518452
8020,0.0529797188937664,0.28197410702705383,0.6349092125892639,0.9698630385100842
8021,0.04458397999405861,0.21214981377124786,0.5567232370376587,0.8134570308029652
8022,0.046881794929504395,0.2035960555076599,0.5183476805686951,0.7688255310058594
8023,0.06452549248933792,0.2784404158592224,0.7272403240203857,1.070206232368946
8024,0.04353471100330353,0.19636158645153046,0.5643754601478577,0.8042717576026917
8025,0.043832626193761826,0.18218836188316345,0.5053137540817261,0.7313347421586514
8026,0.02884497679769993,0.1474069058895111,0.41127410531044006,0.5875259879976511
8027,0.06384450197219849,0.23119865357875824,0.5539547801017761,0.8489979356527328
8028,0.056141044944524765,0.2193698287010193,0.5444161891937256,0.8199270628392696
8029,0.03220164030790329,0.13613609969615936,0.3811836242675781,0.5495213642716408
8030,0.05554729700088501,0.25651299953460693,0.5949284434318542,0.9069887399673462
8031,0.0499279610812664,0.23996679484844208,0.5869976282119751,0.8768923841416836
8032,0.041034601628780365,0.16421765089035034,0.4761805534362793,0.68143280595541
8033,0.045974764972925186,0.2436322569847107,0.6532884240150452,0.942895445972681
8034,0.06128351390361786,0.24913480877876282,0.6137043237686157,0.9241226464509964
8035,0.03117978572845459,0.11121940612792969,0.447775274515152,0.5901744663715363
8036,0.04445527121424675,0.1861771196126938,0.5262241959571838,0.7568565867841244
8037,0.03275283798575401,0.13018828630447388,0.4906995892524719,0.6536407135426998
8038,0.04828565567731857,0.18155018985271454,0.5294082164764404,0.7592440620064735
8039,0.07806789129972458,0.3395025134086609,0.7550763487815857,1.1726467534899712
8040,0.03768150880932808,0.15186622738838196,0.47085127234458923,0.6603990085422993
8041,0.03639257699251175,0.2026059925556183,0.5921548008918762,0.8311533704400063
8042,0.051152553409338,0.20430563390254974,0.5465774536132812,0.802035640925169
8043,0.04325728118419647,0.15543147921562195,0.5576759576797485,0.756364718079567
8044,0.04658591002225876,0.18273353576660156,0.4651660621166229,0.6944855079054832
8045,0.049857962876558304,0.2074204832315445,0.5456822514533997,0.8029606975615025
8046,0.0574774444103241,0.24379882216453552,0.6275611519813538,0.9288374185562134
8047,0.04760825261473656,0.26290881633758545,0.6512896418571472,0.9618067108094692
8048,0.04010755568742752,0.2057517021894455,0.6135053634643555,0.8593646213412285
8049,0.046295665204524994,0.20878633856773376,0.5493949055671692,0.804476909339428
8050,0.0440264567732811,0.20355169475078583,0.5815719366073608,0.8291500881314278
8051,0.06795815378427505,0.29682809114456177,0.6652401089668274,1.0300263538956642
8052,0.03568503260612488,0.15084418654441833,0.5397422313690186,0.7262714505195618
8053,0.05854326859116554,0.23543265461921692,0.627655565738678,0.9216314889490604
8054,0.04815949499607086,0.20303867757320404,0.56226646900177,0.8134646415710449
8055,0.042156949639320374,0.22694605588912964,0.6203367710113525,0.8894397765398026
8056,0.04989909380674362,0.18213476240634918,0.5400882363319397,0.7721220925450325
8057,0.04414460435509682,0.1558372527360916,0.45592814683914185,0.6559100039303303
8058,0.04595362767577171,0.20426172018051147,0.6099815964698792,0.8601969443261623
8059,0.04496369883418083,0.189921572804451,0.5691972374916077,0.8040825091302395
8060,0.06125784292817116,0.2756322920322418,0.6660545468330383,1.0029446817934513
8061,0.04429211467504501,0.182465061545372,0.5512458682060242,0.7780030444264412
8062,0.049730975180864334,0.1619625985622406,0.516636848449707,0.728330422192812
8063,0.061488959938287735,0.288825124502182,0.6928032040596008,1.0431172885000706
8064,0.04145035520195961,0.1800488531589508,0.554287314414978,0.7757865227758884
8065,0.059161435812711716,0.2136470526456833,0.576369047164917,0.849177535623312
8066,0.04545363411307335,0.21495655179023743,0.569987952709198,0.8303981386125088
8067,0.06423325836658478,0.24668055772781372,0.5916744470596313,0.9025882631540298
8068,0.04664795100688934,0.2082439363002777,0.5024417042732239,0.7573335915803909
8069,0.04490288719534874,0.1996493637561798,0.4935225546360016,0.7380748055875301
8070,0.04725150391459465,0.17035412788391113,0.4989735782146454,0.7165792100131512
8071,0.047366492450237274,0.21567460894584656,0.5667061805725098,0.8297472819685936
8072,0.06466926634311676,0.25799864530563354,0.6100029349327087,0.932670846581459
8073,0.040524691343307495,0.13526758551597595,0.4834531247615814,0.6592454016208649
8074,0.0419076606631279,0.1921583116054535,0.5501644611358643,0.7842304334044456
8075,0.04979152977466583,0.24981573224067688,0.55234295129776,0.8519502133131027
8076,0.04843202233314514,0.2164566069841385,0.5482729077339172,0.8131615370512009
8077,0.03721541166305542,0.16960874199867249,0.545439600944519,0.752263754606247
8078,0.04103701561689377,0.19264568388462067,0.5374981760978699,0.7711808755993843
8079,0.05206417664885521,0.21894006431102753,0.5657187700271606,0.8367230109870434
8080,0.04475058615207672,0.19921942055225372,0.491576224565506,0.7355462312698364
8081,0.057677581906318665,0.2602000832557678,0.6232305765151978,0.9411082416772842
8082,0.04282777011394501,0.18075601756572723,0.5228822827339172,0.7464660704135895
8083,0.05385902151465416,0.22806349396705627,0.6116302609443665,0.8935527764260769
8084,0.05168494954705238,0.26490285992622375,0.641454815864563,0.9580426253378391
8085,0.042727310210466385,0.17178675532341003,0.5408092737197876,0.755323339253664
8086,0.05020532384514809,0.23277269303798676,0.5943754315376282,0.877353448420763
8087,0.04602356255054474,0.18214569985866547,0.5332265496253967,0.7613958120346069
8088,0.06613931804895401,0.26769939064979553,0.6584042310714722,0.9922429397702217
8089,0.05121105909347534,0.2532757818698883,0.6260429620742798,0.9305298030376434
8090,0.045664604753255844,0.19743655622005463,0.5286469459533691,0.7717481069266796
8091,0.055778857320547104,0.22495721280574799,0.5513678193092346,0.8321038894355297
8092,0.03446507826447487,0.10949767380952835,0.3978796601295471,0.5418424122035503
8093,0.06307431310415268,0.2601979076862335,0.6270198822021484,0.9502921029925346
8094,0.03859390690922737,0.16902697086334229,0.5045312643051147,0.7121521420776844
8095,0.05301008000969887,0.21173010766506195,0.5745063424110413,0.8392465300858021
8096,0.05743879824876785,0.2135510891675949,0.6539625525474548,0.9249524399638176
8097,0.04959183931350708,0.22410255670547485,0.5679751634597778,0.8416695594787598
8098,0.03520122542977333,0.14981196820735931,0.471330851316452,0.6563440449535847
8099,0.03467164561152458,0.15337547659873962,0.5037974119186401,0.6918445341289043
8100,0.037918467074632645,0.14802011847496033,0.4956361949443817,0.6815747804939747
8101,0.0626516342163086,0.25178176164627075,0.6530344486236572,0.9674678444862366
8102,0.04945521429181099,0.2259111851453781,0.5580732226371765,0.8334396220743656
8103,0.04790583252906799,0.17347577214241028,0.5398719906806946,0.7612535953521729
8104,0.04774171859025955,0.20298533141613007,0.5439841747283936,0.7947112247347832
8105,0.032564349472522736,0.1418602168560028,0.44182661175727844,0.616251178085804
8106,0.05836539342999458,0.26950743794441223,0.6738523840904236,1.0017252154648304
8107,0.04500410705804825,0.19503074884414673,0.5753716230392456,0.8154064789414406
8108,0.048220761120319366,0.23504365980625153,0.6426495313644409,0.9259139522910118
8109,0.04143953323364258,0.18109719455242157,0.5675594210624695,0.7900961488485336
8110,0.05295237898826599,0.23125147819519043,0.6375898122787476,0.921793669462204
8111,0.050190575420856476,0.29381150007247925,0.7182788848876953,1.062280960381031
8112,0.06564448028802872,0.27027103304862976,0.7070168256759644,1.0429323390126228
8113,0.04647936671972275,0.18936215341091156,0.5553117394447327,0.791153259575367
8114,0.03989936038851738,0.18490582704544067,0.5325230956077576,0.7573282830417156
8115,0.05163395404815674,0.2311326563358307,0.5443853735923767,0.8271519839763641
8116,0.04759300872683525,0.2609524428844452,0.6659097671508789,0.9744552187621593
8117,0.04911705106496811,0.22673840820789337,0.6339212656021118,0.9097767248749733
8118,0.05534739792346954,0.1952129751443863,0.5918437242507935,0.8424040973186493
8119,0.0458064004778862,0.23529823124408722,0.5826576948165894,0.8637623265385628
8120,0.03661545366048813,0.17447274923324585,0.5101705193519592,0.7212587222456932
8121,0.04857980087399483,0.1854543685913086,0.5851376056671143,0.8191717751324177
8122,0.05794138461351395,0.25386524200439453,0.5583576560020447,0.8701642826199532
8123,0.04101087525486946,0.17526666820049286,0.5298733115196228,0.7461508549749851
8124,0.04832166060805321,0.23342525959014893,0.5844142436981201,0.8661611638963223
8125,0.048489123582839966,0.2155696600675583,0.5782416462898254,0.8423004299402237
8126,0.06286031007766724,0.30282267928123474,0.7585631608963013,1.1242461502552032
8127,0.040706850588321686,0.13508500158786774,0.39245185256004333,0.5682437047362328
8128,0.04724881052970886,0.1966954469680786,0.5341678857803345,0.778112143278122
8129,0.046910855919122696,0.20348119735717773,0.5136021971702576,0.763994250446558
8130,0.03903428465127945,0.1706618368625641,0.45158350467681885,0.6612796261906624
8131,0.054169055074453354,0.27530398964881897,0.6048205494880676,0.93429359421134
8132,0.05836183577775955,0.3208698630332947,0.71601402759552,1.0952457264065742
8133,0.05467810109257698,0.25410720705986023,0.6486133933067322,0.9573987014591694
8134,0.06669627130031586,0.280809611082077,0.6273369789123535,0.9748428612947464
8135,0.03887472674250603,0.1602610945701599,0.4710236191749573,0.6701594404876232
8136,0.0379306823015213,0.15876010060310364,0.5107269883155823,0.7074177712202072
8137,0.06007308512926102,0.2005501687526703,0.5510540008544922,0.8116772547364235
8138,0.04300447553396225,0.20084244012832642,0.5564842224121094,0.800331138074398
8139,0.053303513675928116,0.25939446687698364,0.6388872861862183,0.95158526673913
8140,0.04603533819317818,0.2654610276222229,0.6388417482376099,0.9503381140530109
8141,0.06632953137159348,0.3142072558403015,0.669384241104126,1.049921028316021
8142,0.04523192346096039,0.19585874676704407,0.502737283706665,0.7438279539346695
8143,0.03606530651450157,0.14526693522930145,0.4151518642902374,0.5964841060340405
8144,0.04661954566836357,0.17104628682136536,0.46247342228889465,0.6801392547786236
8145,0.039359673857688904,0.16680693626403809,0.527283787727356,0.733450397849083
8146,0.03102368302643299,0.12570801377296448,0.49054670333862305,0.6472784001380205
8147,0.052979979664087296,0.18512021005153656,0.5134541988372803,0.7515543885529041
8148,0.06688819825649261,0.29118797183036804,0.6482856869697571,1.0063618570566177
8149,0.0482926070690155,0.19707822799682617,0.563581109046936,0.8089519441127777
8150,0.05023994669318199,0.1983521431684494,0.5816607475280762,0.8302528373897076
8151,0.044570330530405045,0.18061590194702148,0.5204376578330994,0.7456238903105259
8152,0.05519581958651543,0.2087429165840149,0.562100887298584,0.8260396234691143
8153,0.04019797593355179,0.15939101576805115,0.5121284127235413,0.7117174044251442
8154,0.04387255385518074,0.294691264629364,0.7015253305435181,1.0400891490280628
8155,0.03240010887384415,0.13232003152370453,0.44344669580459595,0.6081668362021446
8156,0.04668443650007248,0.1711626499891281,0.49868693947792053,0.7165340259671211
8157,0.05965331569314003,0.2949536144733429,0.65138179063797,1.005988720804453
8158,0.05325884371995926,0.18468225002288818,0.48645490407943726,0.7243959978222847
8159,0.06370382010936737,0.27219024300575256,0.7100945711135864,1.0459886342287064
8160,0.041762396693229675,0.18869979679584503,0.5304527282714844,0.7609149217605591
8161,0.03594793751835823,0.1637744903564453,0.4630051553249359,0.6627275831997395
8162,0.05590951815247536,0.2868897616863251,0.6528238654136658,0.9956231452524662
8163,0.04742711782455444,0.26981857419013977,0.444620817899704,0.7618665099143982
8164,0.0451626218855381,0.16352899372577667,0.516183078289032,0.7248746939003468
8165,0.06304959207773209,0.226019024848938,0.5733084678649902,0.8623770847916603
8166,0.030223334208130836,0.13426263630390167,0.4899427592754364,0.6544287297874689
8167,0.048487983644008636,0.23484599590301514,0.5332468152046204,0.8165807947516441
8168,0.043537285178899765,0.17965321242809296,0.5484911203384399,0.7716816179454327
8169,0.052397437393665314,0.19739554822444916,0.5606209635734558,0.8104139491915703
8170,0.04346415027976036,0.19750890135765076,0.5742374658584595,0.8152105174958706
8171,0.04418383911252022,0.20263369381427765,0.5172948241233826,0.7641123570501804
8172,0.0595955066382885,0.24774780869483948,0.6458571553230286,0.9532004706561565
8173,0.03951811417937279,0.23202016949653625,0.7040449380874634,0.9755832217633724
8174,0.06550595164299011,0.3145432770252228,0.7092081904411316,1.0892574191093445
8175,0.053070224821567535,0.17501042783260345,0.5397906303405762,0.7678712829947472
8176,0.04413040354847908,0.17841659486293793,0.5287600159645081,0.7513070143759251
8177,0.052386585623025894,0.28268739581108093,0.6348860859870911,0.9699600674211979
8178,0.044078703969717026,0.21469047665596008,0.5567927956581116,0.8155619762837887
8179,0.04625478386878967,0.2046646922826767,0.5182443857192993,0.7691638618707657
8180,0.06414492428302765,0.278056800365448,0.7271349430084229,1.0693366676568985
8181,0.04267909377813339,0.19542968273162842,0.5643208026885986,0.8024295791983604
8182,0.04342009127140045,0.1815413385629654,0.505235493183136,0.7301969230175018
8183,0.028533438220620155,0.1453102082014084,0.4112069308757782,0.5850505772978067
8184,0.06369388848543167,0.22833366692066193,0.5537934899330139,0.8458210453391075
8185,0.05568470433354378,0.21416501700878143,0.5444073677062988,0.814257089048624
8186,0.031857989728450775,0.13084138929843903,0.3811841905117035,0.5438835695385933
8187,0.054621774703264236,0.25031399726867676,0.5946533679962158,0.8995891399681568
8188,0.04899468645453453,0.23153460025787354,0.5868270397186279,0.867356326431036
8189,0.04034848138689995,0.15861397981643677,0.4761287569999695,0.6750912182033062
8190,0.045229390263557434,0.23927411437034607,0.6532323360443115,0.937735840678215
8191,0.06073538213968277,0.24303652346134186,0.6136547923088074,0.917426697909832
8192,0.031451571732759476,0.11018270999193192,0.44766613841056824,0.5893004201352596
8193,0.04433486610651016,0.18608225882053375,0.526187002658844,0.7566041275858879
8194,0.03234304115176201,0.13047818839550018,0.49070554971694946,0.6535267792642117
8195,0.04785696044564247,0.18348193168640137,0.5294283032417297,0.7607671953737736
8196,0.07770705968141556,0.3398767113685608,0.7551264762878418,1.1727102473378181
8197,0.03702123463153839,0.15012022852897644,0.4709174633026123,0.6580589264631271
8198,0.036062806844711304,0.19978544116020203,0.5920400023460388,0.8278882503509521
8199,0.050631083548069,0.19521388411521912,0.5464471578598022,0.7922921255230904
8200,0.04265648126602173,0.14827507734298706,0.5576409697532654,0.7485725283622742
8201,0.04610583558678627,0.1735396534204483,0.4650754928588867,0.6847209818661213
8202,0.04908286780118942,0.1905059814453125,0.5454614162445068,0.7850502654910088
8203,0.05669552832841873,0.23018741607666016,0.6273490190505981,0.914231963455677
8204,0.04736263304948807,0.2520609498023987,0.6511117219924927,0.9505353048443794
8205,0.0396684892475605,0.19597581028938293,0.613334059715271,0.8489783592522144
8206,0.04567785933613777,0.20525141060352325,0.5492391586303711,0.8001684285700321
8207,0.043337106704711914,0.2000400871038437,0.5814431309700012,0.8248203247785568
8208,0.06635868549346924,0.29337552189826965,0.6651210784912109,1.0248552858829498
8209,0.035242293030023575,0.15111318230628967,0.5397219657897949,0.7260774411261082
8210,0.05802119895815849,0.23168088495731354,0.6274358630180359,0.9171379469335079
8211,0.04784977063536644,0.2011137455701828,0.5622604489326477,0.811223965138197
8212,0.04213028773665428,0.2227676808834076,0.6202357411384583,0.8851337097585201
8213,0.04906998574733734,0.17815332114696503,0.5399388670921326,0.7671621739864349
8214,0.043446917086839676,0.15366941690444946,0.4558524787425995,0.6529688127338886
8215,0.04536386951804161,0.19747483730316162,0.6096492409706116,0.8524879477918148
8216,0.044384945183992386,0.18515121936798096,0.5690264701843262,0.7985626347362995
8217,0.060406483709812164,0.27061358094215393,0.6659135818481445,0.9969336465001106
8218,0.04377873241901398,0.17805607616901398,0.5509588122367859,0.7727936208248138
8219,0.049111299216747284,0.1598711758852005,0.516485333442688,0.7254678085446358
8220,0.06077594310045242,0.2878098487854004,0.6928806900978088,1.0414664819836617
8221,0.040846165269613266,0.1775132417678833,0.5542013645172119,0.7725607715547085
8222,0.05786914750933647,0.21019022166728973,0.5761890411376953,0.8442484103143215
8223,0.044558264315128326,0.2134130448102951,0.569765567779541,0.8277368769049644
8224,0.06330683082342148,0.24358148872852325,0.5916348695755005,0.8985231891274452
8225,0.045740555971860886,0.204650416970253,0.5023574829101562,0.7527484558522701
8226,0.04410465061664581,0.19715198874473572,0.4933573305606842,0.7346139699220657
8227,0.046138960868120193,0.16664080321788788,0.4988711476325989,0.711650911718607
8228,0.04620685428380966,0.2125091552734375,0.5664705634117126,0.8251865729689598
8229,0.06399668753147125,0.2541625201702118,0.6099141240119934,0.9280733317136765
8230,0.03964871168136597,0.13281816244125366,0.48336395621299744,0.6558308303356171
8231,0.04101616144180298,0.18974186480045319,0.5501073598861694,0.7808653861284256
8232,0.04882441833615303,0.24721656739711761,0.5521820783615112,0.8482230640947819
8233,0.047453995794057846,0.2126999944448471,0.5481732487678528,0.8083272390067577
8234,0.03629417344927788,0.16766111552715302,0.5453646779060364,0.7493199668824673
8235,0.04065270721912384,0.18934354186058044,0.5373613834381104,0.7673576325178146
8236,0.05127052217721939,0.21440182626247406,0.5656113624572754,0.8312837108969688
8237,0.04393981769680977,0.19512368738651276,0.49145692586898804,0.7305204309523106
8238,0.05701303854584694,0.2573273777961731,0.6230756044387817,0.9374160207808018
8239,0.041754093021154404,0.17758142948150635,0.522749662399292,0.7420851849019527
8240,0.05330768600106239,0.22578294575214386,0.6115748882293701,0.8906655199825764
8241,0.05083887651562691,0.2635660767555237,0.6413776278495789,0.9557825811207294
8242,0.042274199426174164,0.17064249515533447,0.5407379865646362,0.7536546811461449
8243,0.04920067638158798,0.23014527559280396,0.5943089723587036,0.8736549243330956
8244,0.04528908431529999,0.18008607625961304,0.5331794023513794,0.7585545629262924
8245,0.06532542407512665,0.26480647921562195,0.658343493938446,0.9884753972291946
8246,0.05047539249062538,0.2497074455022812,0.6258755326271057,0.9260583706200123
8247,0.04493006318807602,0.19433315098285675,0.5285648107528687,0.7678280249238014
8248,0.05507051572203636,0.2206229865550995,0.5511792302131653,0.8268727324903011
8249,0.03385167941451073,0.10863713175058365,0.397871732711792,0.5403605438768864
8250,0.06251484155654907,0.2588444948196411,0.6269516944885254,0.9483110308647156
8251,0.038218919187784195,0.16901712119579315,0.5045275688171387,0.711763609200716
8252,0.05269306153059006,0.21144211292266846,0.57451331615448,0.8386484906077385
8253,0.057148851454257965,0.21372881531715393,0.6538832187652588,0.9247608855366707
8254,0.049036990851163864,0.22386589646339417,0.5679774880409241,0.8408803753554821
8255,0.0349523089826107,0.15059202909469604,0.4712989032268524,0.6568432413041592
8256,0.034640517085790634,0.15440130233764648,0.5038058757781982,0.6928476952016354
8257,0.03802522271871567,0.14957667887210846,0.49562394618988037,0.6832258477807045
8258,0.062251292169094086,0.25186705589294434,0.6529707312583923,0.9670890793204308
8259,0.04931759461760521,0.22542442381381989,0.55802321434021,0.8327652327716351
8260,0.048070553690195084,0.1736370027065277,0.5399062633514404,0.7616138197481632
8261,0.04742029309272766,0.20261943340301514,0.5439784526824951,0.7940181791782379
8262,0.032286230474710464,0.13983015716075897,0.4417896568775177,0.6139060445129871
8263,0.05800377577543259,0.2698464095592499,0.6738295555114746,1.001679740846157
8264,0.04495378956198692,0.19518117606639862,0.5753725171089172,0.8155074827373028
8265,0.04811662808060646,0.23525816202163696,0.6426584720611572,0.9260332621634007
8266,0.041355375200510025,0.18112140893936157,0.5675858855247498,0.7900626696646214
8267,0.05295262485742569,0.23258040845394135,0.6375673413276672,0.9231003746390343
8268,0.05014548823237419,0.2957704961299896,0.7182853817939758,1.0642013661563396
8269,0.06550640612840652,0.27176231145858765,0.707040548324585,1.0443092659115791
8270,0.046417851001024246,0.19078481197357178,0.5553401708602905,0.7925428338348866
8271,0.03974904865026474,0.1856091022491455,0.5324755907058716,0.7578337416052818
8272,0.0513543076813221,0.2326507419347763,0.5444242358207703,0.8284292854368687
8273,0.047456517815589905,0.25996890664100647,0.665885865688324,0.9733112901449203
8274,0.04894917830824852,0.22660745680332184,0.6338410377502441,0.9093976728618145
8275,0.055103179067373276,0.19464057683944702,0.5918135643005371,0.8415573202073574
8276,0.045679911971092224,0.23591981828212738,0.5826510787010193,0.8642508089542389
8277,0.0362834632396698,0.17423321306705475,0.5101000070571899,0.7206166833639145
8278,0.048481062054634094,0.18465891480445862,0.5850933194160461,0.8182332962751389
8279,0.057704463601112366,0.25313371419906616,0.5582869648933411,0.8691251426935196
8280,0.040702592581510544,0.17257972061634064,0.5298225283622742,0.7431048415601254
8281,0.04809208959341049,0.23142722249031067,0.58441561460495,0.8639349266886711
8282,0.04843097925186157,0.2138795256614685,0.5782297253608704,0.8405402302742004
8283,0.06274302303791046,0.3015289306640625,0.7585458159446716,1.1228177696466446
8284,0.04053012281656265,0.13357004523277283,0.3924538195133209,0.5665539875626564
8285,0.04705066233873367,0.1948574334383011,0.5341022610664368,0.7760103568434715
8286,0.04679027199745178,0.20184151828289032,0.5135933756828308,0.7622251659631729
8287,0.03891472518444061,0.16879890859127045,0.4515639841556549,0.659277617931366
8288,0.05406663939356804,0.2738023102283478,0.6048192977905273,0.9326882474124432
8289,0.058045465499162674,0.3190881907939911,0.7160014510154724,1.0931351073086262
8290,0.05455784872174263,0.2534114122390747,0.6486021280288696,0.956571388989687
8291,0.06634660810232162,0.2800386846065521,0.6273341774940491,0.9737194702029228
8292,0.0386885404586792,0.1592872589826584,0.4709814488887787,0.6689572483301163
8293,0.037657324224710464,0.15758922696113586,0.5107215046882629,0.7059680558741093
8294,0.059632815420627594,0.1992899626493454,0.5510101914405823,0.8099329695105553
8295,0.04270673543214798,0.19939832389354706,0.5564510226249695,0.7985560819506645
8296,0.05292300879955292,0.2580969035625458,0.6388272643089294,0.9498471766710281
8297,0.045539382845163345,0.2643219530582428,0.6387978196144104,0.9486591555178165
8298,0.06613104045391083,0.3120437562465668,0.6693464517593384,1.047521248459816
8299,0.044951535761356354,0.19504202902317047,0.5027322173118591,0.742725782096386
8300,0.03581544756889343,0.14443440735340118,0.41513562202453613,0.5953854769468307
8301,0.04634423553943634,0.16949185729026794,0.4624796509742737,0.678315743803978
8302,0.03907410055398941,0.165236696600914,0.5272453427314758,0.7315561398863792
8303,0.030806617811322212,0.12454261630773544,0.49050745368003845,0.6458566877990961
8304,0.052675239741802216,0.183810293674469,0.5133990049362183,0.7498845383524895
8305,0.06659778207540512,0.2895527184009552,0.6482699513435364,1.0044204518198967
8306,0.0481506772339344,0.19539305567741394,0.5635627508163452,0.8071064837276936
8307,0.05000333487987518,0.19740664958953857,0.5816607475280762,0.8290707319974899
8308,0.044237490743398666,0.1790672391653061,0.5204154849052429,0.7437202148139477
8309,0.05497292801737785,0.20737715065479279,0.5621057152748108,0.8244557939469814
8310,0.03990548104047775,0.15749306976795197,0.512114942073822,0.7095134928822517
8311,0.04371185600757599,0.29210761189460754,0.7014842629432678,1.0373037308454514
8312,0.03226165845990181,0.13046129047870636,0.4434170126914978,0.606139961630106
8313,0.046581827104091644,0.1694631576538086,0.49868103861808777,0.714726023375988
8314,0.05935671180486679,0.2930629849433899,0.6513450145721436,1.0037647113204002
8315,0.05310608446598053,0.18328295648097992,0.48641911149024963,0.7228081524372101
8316,0.0634731873869896,0.2703283429145813,0.7100518941879272,1.0438534244894981
8317,0.04164035990834236,0.18681037425994873,0.5304064154624939,0.758857149630785
8318,0.0359262079000473,0.16244927048683167,0.46298351883888245,0.6613589972257614
8319,0.05578593909740448,0.2850514352321625,0.6527999043464661,0.993637278676033
8320,0.04711952060461044,0.26854726672172546,0.44461536407470703,0.7602821514010429
8321,0.044918324798345566,0.1620076447725296,0.5161685943603516,0.7230945639312267
8322,0.06297013908624649,0.22391489148139954,0.5732313394546509,0.8601163700222969
8323,0.03011430613696575,0.13324016332626343,0.4899161756038666,0.6532706450670958
8324,0.048329032957553864,0.23349882662296295,0.5332029461860657,0.8150308057665825
8325,0.043423283845186234,0.1786554604768753,0.5484626889228821,0.7705414332449436
8326,0.05223540589213371,0.1959897130727768,0.5605785250663757,0.8088036440312862
8327,0.04319756105542183,0.19601263105869293,0.5741878747940063,0.8133980669081211
8328,0.04410957172513008,0.2013510912656784,0.5172573328018188,0.7627179957926273
8329,0.05931388586759567,0.24584072828292847,0.6458250284194946,0.9509796425700188
8330,0.03927874565124512,0.23044206202030182,0.7040277719497681,0.973748579621315
8331,0.0653558000922203,0.3131367862224579,0.7091984748840332,1.0876910611987114
8332,0.0530279278755188,0.17388249933719635,0.5397520661354065,0.7666624933481216
8333,0.04409386217594147,0.17719021439552307,0.5287446975708008,0.7500287741422653
8334,0.05220078304409981,0.2813078761100769,0.6348564028739929,0.9683650620281696
8335,0.04402067884802818,0.21322380006313324,0.5567439198493958,0.8139883987605572
8336,0.04618550091981888,0.20349198579788208,0.518232524394989,0.76791001111269
8337,0.06396321952342987,0.27703404426574707,0.7271137237548828,1.0681109875440598
8338,0.0426102839410305,0.1944352239370346,0.5643011331558228,0.8013466410338879
8339,0.04332416504621506,0.18068642914295197,0.5052281618118286,0.7292387560009956
8340,0.02840881608426571,0.1447143703699112,0.4111805260181427,0.5843037124723196
8341,0.06354257464408875,0.22763271629810333,0.5537906885147095,0.8449659794569016
8342,0.05555468425154686,0.21383501589298248,0.5443868637084961,0.8137765638530254
8343,0.03181182220578194,0.1303822547197342,0.381172239780426,0.5433663167059422
8344,0.054555416107177734,0.24954695999622345,0.5946720242500305,0.8987744003534317
8345,0.04894053936004639,0.23063130676746368,0.5868297815322876,0.8664016276597977
8346,0.040276288986206055,0.15788902342319489,0.4761160612106323,0.6742813736200333
8347,0.045094769448041916,0.2381797432899475,0.6532163619995117,0.9364908747375011
8348,0.06049107760190964,0.24234171211719513,0.6136354207992554,0.9164682105183601
8349,0.031230734661221504,0.10943809151649475,0.4476657211780548,0.5883345473557711
8350,0.04416462406516075,0.18511953949928284,0.5261703729629517,0.7554545365273952
8351,0.03220846876502037,0.12948663532733917,0.49066630005836487,0.6523614041507244
8352,0.04766759276390076,0.18254688382148743,0.529416561126709,0.7596310377120972
8353,0.07738123089075089,0.3385767638683319,0.7550600171089172,1.171018011868
8354,0.037038400769233704,0.14937639236450195,0.4709075391292572,0.6573223322629929
8355,0.03597799316048622,0.19863896071910858,0.5920224785804749,0.8266394324600697
8356,0.05046601966023445,0.19453249871730804,0.5464234948158264,0.7914220131933689
8357,0.04253851994872093,0.14731238782405853,0.557624876499176,0.7474757842719555
8358,0.04601592943072319,0.1727076768875122,0.46504098176956177,0.6837645880877972
8359,0.04904526099562645,0.18933117389678955,0.5454345941543579,0.7838110290467739
8360,0.05661057308316231,0.22916686534881592,0.6273274421691895,0.9131048806011677
8361,0.04721699655056,0.2513357698917389,0.6511107683181763,0.9496635347604752
8362,0.039548102766275406,0.1950341761112213,0.6133109927177429,0.8478932715952396
8363,0.045657869428396225,0.2045300304889679,0.5492169260978699,0.799404826015234
8364,0.04333698749542236,0.1993662267923355,0.581425666809082,0.8241288810968399
8365,0.06641235947608948,0.29276081919670105,0.665100634098053,1.0242738127708435
8366,0.03520382568240166,0.1502051204442978,0.5397050380706787,0.7251139841973782
8367,0.05789530649781227,0.23100899159908295,0.6274338960647583,0.9163381941616535
8368,0.047725073993206024,0.20056630671024323,0.5622241497039795,0.8105155304074287
8369,0.042019072920084,0.22205622494220734,0.6202406883239746,0.884315986186266
8370,0.04901532828807831,0.1776745617389679,0.5399304628372192,0.7666203528642654
8371,0.043387480080127716,0.15339139103889465,0.4558381736278534,0.6526170447468758
8372,0.04526562616229057,0.19723907113075256,0.6096460819244385,0.8521507792174816
8373,0.04427932947874069,0.18474721908569336,0.5690228343009949,0.7980493828654289
8374,0.06025463342666626,0.2701740860939026,0.6658928394317627,0.9963215589523315
8375,0.04373333975672722,0.17782452702522278,0.5509680509567261,0.7725259177386761
8376,0.04908914491534233,0.15943031013011932,0.5164826512336731,0.7250021062791348
8377,0.06062924116849899,0.28742992877960205,0.692855954170227,1.040915124118328
8378,0.0408024787902832,0.17735709249973297,0.5542066693305969,0.7723662406206131
8379,0.05790408328175545,0.20988096296787262,0.576187789440155,0.8439728356897831
8380,0.04459340125322342,0.21295388042926788,0.569760799407959,0.8273080810904503
8381,0.06320565938949585,0.24346670508384705,0.5916373133659363,0.8983096778392792
8382,0.04575162008404732,0.2045830488204956,0.5023473501205444,0.7526820190250874
8383,0.04421398788690567,0.19691495597362518,0.49335652589797974,0.7344854697585106
8384,0.04614948481321335,0.16650575399398804,0.4988677203655243,0.7115229591727257
8385,0.04623305797576904,0.21229735016822815,0.5664832592010498,0.825013667345047
8386,0.06403204053640366,0.25386345386505127,0.6098992228507996,0.9277947172522545
8387,0.03972094878554344,0.13279248774051666,0.48336321115493774,0.6558766476809978
8388,0.04104591906070709,0.18965093791484833,0.5500876903533936,0.780784547328949
8389,0.04887135699391365,0.24721883237361908,0.552168071269989,0.8482582606375217
8390,0.047543007880449295,0.21281342208385468,0.5481722950935364,0.8085287250578403
8391,0.03637266159057617,0.16757327318191528,0.5453708171844482,0.7493167519569397
8392,0.040771208703517914,0.18913328647613525,0.5373573899269104,0.7672618851065636
8393,0.05126877874135971,0.21430939435958862,0.5656139850616455,0.8311921581625938
8394,0.04394112527370453,0.19509512186050415,0.49146053194999695,0.7304967790842056
8395,0.05704353377223015,0.2571946680545807,0.6230495572090149,0.9372877590358257
8396,0.041722267866134644,0.17755034565925598,0.5227382183074951,0.7420108318328857
8397,0.05341199040412903,0.2257869839668274,0.6115763187408447,0.8907752931118011
8398,0.050840020179748535,0.26348549127578735,0.6413733959197998,0.9556989073753357
8399,0.04228031635284424,0.17056754231452942,0.5407174825668335,0.7535653412342072
8400,0.04916514456272125,0.2301214337348938,0.5943031907081604,0.8735897690057755
8401,0.04526135325431824,0.18003611266613007,0.5331850647926331,0.7584825307130814
8402,0.06529621034860611,0.2646583914756775,0.6583526134490967,0.9883072152733803
8403,0.050442781299352646,0.24958635866641998,0.625870406627655,0.9258995465934277
8404,0.04489251971244812,0.19435477256774902,0.5285651683807373,0.7678124606609344
8405,0.05507054924964905,0.2204912155866623,0.5511776804924011,0.8267394453287125
8406,0.03388397768139839,0.10876601189374924,0.3978763818740845,0.5405263714492321
8407,0.06247416511178017,0.2587621808052063,0.6269404888153076,0.9481768347322941
8408,0.03820507228374481,0.16903476417064667,0.5045225620269775,0.711762398481369
8409,0.05266144126653671,0.21150808036327362,0.5745041966438293,0.8386737182736397
8410,0.05711514502763748,0.2137855440378189,0.6538757085800171,0.9247763976454735
8411,0.04895472526550293,0.22384357452392578,0.5679756999015808,0.8407739996910095
8412,0.03491625934839249,0.15058329701423645,0.4712919592857361,0.656791515648365
8413,0.03462960571050644,0.15424580872058868,0.5037968754768372,0.6926722899079323
8414,0.03800021857023239,0.149563729763031,0.49560919404029846,0.6831731423735619
8415,0.062131449580192566,0.25162264704704285,0.652971625328064,0.9667257219552994
8416,0.049277372658252716,0.22532518208026886,0.5580092668533325,0.8326118215918541
8417,0.04808105528354645,0.1734471321105957,0.5399066805839539,0.761434867978096
8418,0.04732061177492142,0.2023729681968689,0.543973445892334,0.7936670258641243
8419,0.03218894824385643,0.13934549689292908,0.44178056716918945,0.613315012305975
8420,0.057810839265584946,0.2694740295410156,0.6738255023956299,1.0011103712022305
8421,0.04492818936705589,0.19501091539859772,0.5753687024116516,0.8153078071773052
8422,0.048033006489276886,0.23483726382255554,0.6426528692245483,0.9255231395363808
8423,0.04134119674563408,0.1808726191520691,0.5675802826881409,0.789794098585844
8424,0.05293068289756775,0.23222556710243225,0.6375517249107361,0.9227079749107361
8425,0.0501219816505909,0.29536500573158264,0.7182745337486267,1.0637615211308002
8426,0.06544430553913116,0.271258682012558,0.707033634185791,1.0437366217374802
8427,0.04640306904911995,0.19050121307373047,0.555328369140625,0.7922326512634754
8428,0.039664871990680695,0.1853477507829666,0.53246009349823,0.7574727162718773
8429,0.0512482225894928,0.23234091699123383,0.5444097518920898,0.8279988914728165
8430,0.047360122203826904,0.2593047022819519,0.6658748984336853,0.9725397229194641
8431,0.048848479986190796,0.2259512096643448,0.6338257193565369,0.9086254090070724
8432,0.0549490787088871,0.1940171867609024,0.5917990803718567,0.8407653458416462
8433,0.04561915993690491,0.23567909002304077,0.5826396942138672,0.8639379441738129
8434,0.03615116700530052,0.17402417957782745,0.510073721408844,0.720249067991972
8435,0.048401474952697754,0.1842622309923172,0.5850803852081299,0.8177440911531448
8436,0.05757526680827141,0.2527882754802704,0.558264970779419,0.8686285130679607
8437,0.04054490476846695,0.17209738492965698,0.5298061966896057,0.7424484863877296
8438,0.04796804115176201,0.23107050359249115,0.5844129920005798,0.863451536744833
8439,0.0483594574034214,0.2133612334728241,0.5782109498977661,0.8399316407740116
8440,0.06268096715211868,0.3010765016078949,0.7585322260856628,1.1222896948456764
8441,0.0404348261654377,0.13323716819286346,0.39244890213012695,0.5661208964884281
8442,0.046924836933612823,0.19436170160770416,0.5340811014175415,0.7753676399588585
8443,0.04672557860612869,0.2012990117073059,0.5135784149169922,0.7616030052304268
8444,0.038886088877916336,0.16832953691482544,0.4515555500984192,0.658771175891161
8445,0.0539998933672905,0.27317148447036743,0.6048217415809631,0.9319931194186211
8446,0.05792054906487465,0.3183475732803345,0.7159869074821472,1.0922550298273563
8447,0.05449526384472847,0.25279396772384644,0.6485881805419922,0.9558774121105671
8448,0.06617116928100586,0.27944284677505493,0.6273206472396851,0.9729346632957458
8449,0.038620736449956894,0.15884746611118317,0.4709644019603729,0.668432604521513
8450,0.03754783049225807,0.15709200501441956,0.5107146501541138,0.7053544856607914
8451,0.059411581605672836,0.19880183041095734,0.5509927868843079,0.809206198900938
8452,0.04254622757434845,0.19881802797317505,0.5564306378364563,0.7977948933839798
8453,0.05273647978901863,0.2575080692768097,0.6388017535209656,0.9490463025867939
8454,0.0453273169696331,0.2637995481491089,0.6387731432914734,0.9479000084102154
8455,0.0660109892487526,0.3113037049770355,0.6693289279937744,1.0466436222195625
8456,0.044812142848968506,0.19462428987026215,0.5027260780334473,0.7421625107526779
8457,0.035689711570739746,0.1440895050764084,0.4151214063167572,0.5949006229639053
8458,0.04620995372533798,0.1690210998058319,0.46247467398643494,0.6777057275176048
8459,0.038934651762247086,0.16466490924358368,0.527225136756897,0.7308246977627277
8460,0.030681053176522255,0.12408693879842758,0.49049171805381775,0.6452597100287676
8461,0.052507609128952026,0.18327653408050537,0.5133703351020813,0.7491544783115387
8462,0.06642765551805496,0.28885552287101746,0.648247480392456,1.0035306587815285
8463,0.048053305596113205,0.1946852207183838,0.5635437369346619,0.8062822632491589
8464,0.04986579716205597,0.19689559936523438,0.581656813621521,0.8284182101488113
8465,0.044076334685087204,0.1784546673297882,0.5204022526741028,0.7429332546889782
8466,0.05485398694872856,0.20684604346752167,0.5620986819267273,0.8237987123429775
8467,0.039789751172065735,0.1568927764892578,0.5121059417724609,0.7087884694337845
8468,0.04361642897129059,0.2912224531173706,0.7014626860618591,1.0363015681505203
8469,0.03219527751207352,0.12985603511333466,0.4434036612510681,0.6054549738764763
8470,0.046532951295375824,0.16891911625862122,0.4986743927001953,0.7141264602541924
8471,0.05923275277018547,0.29242056608200073,0.6513240933418274,1.0029774121940136
8472,0.053036756813526154,0.18284010887145996,0.486401230096817,0.7222780957818031
8473,0.06335332244634628,0.26963356137275696,0.7100327610969543,1.0430196449160576
8474,0.04158582538366318,0.18621794879436493,0.530389130115509,0.7581929042935371
8475,0.03589422255754471,0.16202495992183685,0.4629696309566498,0.6608888134360313
8476,0.05571820214390755,0.28448355197906494,0.6527858376502991,0.9929875917732716
8477,0.04701042175292969,0.2681044042110443,0.4446096420288086,0.7597244679927826
8478,0.044816624373197556,0.16154803335666656,0.5161601901054382,0.7225248478353024
8479,0.06292752921581268,0.22325938940048218,0.5732049345970154,0.8593918532133102
8480,0.030064312741160393,0.13288728892803192,0.4899103343486786,0.6528619360178709
8481,0.048236627131700516,0.2329770028591156,0.5331853032112122,0.8143989332020283
8482,0.04336779564619064,0.1782279908657074,0.5484490990638733,0.7700448855757713
8483,0.05216052383184433,0.19544410705566406,0.5605633854866028,0.8081680163741112
8484,0.043094877153635025,0.19554178416728973,0.5741722583770752,0.812808919698
8485,0.04406191408634186,0.20082080364227295,0.517246663570404,0.7621293812990189
8486,0.05918692797422409,0.24506662786006927,0.6458033323287964,0.9500568881630898
8487,0.039170946925878525,0.22979038953781128,0.7040234208106995,0.9729847572743893
8488,0.06527024507522583,0.31259509921073914,0.709190309047699,1.087055653333664
8489,0.05298944562673569,0.17345505952835083,0.5397371649742126,0.7661816701292992
8490,0.04406796768307686,0.17676198482513428,0.5287361145019531,0.7495660670101643
8491,0.052111610770225525,0.2807445228099823,0.6348364353179932,0.967692568898201
8492,0.043971315026283264,0.21268491446971893,0.5567242503166199,0.8133804798126221
8493,0.04614926129579544,0.20296302437782288,0.5182257294654846,0.7673380151391029
8494,0.06387195736169815,0.27643585205078125,0.7271023392677307,1.0674101486802101
8495,0.04256416857242584,0.193979874253273,0.5642887949943542,0.8008328378200531
8496,0.04326733946800232,0.180271714925766,0.5052273869514465,0.7287664413452148
8497,0.028352776542305946,0.1443755030632019,0.4111672341823578,0.5838955137878656
8498,0.06346526741981506,0.22729723155498505,0.5537877678871155,0.8445502668619156
8499,0.05547815188765526,0.21348190307617188,0.5443704128265381,0.8133304677903652
8500,0.031774550676345825,0.1300969123840332,0.3811635375022888,0.5430350005626678
8501,0.05450800061225891,0.24912641942501068,0.5946775078773499,0.8983119279146194
8502,0.048905931413173676,0.2301710993051529,0.5868210196495056,0.8658980503678322
8503,0.040233153849840164,0.15741725265979767,0.47611016035079956,0.6737605668604374
8504,0.04503002017736435,0.23763103783130646,0.6532036662101746,0.9358647242188454
8505,0.06036657094955444,0.24185210466384888,0.6136196255683899,0.9158383011817932
8506,0.031129036098718643,0.10906078666448593,0.4476649761199951,0.5878547988831997
8507,0.044085923582315445,0.18453918397426605,0.5261580348014832,0.7547831423580647
8508,0.03214220702648163,0.12899598479270935,0.4906476140022278,0.6517858058214188
8509,0.04755113273859024,0.18208712339401245,0.5294116139411926,0.7590498700737953
8510,0.07723136246204376,0.33788251876831055,0.7550318837165833,1.1701457649469376
8511,0.03703130781650543,0.1489407867193222,0.4708970785140991,0.6568691730499268
8512,0.03593739494681358,0.19802714884281158,0.592009425163269,0.8259739689528942
8513,0.05038870871067047,0.19416186213493347,0.546413242816925,0.790963813662529
8514,0.042468179017305374,0.14674371480941772,0.557610273361206,0.7468221671879292
8515,0.04596414044499397,0.17230619490146637,0.46502530574798584,0.6832956410944462
8516,0.04902951419353485,0.18883155286312103,0.5454188585281372,0.7832799255847931
8517,0.05656228959560394,0.22864718735218048,0.6273128986358643,0.9125223755836487
8518,0.047139234840869904,0.25091788172721863,0.6511021256446838,0.9491592422127724
8519,0.03948989138007164,0.19461531937122345,0.6132968068122864,0.8474020175635815
8520,0.04564931243658066,0.2041178196668625,0.5492033362388611,0.7989704683423042
8521,0.043324489146471024,0.19905748963356018,0.5814186334609985,0.8238006122410297
8522,0.06641001999378204,0.29238224029541016,0.6650877594947815,1.0238800197839737
8523,0.03518150374293327,0.14980600774288177,0.5396947264671326,0.7246822379529476
8524,0.05785663425922394,0.2306216061115265,0.6274287104606628,0.9159069508314133
8525,0.04765886813402176,0.20016323029994965,0.5622056722640991,0.8100277706980705
8526,0.041956543922424316,0.22157606482505798,0.6202372908592224,0.8837698996067047
8527,0.04897801950573921,0.1773087978363037,0.5399266481399536,0.7662134654819965
8528,0.04334898293018341,0.15306557714939117,0.4558265209197998,0.6522410809993744
8529,0.0452040359377861,0.19688881933689117,0.6096352934837341,0.8517281487584114
8530,0.044227082282304764,0.1843823492527008,0.5690116882324219,0.7976211197674274
8531,0.06017911434173584,0.2697707414627075,0.6658768653869629,0.9958267211914062
8532,0.04369950294494629,0.17753006517887115,0.5509638786315918,0.7721934467554092
8533,0.04906552657485008,0.159101203083992,0.5164791345596313,0.7246458642184734
8534,0.060535360127687454,0.2870314121246338,0.6928394436836243,1.0404062159359455
8535,0.040771596133708954,0.17710109055042267,0.5542017817497253,0.772074468433857
8536,0.057895172387361526,0.20948851108551025,0.5761796832084656,0.8435633666813374
8537,0.044587600976228714,0.21259915828704834,0.5697539448738098,0.8269407041370869
8538,0.06313472241163254,0.24327625334262848,0.5916339755058289,0.8980449512600899
8539,0.04572518542408943,0.2043585479259491,0.5023349523544312,0.7524186857044697
8540,0.04424797371029854,0.1966271549463272,0.4933564066886902,0.7342315353453159
8541,0.04612860456109047,0.166241854429245,0.49886155128479004,0.7112320102751255
8542,0.046221327036619186,0.21201275289058685,0.5664832592010498,0.8247173391282558
8543,0.06401991099119186,0.25359734892845154,0.609887957572937,0.9275052174925804
8544,0.03973136469721794,0.13258904218673706,0.4833565950393677,0.6556770019233227
8545,0.04103630781173706,0.18946126103401184,0.5500756502151489,0.7805732190608978
8546,0.048871397972106934,0.2469768077135086,0.5521537065505981,0.8480019122362137
8547,0.047555968165397644,0.21260961890220642,0.5481640100479126,0.8083295971155167
8548,0.03637142851948738,0.16730567812919617,0.5453639626502991,0.7490410692989826
8549,0.040778495371341705,0.1888461410999298,0.5373489856719971,0.7669736221432686
8550,0.051225725561380386,0.21404406428337097,0.5656061172485352,0.8308759070932865
8551,0.043913014233112335,0.19493867456912994,0.4914538860321045,0.7303055748343468
8552,0.05702878162264824,0.25689083337783813,0.6230362057685852,0.9369558207690716
8553,0.04167596250772476,0.1773293912410736,0.5227285623550415,0.7417339161038399
8554,0.05343298614025116,0.225517138838768,0.6115697026252747,0.8905198276042938
8555,0.05081159248948097,0.2631520628929138,0.6413652300834656,0.9553288854658604
8556,0.04225768893957138,0.1703285574913025,0.5407054424285889,0.7532916888594627
8557,0.04912782460451126,0.22987587749958038,0.5942948460578918,0.8732985481619835
8558,0.045241646468639374,0.17976775765419006,0.5331801772117615,0.7581895813345909
8559,0.06525329500436783,0.26432493329048157,0.6583465933799744,0.9879248216748238
8560,0.05040469765663147,0.24931193888187408,0.6258645057678223,0.9255811423063278
8561,0.04485619440674782,0.19407959282398224,0.5285570025444031,0.7674927897751331
8562,0.05505231395363808,0.22021661698818207,0.5511703491210938,0.8264392800629139
8563,0.03388543799519539,0.10858185589313507,0.39787429571151733,0.5403415895998478
8564,0.06242835894227028,0.2584872841835022,0.6269335746765137,0.9478492178022861
8565,0.03816840052604675,0.16880649328231812,0.5045164227485657,0.7114913165569305
8566,0.05262202396988869,0.21123720705509186,0.5744895339012146,0.8383487649261951
8567,0.05705954134464264,0.2135426253080368,0.6538659334182739,0.9244681000709534
8568,0.048891812562942505,0.22358208894729614,0.5679683089256287,0.8404422104358673
8569,0.03487356752157211,0.1503685861825943,0.4712844491004944,0.6565266028046608
8570,0.03460019826889038,0.15390153229236603,0.503788948059082,0.6922906786203384
8571,0.03795222193002701,0.14930780231952667,0.4955988824367523,0.682858906686306
8572,0.062053803354501724,0.25124022364616394,0.6529667973518372,0.9662608243525028
8573,0.04922711104154587,0.2249564677476883,0.5579970479011536,0.8321806266903877
8574,0.048037245869636536,0.17308646440505981,0.5398987531661987,0.7610224634408951
8575,0.047260038554668427,0.20201992988586426,0.5439615845680237,0.7932415530085564
8576,0.03212200105190277,0.13892798125743866,0.4417742192745209,0.6128242015838623
8577,0.05768284574151039,0.2689616084098816,0.6738186478614807,1.0004631020128727
8578,0.044888369739055634,0.1946803480386734,0.575361430644989,0.814930148422718
8579,0.047947581857442856,0.23441579937934875,0.6426423192024231,0.9250057004392147
8580,0.04130382090806961,0.18059729039669037,0.5675705671310425,0.7894716784358025
8581,0.05287051200866699,0.23177573084831238,0.6375359892845154,0.9221822321414948
8582,0.05008481442928314,0.2948732376098633,0.7182614207267761,1.0632194727659225
8583,0.06537473201751709,0.2707512676715851,0.7070235013961792,1.0431495010852814
8584,0.04637058451771736,0.19014732539653778,0.5553150177001953,0.7918329276144505
8585,0.03959616646170616,0.18500760197639465,0.5324478149414062,0.7570515833795071
8586,0.05118211358785629,0.23194238543510437,0.5443965196609497,0.8275210186839104
8587,0.047279052436351776,0.25879421830177307,0.6658626794815063,0.9719359502196312
8588,0.04877324402332306,0.2254297435283661,0.6338143944740295,0.9080173820257187
8589,0.05484512448310852,0.1935286521911621,0.5917866230010986,0.8401603996753693
8590,0.04556760564446449,0.23533017933368683,0.5826314091682434,0.8635291941463947
8591,0.03607504814863205,0.17373384535312653,0.5100557804107666,0.7198646739125252
8592,0.04832712933421135,0.18387584388256073,0.5850687026977539,0.817271675914526
8593,0.05747661739587784,0.25245827436447144,0.5582475662231445,0.8681824579834938
8594,0.040442172437906265,0.17170707881450653,0.5297959446907043,0.7419451959431171
8595,0.047888077795505524,0.2307121902704239,0.5844042897224426,0.863004557788372
8596,0.04828963428735733,0.21288622915744781,0.5781959891319275,0.8393718525767326
8597,0.0626351609826088,0.30051809549331665,0.7585164308547974,1.1216696873307228
8598,0.04036732017993927,0.13291634619235992,0.3924406170845032,0.5657242834568024
8599,0.046830445528030396,0.19389186799526215,0.5340664386749268,0.7747887521982193
8600,0.04666909947991371,0.20084474980831146,0.513566255569458,0.7610801048576832
8601,0.03886057063937187,0.16797541081905365,0.4515472948551178,0.6583832763135433
8602,0.053936224430799484,0.2726491391658783,0.6048161387443542,0.931401502341032
8603,0.05784119293093681,0.31775742769241333,0.7159731388092041,1.0915717594325542
8604,0.05445074290037155,0.25223472714424133,0.6485745310783386,0.9552600011229515
8605,0.06604354828596115,0.27892765402793884,0.627310037612915,0.972281239926815
8606,0.038572877645492554,0.15849784016609192,0.4709514081478119,0.6680221259593964
8607,0.03747907280921936,0.15667644143104553,0.5107075572013855,0.7048630714416504
8608,0.059262633323669434,0.1983857899904251,0.550980806350708,0.8086292296648026
8609,0.042434897273778915,0.19834688305854797,0.5564125776290894,0.7971943579614162
8610,0.05260677635669708,0.25701695680618286,0.6387820243835449,0.9484057575464249
8611,0.045206449925899506,0.2632633149623871,0.6387544274330139,0.9472241923213005
8612,0.06592440605163574,0.310709148645401,0.6693125367164612,1.045946091413498
8613,0.044722020626068115,0.19423870742321014,0.5027171969413757,0.741677924990654
8614,0.035607703030109406,0.14376525580883026,0.4151092767715454,0.5944822356104851
8615,0.046120535582304,0.16865570843219757,0.46246737241744995,0.6772436164319515
8616,0.03884085267782211,0.1641857773065567,0.5272080898284912,0.73023471981287
8617,0.03059285879135132,0.12367519736289978,0.4904802739620209,0.644748330116272
8618,0.0523875467479229,0.18282781541347504,0.5133494138717651,0.7485647760331631
8619,0.06630749255418777,0.28829702734947205,0.6482273936271667,1.0028319135308266
8620,0.047974906861782074,0.19412456452846527,0.5635247826576233,0.8056242540478706
8621,0.049768730998039246,0.19645653665065765,0.5816503167152405,0.8278755843639374
8622,0.04397036135196686,0.1779772788286209,0.5203897953033447,0.7423374354839325
8623,0.05477379634976387,0.20645511150360107,0.5620908141136169,0.8233197219669819
8624,0.03971419110894203,0.15648597478866577,0.5120973587036133,0.7082975246012211
8625,0.04354517161846161,0.290615975856781,0.7014443874359131,1.0356055349111557
8626,0.032142557203769684,0.12946805357933044,0.4433945119380951,0.6050051227211952
8627,0.04649154096841812,0.16854259371757507,0.4986683428287506,0.7137024775147438
8628,0.05914955958724022,0.2919483184814453,0.6513068675994873,1.0024047456681728
8629,0.05298003926873207,0.18251924216747284,0.4863874018192291,0.721886683255434
8630,0.06326930969953537,0.269143283367157,0.7100169062614441,1.0424294993281364
8631,0.04154181852936745,0.18582922220230103,0.5303776264190674,0.7577486671507359
8632,0.03585098311305046,0.161712184548378,0.46295809745788574,0.6605212651193142
8633,0.05566778779029846,0.2840501368045807,0.6527740955352783,0.9924920201301575
8634,0.04695044457912445,0.2677842676639557,0.44460082054138184,0.759335532784462
8635,0.04475398361682892,0.16122564673423767,0.5161522626876831,0.7221318930387497
8636,0.06288904696702957,0.22281312942504883,0.5731865167617798,0.8588886931538582
8637,0.030025746673345566,0.13261467218399048,0.4899062216281891,0.6525466404855251
8638,0.04816320538520813,0.23258501291275024,0.5331719517707825,0.8139201700687408
8639,0.04332416132092476,0.17790012061595917,0.5484386086463928,0.7696628905832767
8640,0.052101366221904755,0.19500629603862762,0.5605523586273193,0.8076600208878517
8641,0.043032094836235046,0.19517283141613007,0.574159562587738,0.8123644888401031
8642,0.044022224843502045,0.20043158531188965,0.5172390937805176,0.7616929039359093
8643,0.059106357395648956,0.24448458850383759,0.6457881331443787,0.9493790790438652
8644,0.039102476090192795,0.22928303480148315,0.7040193676948547,0.9724048785865307
8645,0.06519854813814163,0.31213197112083435,0.7091806530952454,1.0865111723542213
8646,0.052946485579013824,0.1730886995792389,0.5397279262542725,0.7657631114125252
8647,0.04404275491833687,0.1764119565486908,0.5287290215492249,0.7491837330162525
8648,0.0520484484732151,0.28031104803085327,0.6348204612731934,0.9671799577772617
8649,0.04392269626259804,0.21226215362548828,0.5567105412483215,0.8128953911364079
8650,0.04611123725771904,0.20255029201507568,0.5182203054428101,0.7668818347156048
8651,0.06380335241556168,0.2758793830871582,0.7270928621292114,1.0667755976319313
8652,0.04252765700221062,0.19363819062709808,0.5642789006233215,0.8004447482526302
8653,0.04322480037808418,0.17990945279598236,0.505226731300354,0.7283609844744205
8654,0.02831164374947548,0.14411213994026184,0.41115686297416687,0.5835806466639042
8655,0.06341420859098434,0.22702503204345703,0.5537843108177185,0.8442235514521599
8656,0.05541585385799408,0.21316753327846527,0.544357419013977,0.8129408061504364
8657,0.0317390151321888,0.12986400723457336,0.3811565637588501,0.5427595861256123
8658,0.054455142468214035,0.24877311289310455,0.5946769714355469,0.8979052267968655
8659,0.04886815696954727,0.22980673611164093,0.5868093371391296,0.8654842302203178
8660,0.04018962010741234,0.15704472362995148,0.476104736328125,0.6733390800654888
8661,0.04497790336608887,0.2372029721736908,0.653188169002533,0.9353690445423126
8662,0.060277074575424194,0.24139802157878876,0.6136043667793274,0.9152794629335403
8663,0.031056448817253113,0.10874969512224197,0.44766220450401306,0.5874683484435081
8664,0.04402992129325867,0.18409064412117004,0.5261459350585938,0.7542665004730225
8665,0.03209025785326958,0.12860864400863647,0.4906335771083832,0.6513324789702892
8666,0.0474654957652092,0.18172627687454224,0.5294064283370972,0.7585982009768486
8667,0.07713013887405396,0.33734288811683655,0.7550144791603088,1.1694875061511993
8668,0.03700993210077286,0.14859941601753235,0.4708874821662903,0.6564968302845955
8669,0.035899244248867035,0.19753102958202362,0.5919989943504333,0.825429268181324
8670,0.050328902900218964,0.1938346028327942,0.5464069843292236,0.7905704900622368
8671,0.04240917041897774,0.14626887440681458,0.5575946569442749,0.7462727017700672
8672,0.0459151454269886,0.17194898426532745,0.4650128185749054,0.6828769482672215
8673,0.049007151275873184,0.18839940428733826,0.5454062819480896,0.782812837511301
8674,0.05651810020208359,0.22818058729171753,0.6272993087768555,0.9119979962706566
8675,0.04707681015133858,0.2505287230014801,0.6510925889015198,0.9486981220543385
8676,0.03944547474384308,0.19426113367080688,0.6132841110229492,0.8469907194375992
8677,0.045634593814611435,0.20373469591140747,0.5491926670074463,0.7985619567334652
8678,0.04330243915319443,0.19878758490085602,0.5814129710197449,0.8235029950737953
8679,0.06637303531169891,0.2920234799385071,0.6650782227516174,1.0234747380018234
8680,0.035155002027750015,0.14947591722011566,0.5396844744682312,0.7243153937160969
8681,0.05783156305551529,0.23028267920017242,0.6274229288101196,0.9155371710658073
8682,0.04760194569826126,0.1997833251953125,0.5621916651725769,0.8095769360661507
8683,0.04190549999475479,0.22114671766757965,0.6202311515808105,0.883283369243145
8684,0.04894295707345009,0.1769714057445526,0.5399238467216492,0.7658382095396519
8685,0.04331163316965103,0.15272948145866394,0.4558173716068268,0.6518584862351418
8686,0.0451519601047039,0.19653263688087463,0.6096247434616089,0.8513093404471874
8687,0.04419379681348801,0.18403977155685425,0.5690010190010071,0.7972345873713493
8688,0.060125961899757385,0.2693672478199005,0.6658626794815063,0.9953558892011642
8689,0.043667376041412354,0.17720599472522736,0.5509583353996277,0.7718317061662674
8690,0.04903753101825714,0.15881049633026123,0.5164746046066284,0.7243226319551468
8691,0.06046127900481224,0.28667151927948,0.6928241848945618,1.039956983178854
8692,0.040742162615060806,0.17682741582393646,0.5541946291923523,0.7717642076313496
8693,0.057864803820848465,0.20912139117717743,0.576170027256012,0.8431562222540379
8694,0.0445665568113327,0.21227237582206726,0.5697473287582397,0.8265862613916397
8695,0.06307545304298401,0.2430538535118103,0.5916295051574707,0.897758811712265
8696,0.04568697512149811,0.20408469438552856,0.502323567867279,0.7520952373743057
8697,0.04424572363495827,0.1963357925415039,0.4933546483516693,0.7339361645281315
8698,0.046092864125967026,0.16596506536006927,0.4988539218902588,0.7109118513762951
8699,0.04619428887963295,0.2116963267326355,0.5664776563644409,0.8243682719767094
8700,0.06398774683475494,0.2533188462257385,0.6098775863647461,0.9271841794252396
8701,0.0397145114839077,0.13236059248447418,0.48334988951683044,0.6554249934852123
8702,0.04101088270545006,0.18924060463905334,0.5500665903091431,0.7803180776536465
8703,0.048851851373910904,0.24669674038887024,0.5521426200866699,0.8476912118494511
8704,0.047534141689538956,0.2123454362154007,0.5481544733047485,0.8080340512096882
8705,0.036344971507787704,0.1670219749212265,0.5453553199768066,0.7487222664058208
8706,0.0407528430223465,0.1885378062725067,0.5373401045799255,0.7666307538747787
8707,0.05117277428507805,0.21373946964740753,0.5655955672264099,0.8305078111588955
8708,0.043875426054000854,0.1947317272424698,0.4914446473121643,0.730051800608635
8709,0.05700204521417618,0.2565545439720154,0.6230264902114868,0.9365830793976784
8710,0.041625652462244034,0.17704850435256958,0.5227200388908386,0.7413941957056522
8711,0.05342596024274826,0.22518889605998993,0.6115594506263733,0.8901743069291115
8712,0.05077797546982765,0.2627963423728943,0.6413562893867493,0.9549306072294712
8713,0.04222709313035011,0.17003968358039856,0.5406963229179382,0.7529630996286869
8714,0.049089521169662476,0.22955389320850372,0.5942869782447815,0.8729303926229477
8715,0.0452142059803009,0.17947623133659363,0.5331724286079407,0.7578628659248352
8716,0.06519646942615509,0.26399675011634827,0.6583375930786133,0.9875308126211166
8717,0.0503629669547081,0.24903616309165955,0.6258587837219238,0.9252579137682915
8718,0.044822756201028824,0.19375908374786377,0.5285506248474121,0.7671324647963047
8719,0.05502396076917648,0.21991483867168427,0.5511602163314819,0.8260990157723427
8720,0.03386824578046799,0.10833054780960083,0.39787009358406067,0.5400688871741295
8721,0.06238516420125961,0.25817012786865234,0.626926064491272,0.9474813565611839
8722,0.03813053295016289,0.16852891445159912,0.5045105218887329,0.7111699692904949
8723,0.052579618990421295,0.21091848611831665,0.5744749307632446,0.8379730358719826
8724,0.05699651688337326,0.2132495790719986,0.6538541913032532,0.924100287258625
8725,0.048838600516319275,0.2232704758644104,0.5679619312286377,0.8400710076093674
8726,0.034832973033189774,0.1501174122095108,0.47127842903137207,0.6562288142740726
8727,0.03456190600991249,0.15354567766189575,0.5037819743156433,0.6918895579874516
8728,0.03790009021759033,0.1490328162908554,0.49558988213539124,0.682522788643837
8729,0.06197844818234444,0.2508539855480194,0.6529627442359924,0.9657951779663563
8730,0.04917622357606888,0.2245563119649887,0.5579835772514343,0.8317161127924919
8731,0.0479792021214962,0.1727321743965149,0.5398898124694824,0.7606011889874935
8732,0.047209326177835464,0.20166970789432526,0.5439485907554626,0.7928276248276234
8733,0.03206290677189827,0.13854427635669708,0.44176915287971497,0.6123763360083103
8734,0.05758468806743622,0.2684895694255829,0.6738100051879883,0.9998842626810074
8735,0.0448402501642704,0.1943323016166687,0.5753535032272339,0.814526055008173
8736,0.04786985367536545,0.23400656878948212,0.642631471157074,0.9245078936219215
8737,0.04125397279858589,0.18033452332019806,0.567561149597168,0.7891496457159519
8738,0.05279471352696419,0.2313440591096878,0.6375232338905334,0.9216620065271854
8739,0.05003883317112923,0.2944020926952362,0.7182478904724121,1.0626888163387775
8740,0.06529776006937027,0.27026882767677307,0.7070146799087524,1.0425812676548958
8741,0.046326570212841034,0.18979540467262268,0.555302619934082,0.7914245948195457
8742,0.039535392075777054,0.1846720576286316,0.5324357748031616,0.7566432245075703
8743,0.05113030597567558,0.23156322538852692,0.5443831086158752,0.8270766399800777
8744,0.04720892012119293,0.25832638144493103,0.6658504605293274,0.9713857620954514
8745,0.04871078580617905,0.22499212622642517,0.6338052749633789,0.9075081869959831
8746,0.05476534366607666,0.19309104979038239,0.5917758941650391,0.8396322876214981
8747,0.04551966115832329,0.23497578501701355,0.5826237797737122,0.863119225949049
8748,0.0360180102288723,0.17344196140766144,0.5100396275520325,0.7194995991885662
8749,0.04825950413942337,0.18350841104984283,0.585058867931366,0.8168267831206322
8750,0.05739407241344452,0.2521420121192932,0.5582308173179626,0.8677669018507004
8751,0.040361590683460236,0.1713387668132782,0.5297864079475403,0.7414867654442787
8752,0.04782477021217346,0.23035940527915955,0.5843946933746338,0.8625788688659668
8753,0.04822099581360817,0.21243496239185333,0.5781837105751038,0.8388396687805653
8754,0.06259269267320633,0.299964040517807,0.7585007548332214,1.1210574880242348
8755,0.04030589759349823,0.1325833797454834,0.39243263006210327,0.5653219074010849
8756,0.04675260931253433,0.19344833493232727,0.5340551733970642,0.7742561176419258
8757,0.04661373421549797,0.2004106044769287,0.5135570764541626,0.7605814151465893
8758,0.038828130811452866,0.16765382885932922,0.45153945684432983,0.6580214165151119
8759,0.05387445539236069,0.27215278148651123,0.6048089265823364,0.9308361634612083
8760,0.05777764692902565,0.31722673773765564,0.7159592509269714,1.0909636355936527
8761,0.05441209673881531,0.2517191767692566,0.6485621333122253,0.9546934068202972
8762,0.06593677401542664,0.2784619629383087,0.6273009181022644,0.9716996550559998
8763,0.03852919116616249,0.15817753970623016,0.4709412157535553,0.667647946625948
8764,0.037420980632305145,0.1562969833612442,0.510700523853302,0.7044184878468513
8765,0.059144869446754456,0.19799333810806274,0.5509707927703857,0.8081090003252029
8766,0.042345959693193436,0.19791896641254425,0.5563963055610657,0.7966612316668034
8767,0.052505284547805786,0.2566014528274536,0.6387653946876526,0.947872132062912
8768,0.04511970281600952,0.2627878487110138,0.6387383937835693,0.9466459453105927
8769,0.06584858894348145,0.3101940155029297,0.6692958474159241,1.0453384518623352
8770,0.04465474560856819,0.19387227296829224,0.502708375453949,0.7412353940308094
8771,0.03554188460111618,0.14347343146800995,0.41509810090065,0.5941134169697762
8772,0.04605114087462425,0.1683294028043747,0.4624600410461426,0.6768405847251415
8773,0.0387662798166275,0.16377365589141846,0.5271932482719421,0.7297331839799881
8774,0.030520256608724594,0.123319111764431,0.4904705584049225,0.6443099267780781
8775,0.05229100212454796,0.18242980539798737,0.5133310556411743,0.7480518631637096
8776,0.06620821356773376,0.28779110312461853,0.6482085585594177,1.00220787525177
8777,0.04790724068880081,0.19363100826740265,0.5635080337524414,0.8050462827086449
8778,0.04969115927815437,0.19606727361679077,0.5816441774368286,0.8274026103317738
8779,0.04388713464140892,0.1775469183921814,0.5203777551651001,0.7418118081986904
8780,0.05470734089612961,0.20609284937381744,0.562083899974823,0.82288409024477
8781,0.03965258598327637,0.1561289280653,0.5120881199836731,0.7078696340322495
8782,0.0434887669980526,0.29008784890174866,0.7014269828796387,1.03500359877944
8783,0.03209696710109711,0.12912259995937347,0.44338807463645935,0.6046076416969299
8784,0.04645508527755737,0.16819164156913757,0.498663067817688,0.7133097946643829
8785,0.05908265709877014,0.29152992367744446,0.6512917876243591,1.0019043684005737
8786,0.0529261976480484,0.18222007155418396,0.48637497425079346,0.7215212434530258
8787,0.06320319324731827,0.26870593428611755,0.7100003957748413,1.0419095233082771
8788,0.04150436073541641,0.1855023354291916,0.5303660035133362,0.7573726996779442
8789,0.03580738976597786,0.16144944727420807,0.4629487097263336,0.6602055467665195
8790,0.05562290549278259,0.28364649415016174,0.6527633666992188,0.9920327663421631
8791,0.04690353199839592,0.26748305559158325,0.4445914328098297,0.7589780203998089
8792,0.044703252613544464,0.16092199087142944,0.5161458253860474,0.7217710688710213
8793,0.06285000592470169,0.2224229872226715,0.5731726884841919,0.8584456816315651
8794,0.029990999028086662,0.13234466314315796,0.48990243673324585,0.6522380989044905
8795,0.04809592664241791,0.23224766552448273,0.5331604480743408,0.8135040402412415
8796,0.04328688606619835,0.1775830090045929,0.5484288334846497,0.7692987285554409
8797,0.05204053595662117,0.19462484121322632,0.5605432391166687,0.8072086162865162
8798,0.04298248887062073,0.19481900334358215,0.5741474032402039,0.8119488954544067
8799,0.04398307949304581,0.20008635520935059,0.5172309875488281,0.7613004222512245
8800,0.05903913825750351,0.24396681785583496,0.6457758545875549,0.9487818107008934
8801,0.039048146456480026,0.22884757816791534,0.7040134072303772,0.9719091318547726
8802,0.06512966752052307,0.31171074509620667,0.7091720104217529,1.0860124230384827
8803,0.05290013179183006,0.1727512776851654,0.5397205948829651,0.7653720043599606
8804,0.04401608183979988,0.17609359323978424,0.5287220478057861,0.7488317228853703
8805,0.051991965621709824,0.2799108326435089,0.634807288646698,0.9667100869119167
8806,0.04387505725026131,0.21186934411525726,0.5566982626914978,0.8124426640570164
8807,0.046072278171777725,0.20217736065387726,0.5182139873504639,0.7664636261761189
8808,0.06374303996562958,0.2753569781780243,0.7270829081535339,1.0661829262971878
8809,0.042488884180784225,0.19329719245433807,0.5642708539962769,0.8000569306313992
8810,0.04318666085600853,0.17955678701400757,0.5052254796028137,0.7279689274728298
8811,0.028273828327655792,0.1438581794500351,0.41114747524261475,0.5832794830203056
8812,0.06337158381938934,0.22675417363643646,0.5537806153297424,0.8439063727855682
8813,0.055359430611133575,0.21283984184265137,0.5443456172943115,0.8125448897480965
8814,0.03170643001794815,0.12965133786201477,0.3811497688293457,0.5425075367093086
8815,0.054401203989982605,0.24843205511569977,0.5946750640869141,0.8975083231925964
8816,0.0488283708691597,0.2294575423002243,0.586797833442688,0.865083746612072
8817,0.040141914039850235,0.15671218931674957,0.47609901428222656,0.6729531176388264
8818,0.04493211209774017,0.2368207573890686,0.6531761884689331,0.9349290579557419
8819,0.06020357459783554,0.24098245799541473,0.6135895848274231,0.9147756174206734
8820,0.030991004779934883,0.10847212374210358,0.44765862822532654,0.587121756747365
8821,0.04397929459810257,0.18370027840137482,0.5261348485946655,0.7538144215941429
8822,0.03204655274748802,0.12825334072113037,0.490621954202652,0.6509218476712704
8823,0.04739416390657425,0.1814010888338089,0.5294007062911987,0.7581959590315819
8824,0.07704995572566986,0.3368462920188904,0.754998505115509,1.1688947528600693
8825,0.0369846448302269,0.1482878029346466,0.47087961435317993,0.6561520621180534
8826,0.03586142882704735,0.19705963134765625,0.5919910669326782,0.8249121271073818
8827,0.050276320427656174,0.19352805614471436,0.5464010834693909,0.7902054600417614
8828,0.04235219955444336,0.14583764970302582,0.5575796961784363,0.7457695454359055
8829,0.04586340859532356,0.17159700393676758,0.46500128507614136,0.6824616976082325
8830,0.04897744953632355,0.18795731663703918,0.5453941822052002,0.7823289483785629
8831,0.05647197738289833,0.22772881388664246,0.6272859573364258,0.9114867486059666
8832,0.04701979085803032,0.25015896558761597,0.6510818600654602,0.9482606165111065
8833,0.03940565511584282,0.19391469657421112,0.6132717132568359,0.8465920649468899
8834,0.04561208561062813,0.2033885270357132,0.5491822957992554,0.7981829084455967
8835,0.043275367468595505,0.19853448867797852,0.5814067721366882,0.8232166282832623
8836,0.06631909310817719,0.2916816771030426,0.6650692224502563,1.0230699926614761
8837,0.03512343764305115,0.14919348061084747,0.5396748781204224,0.723991796374321
8838,0.05780516192317009,0.2299661934375763,0.6274176836013794,0.9151890389621258
8839,0.04754677042365074,0.19943411648273468,0.5621788501739502,0.8091597370803356
8840,0.041859935969114304,0.2207491397857666,0.6202237010002136,0.8828327767550945
8841,0.048909157514572144,0.1766577512025833,0.539921224117279,0.7654881328344345
8842,0.04327625781297684,0.15241050720214844,0.45580917596817017,0.6514959409832954
8843,0.04510435461997986,0.19618001580238342,0.609614908695221,0.8508992791175842
8844,0.04416760429739952,0.18370749056339264,0.56899094581604,0.7968660406768322
8845,0.06007760763168335,0.2689632177352905,0.6658502221107483,0.9948910474777222
8846,0.04363536834716797,0.17688003182411194,0.5509517788887024,0.7714671790599823
8847,0.049006808549165726,0.15852996706962585,0.5164700150489807,0.7240067906677723
8848,0.06039748340845108,0.2863403558731079,0.6928114295005798,1.0395492687821388
8849,0.04071348160505295,0.17654059827327728,0.5541864633560181,0.7714405432343483
8850,0.05782780796289444,0.2087930589914322,0.5761604309082031,0.8427812978625298
8851,0.0445377342402935,0.2119789719581604,0.5697408318519592,0.8262575380504131
8852,0.0630202665925026,0.242836132645607,0.5916236042976379,0.8974800035357475
8853,0.045646507292985916,0.20381952822208405,0.502311646938324,0.7517776824533939
8854,0.04423082247376442,0.19608432054519653,0.4933517575263977,0.7336669005453587
8855,0.046050235629081726,0.16569556295871735,0.4988449513912201,0.7105907499790192
8856,0.04616165906190872,0.21138626337051392,0.5664715766906738,0.8240194991230965
8857,0.06394559890031815,0.2530665993690491,0.6098676323890686,0.9268798306584358
8858,0.03968945890665054,0.13213792443275452,0.48334410786628723,0.6551714912056923
8859,0.040979739278554916,0.18902704119682312,0.5500598549842834,0.7800666354596615
8860,0.048822637647390366,0.2464234083890915,0.552133321762085,0.8473793677985668
8861,0.04749937728047371,0.21207380294799805,0.5481451153755188,0.8077182956039906
8862,0.03630995377898216,0.16675005853176117,0.5453472137451172,0.7484072260558605
8863,0.04071486368775368,0.1882331222295761,0.5373313426971436,0.7662793286144733
8864,0.05112162604928017,0.21342629194259644,0.5655843019485474,0.830132219940424
8865,0.04383091628551483,0.19450750946998596,0.4914357364177704,0.7297741621732712
8866,0.05697008594870567,0.25623589754104614,0.623018205165863,0.9362241886556149
8867,0.04157190024852753,0.1767585128545761,0.522711992263794,0.7410424053668976
8868,0.05340636894106865,0.22484225034713745,0.6115492582321167,0.8897978775203228
8869,0.0507410392165184,0.26245781779289246,0.64134681224823,0.9545456692576408
8870,0.04219311848282814,0.16975589096546173,0.5406882762908936,0.7526372857391834
8871,0.049049489200115204,0.2292335033416748,0.5942788124084473,0.8725618049502373
8872,0.04518365487456322,0.1791975498199463,0.5331626534461975,0.757543858140707
8873,0.06513457000255585,0.2636801302433014,0.6583271622657776,0.9871418625116348
8874,0.05031995102763176,0.24875278770923615,0.6258513331413269,0.9249240718781948
8875,0.0447905957698822,0.19344034790992737,0.5285418033599854,0.7667727470397949
8876,0.05499487742781639,0.21960575878620148,0.5511494874954224,0.8257501237094402
8877,0.03384625166654587,0.10807115584611893,0.3978653848171234,0.5397827923297882
8878,0.062340863049030304,0.25785404443740845,0.6269200444221497,0.9471149519085884
8879,0.03809332102537155,0.1682448536157608,0.504504382610321,0.7108425572514534
8880,0.05253787711262703,0.2105952650308609,0.5744621753692627,0.8375953175127506
8881,0.05693265050649643,0.21294689178466797,0.6538407206535339,0.9237202629446983
8882,0.048789169639348984,0.2229473739862442,0.5679556727409363,0.8396922163665295
8883,0.0347939133644104,0.149860218167305,0.4712732434272766,0.655927374958992
8884,0.03452149033546448,0.15320153534412384,0.5037751197814941,0.6914981454610825
8885,0.03784755617380142,0.1487649828195572,0.4955824017524719,0.6821949407458305
8886,0.06190788373351097,0.2504720389842987,0.6529580354690552,0.9653379581868649
8887,0.04912661761045456,0.22417113184928894,0.5579708814620972,0.8312686309218407
8888,0.04791770130395889,0.17236772179603577,0.5398803949356079,0.7601658180356026
8889,0.047163572162389755,0.20130708813667297,0.5439348816871643,0.792405541986227
8890,0.032007329165935516,0.13817591965198517,0.4417648911476135,0.6119481399655342
8891,0.057505056262016296,0.2680111825466156,0.6738014817237854,0.9993177205324173
8892,0.04478735476732254,0.19396917521953583,0.575344443321228,0.8141009733080864
8893,0.047798432409763336,0.2335975468158722,0.6426217555999756,0.9240177348256111
8894,0.041203826665878296,0.18006888031959534,0.5675523281097412,0.7888250350952148
8895,0.0527174174785614,0.23091723024845123,0.6375102400779724,0.921144887804985
8896,0.04999319463968277,0.2939263880252838,0.7182345390319824,1.062154121696949
8897,0.0652262344956398,0.2697892487049103,0.7070039510726929,1.042019434273243
8898,0.04628125950694084,0.18943199515342712,0.5552905201911926,0.7910037748515606
8899,0.03947887197136879,0.184332475066185,0.5324251055717468,0.7562364526093006
8900,0.0510832816362381,0.23118481040000916,0.5443717837333679,0.8266398757696152
8901,0.04714665189385414,0.257860004901886,0.6658379435539246,0.9708446003496647
8902,0.048654865473508835,0.22457095980644226,0.6337951421737671,0.9070209674537182
8903,0.05469344183802605,0.19268715381622314,0.591765820980072,0.8391464166343212
8904,0.04547196254134178,0.2346302717924118,0.5826160907745361,0.8627183251082897
8905,0.035969581454992294,0.1731511801481247,0.5100249648094177,0.7191457264125347
8906,0.04819614440202713,0.183150514960289,0.5850492715835571,0.8163959309458733
8907,0.05732150748372078,0.2518249452114105,0.5582170486450195,0.8673635013401508
8908,0.04029110446572304,0.1710050106048584,0.529777467250824,0.7410735823214054
8909,0.04777008295059204,0.2300250381231308,0.5843825340270996,0.8621776551008224
8910,0.04815243184566498,0.21202398836612701,0.5781716108322144,0.8383480310440063
8911,0.06254735589027405,0.29943037033081055,0.7584843039512634,1.120462030172348
8912,0.04024773836135864,0.1322631984949112,0.3924241364002228,0.5649350732564926
8913,0.04668167605996132,0.1930345743894577,0.5340454578399658,0.7737617082893848
8914,0.04656118527054787,0.2000165581703186,0.5135465264320374,0.7601242698729038
8915,0.03879319131374359,0.16735021770000458,0.4515320360660553,0.6576754450798035
8916,0.053818296641111374,0.2717038094997406,0.6048004031181335,0.9303225092589855
8917,0.057719580829143524,0.3167390823364258,0.7159463763237,1.0904050394892693
8918,0.05437512695789337,0.2512347996234894,0.6485511064529419,0.9541610330343246
8919,0.06584282219409943,0.2780243754386902,0.6272914409637451,0.9711586385965347
8920,0.03848910331726074,0.15786220133304596,0.470931738615036,0.6672830432653427
8921,0.03737004101276398,0.15594471991062164,0.5106931328773499,0.7040078938007355
8922,0.059045448899269104,0.19760720431804657,0.5509623289108276,0.8076149821281433
8923,0.04227150231599808,0.1975117325782776,0.55638188123703,0.7961651161313057
8924,0.052416231483221054,0.25620704889297485,0.6387507319450378,0.9473740123212337
8925,0.04504766687750816,0.2623288333415985,0.6387237310409546,0.9461002312600613
8926,0.06577950716018677,0.3097040355205536,0.6692802906036377,1.044763833284378
8927,0.044596463441848755,0.1935170739889145,0.5026994347572327,0.7408129721879959
8928,0.03548272326588631,0.1431891918182373,0.415088415145874,0.5937603302299976
8929,0.04598982632160187,0.16801413893699646,0.46245303750038147,0.6764570027589798
8930,0.03869631513953209,0.16337060928344727,0.5271776914596558,0.7292446158826351
8931,0.03045446239411831,0.12299318611621857,0.49046146869659424,0.6439091172069311
8932,0.05220552161335945,0.182065948843956,0.513314425945282,0.7475858964025974
8933,0.0661175400018692,0.2872984707355499,0.6481921076774597,1.0016081184148788
8934,0.047845516353845596,0.19319221377372742,0.5634915828704834,0.8045293129980564
8935,0.04962196946144104,0.19569933414459229,0.5816377997398376,0.826959103345871
8936,0.04381442070007324,0.17714399099349976,0.5203654170036316,0.7413238286972046
8937,0.054647643119096756,0.2057509571313858,0.562076985836029,0.8224755860865116
8938,0.039598867297172546,0.1557975709438324,0.5120800137519836,0.7074764519929886
8939,0.04343799129128456,0.28959962725639343,0.7014117240905762,1.0344493426382542
8940,0.03205442056059837,0.12879915535449982,0.44338181614875793,0.6042353920638561
8941,0.046420853585004807,0.16787555813789368,0.49865809082984924,0.7129545025527477
8942,0.0590229332447052,0.2911461293697357,0.6512773633003235,1.0014464259147644
8943,0.05287870392203331,0.18193858861923218,0.4863644242286682,0.7211817167699337
8944,0.06314405053853989,0.26830342411994934,0.709985077381134,1.0414325520396233
8945,0.04146774858236313,0.1852123886346817,0.5303560495376587,0.7570361867547035
8946,0.035764507949352264,0.1612052470445633,0.4629392921924591,0.6599090471863747
8947,0.05557848885655403,0.2832762598991394,0.6527531147003174,0.9916078634560108
8948,0.046862341463565826,0.2672043442726135,0.44458305835723877,0.7586497440934181
8949,0.04465867578983307,0.16064323484897614,0.51613849401474,0.7214404046535492
8950,0.06280989199876785,0.22206807136535645,0.573159396648407,0.8580373600125313
8951,0.029959261417388916,0.13208550214767456,0.4898985028266907,0.6519432663917542
8952,0.04803250730037689,0.2319302260875702,0.5331493616104126,0.8131120949983597
8953,0.04325104504823685,0.1772884875535965,0.5484189987182617,0.7689585313200951
8954,0.05198126286268234,0.1942787617444992,0.5605350732803345,0.806795097887516
8955,0.04293902590870857,0.19450479745864868,0.5741352438926697,0.8115790672600269
8956,0.04394364729523659,0.19977761805057526,0.5172231197357178,0.7609443850815296
8957,0.05897587537765503,0.24351276457309723,0.6457658410072327,0.9482544809579849
8958,0.0390007309615612,0.22845301032066345,0.7040069699287415,0.9714607112109661
8959,0.06506306678056717,0.3113238215446472,0.7091646194458008,1.0855515077710152
8960,0.05285607650876045,0.17244814336299896,0.5397145748138428,0.7650187946856022
8961,0.04398784413933754,0.17581871151924133,0.5287156105041504,0.7485221661627293
8962,0.051941897720098495,0.27956750988960266,0.6347935795783997,0.9663029871881008
8963,0.043828755617141724,0.21150974929332733,0.5566866397857666,0.8120251446962357
8964,0.04603278636932373,0.20185090601444244,0.5182091593742371,0.7660928517580032
8965,0.06368497014045715,0.2748850882053375,0.7270729541778564,1.0656430125236511
8966,0.04245028644800186,0.19299167394638062,0.5642637014389038,0.7997056618332863
8967,0.04314977675676346,0.17924101650714874,0.5052242875099182,0.7276150807738304
8968,0.028240883722901344,0.14361420273780823,0.411140501499176,0.5829955879598856
8969,0.06333337724208832,0.22650012373924255,0.5537760853767395,0.8436095863580704
8970,0.05530950054526329,0.2125283032655716,0.5443347692489624,0.8121725730597973
8971,0.031672678887844086,0.12944529950618744,0.3811429440975189,0.5422609224915504
8972,0.054350756108760834,0.24810107052326202,0.5946712493896484,0.8971230760216713
8973,0.04878651350736618,0.22911472618579865,0.5867867469787598,0.8646879866719246
8974,0.04009607806801796,0.15638576447963715,0.47609251737594604,0.6725743599236012
8975,0.04488521069288254,0.2364608645439148,0.6531611084938049,0.9345071837306023
8976,0.06013251096010208,0.24056293070316315,0.6135725378990173,0.9142679795622826
8977,0.030935831367969513,0.10819601267576218,0.4476546049118042,0.5867864489555359
8978,0.043932147324085236,0.18332551419734955,0.5261235237121582,0.753381185233593
8979,0.03200688585639,0.12789811193943024,0.4906100630760193,0.6505150608718395
8980,0.04733020067214966,0.18107730150222778,0.5293955206871033,0.7578030228614807
8981,0.07697787880897522,0.3363807797431946,0.7549844980239868,1.1683431565761566
8982,0.03695711866021156,0.14800035953521729,0.47087278962135315,0.655830267816782
8983,0.03582561016082764,0.1966196447610855,0.5919848084449768,0.82443006336689
8984,0.05022907629609108,0.1932430863380432,0.5463971495628357,0.78986931219697
8985,0.04229629412293434,0.14544495940208435,0.5575662851333618,0.7453075386583805
8986,0.04580981284379959,0.1712912768125534,0.4649908244609833,0.6820919141173363
8987,0.0489472933113575,0.1875484138727188,0.5453841090202332,0.7818798162043095
8988,0.05642565339803696,0.22731643915176392,0.6272743940353394,0.9110164865851402
8989,0.04696550592780113,0.24981114268302917,0.6510722637176514,0.9478489123284817
8990,0.03936681151390076,0.19358211755752563,0.6132612228393555,0.8462101519107819
8991,0.04558591917157173,0.20307770371437073,0.5491728186607361,0.7978364415466785
8992,0.04324544966220856,0.19829203188419342,0.5814007520675659,0.8229382336139679
8993,0.06625035405158997,0.29134660959243774,0.6650610566139221,1.0226580202579498
8994,0.0350915752351284,0.1489303708076477,0.5396668910980225,0.7236888371407986
8995,0.057772647589445114,0.22966042160987854,0.6274118423461914,0.9148449115455151
8996,0.04749196395277977,0.19910521805286407,0.5621680617332458,0.8087652437388897
8997,0.041816215962171555,0.22038546204566956,0.6202163100242615,0.8824179880321026
8998,0.04887361079454422,0.17636005580425262,0.5399180054664612,0.765151672065258
8999,0.0432378426194191,0.15210963785648346,0.4558012783527374,0.65114875882864
